amount,transaction_time_hour,transaction_frequency_24h,merchant_category,location_risk_score,device_risk_score,distance_from_prev_km,prev_amount_ratio,account_age_days,failed_transactions_24h,is_international,is_online,is_fraud
31.59,11,2,travel,0.281,0.06,8.2,1.01,2489,0,0,1,0
73.17,8,1,gas_transport,0.116,0.39,1.2,0.89,3093,0,0,0,0
11.41,8,2,clothing,0.106,0.038,13.0,1.23,2728,0,1,0,0
154.16,9,2,dining,0.082,0.049,5.0,0.95,2877,0,0,0,0
97.57,9,4,entertainment,0.02,0.067,1.7,1.26,3025,0,0,0,0
32.11,21,1,travel,0.132,0.038,1.1,0.74,1401,0,0,1,0
5.0,15,1,entertainment,0.133,0.5,26.5,1.43,3325,0,0,0,0
34.42,13,3,electronics,0.341,0.151,38.3,1.06,794,0,0,1,0
63.02,18,2,entertainment,0.111,0.125,9.8,1.34,2385,1,0,0,0
40.36,15,1,grocery,0.331,0.225,30.2,0.87,2985,0,0,1,0
68.3,12,1,electronics,0.292,0.093,1.5,0.72,2076,0,0,1,0
46.43,12,4,grocery,0.188,0.079,5.4,0.87,522,0,0,1,0
34.58,22,4,health_beauty,0.1,0.495,11.9,1.32,1081,0,0,0,0
64.44,14,1,dining,0.151,0.174,4.1,0.92,3212,1,0,0,0
17.63,6,3,dining,0.01,0.078,46.5,0.91,3324,0,0,1,0
155.74,13,4,grocery,0.036,0.028,16.7,0.76,2938,0,0,1,0
133.28,0,1,health_beauty,0.061,0.127,14.8,0.99,1802,0,0,1,0
97.16,16,1,grocery,0.403,0.092,26.1,1.1,981,0,0,1,0
26.89,8,2,electronics,0.233,0.296,0.6,0.87,1616,1,0,1,0
36.39,11,1,health_beauty,0.053,0.036,4.0,0.92,1895,0,0,0,0
53.73,20,1,grocery,0.072,0.089,4.8,1.58,2222,0,0,0,0
82.53,7,3,dining,0.06,0.098,18.4,0.81,2892,0,0,1,0
44.19,13,3,electronics,0.063,0.107,14.2,0.9,2027,1,0,1,0
91.24,16,1,retail,0.165,0.176,8.7,0.72,2351,0,0,1,0
24.46,19,2,gas_transport,0.173,0.076,4.5,1.18,2049,0,0,1,0
24.49,14,1,entertainment,0.017,0.189,16.2,0.76,2349,0,0,0,0
52.11,13,3,grocery,0.102,0.196,1.8,1.27,3228,0,0,1,0
220.0,16,2,gas_transport,0.166,0.413,1.3,1.03,1950,0,0,1,0
42.65,13,2,utilities,0.095,0.486,34.5,1.19,1530,0,0,1,0
89.63,1,1,entertainment,0.027,0.377,12.0,0.81,1350,0,0,0,0
103.3,8,2,grocery,0.095,0.356,4.7,0.67,1662,0,0,1,0
27.49,16,1,grocery,0.043,0.354,5.9,0.73,2598,0,0,1,0
17.18,15,4,utilities,0.276,0.065,7.7,0.89,1523,0,0,1,0
16.51,10,2,grocery,0.03,0.335,1.9,1.02,1258,0,0,0,0
37.63,10,3,grocery,0.045,0.01,4.0,1.6,847,0,0,0,0
91.66,19,2,dining,0.022,0.197,2.0,0.87,437,0,0,1,0
112.1,15,1,gas_transport,0.292,0.375,17.9,0.71,1650,0,0,0,0
92.13,16,2,electronics,0.05,0.147,15.2,0.98,2387,0,0,0,0
120.0,5,7,clothing,0.79,0.869,15.0,3.23,126,2,1,1,1
59.64,16,2,dining,0.238,0.089,13.4,0.97,3004,0,0,1,0
28.39,16,4,grocery,0.035,0.074,8.2,0.96,912,0,0,1,0
18.13,10,6,clothing,0.045,0.123,20.1,1.09,1514,1,0,1,0
25.6,23,4,grocery,0.113,0.201,5.4,1.09,1085,1,0,1,0
96.18,15,3,dining,0.078,0.33,2.8,0.67,192,0,0,1,0
218.48,9,2,dining,0.055,0.051,18.5,1.19,3435,0,0,1,0
1899.21,3,10,electronics,0.99,0.519,85.6,5.07,355,2,1,1,1
56.69,8,2,retail,0.092,0.235,16.5,1.23,3470,0,0,0,0
34.06,11,1,grocery,0.107,0.12,9.1,1.04,411,0,0,1,0
200.52,13,1,electronics,0.212,0.299,8.1,0.96,1200,0,0,0,0
68.72,10,1,dining,0.119,0.142,8.4,1.4,2176,0,0,1,0
42.89,14,1,gas_transport,0.137,0.091,17.4,0.66,1391,0,1,0,0
12.29,13,3,dining,0.01,0.079,4.3,0.98,3395,0,0,1,0
5.0,17,4,grocery,0.198,0.185,14.6,1.34,2981,0,0,0,0
667.88,4,8,gas_transport,0.552,0.498,651.4,4.93,22,3,1,1,1
129.49,9,3,gas_transport,0.088,0.122,18.0,1.07,1761,0,0,0,0
72.36,10,2,grocery,0.05,0.259,4.1,0.94,2719,0,0,0,0
89.47,10,2,gas_transport,0.247,0.072,2.0,1.19,3347,0,0,1,0
420.35,16,2,retail,0.363,0.266,19.3,0.91,1904,0,0,0,0
244.18,2,4,electronics,0.815,0.463,716.4,8.9,118,1,0,1,1
298.9,22,13,entertainment,0.836,0.372,256.4,5.57,484,0,1,1,1
10.02,23,2,gas_transport,0.124,0.191,3.1,0.59,2953,0,0,1,0
93.16,10,3,health_beauty,0.202,0.029,17.9,0.95,3343,0,0,1,0
105.5,13,4,grocery,0.131,0.301,6.8,0.81,3198,0,0,1,0
60.16,12,4,entertainment,0.025,0.058,10.0,0.66,3545,0,0,1,0
13.9,12,2,travel,0.088,0.193,12.6,0.86,873,0,0,1,0
14.04,13,1,dining,0.127,0.163,12.3,1.08,2375,1,0,1,0
155.11,11,1,grocery,0.01,0.09,8.5,0.68,3542,0,0,1,0
72.42,7,1,gas_transport,0.184,0.147,7.4,1.32,1799,0,1,1,0
164.21,13,3,gas_transport,0.146,0.085,14.4,0.72,3595,0,0,0,0
49.23,20,2,utilities,0.102,0.3,7.8,0.79,572,0,0,0,0
140.77,18,3,utilities,0.362,0.125,6.4,0.56,2935,0,0,1,0
21.56,16,2,grocery,0.343,0.5,0.8,1.4,3542,0,0,1,0
45.51,8,1,grocery,0.092,0.172,11.6,1.09,897,0,0,1,0
96.83,15,3,grocery,0.221,0.253,6.6,0.99,996,0,0,1,0
169.73,11,2,clothing,0.133,0.133,20.8,1.29,1285,0,0,0,0
39.07,13,1,clothing,0.118,0.222,5.4,1.08,2347,0,0,0,0
18.66,12,1,grocery,0.097,0.1,11.9,0.68,1306,0,0,0,0
12.43,10,1,electronics,0.053,0.12,5.0,0.69,1875,0,0,0,0
30.69,10,1,grocery,0.23,0.124,30.8,1.26,1322,0,0,1,0
31.52,22,3,grocery,0.015,0.313,2.6,1.08,1023,0,0,1,0
1665.14,23,9,travel,0.598,0.553,591.8,3.05,17,0,1,1,1
52.21,7,1,gas_transport,0.242,0.084,1.8,1.02,857,0,0,0,0
25.97,8,1,dining,0.05,0.224,1.7,0.79,1109,0,0,1,0
73.97,17,1,health_beauty,0.168,0.189,9.1,0.96,839,0,0,1,0
139.05,15,2,clothing,0.028,0.201,33.8,1.39,1947,0,0,1,0
49.38,14,1,dining,0.02,0.422,14.6,1.18,2165,0,0,0,0
137.37,13,1,retail,0.039,0.246,13.3,0.87,930,0,0,1,0
22.85,14,2,clothing,0.106,0.288,14.6,1.14,1519,0,0,1,0
20.81,15,3,grocery,0.102,0.161,9.8,0.37,3458,0,0,1,0
57.62,6,5,grocery,0.394,0.236,7.3,1.5,2857,0,0,0,0
49.79,16,2,clothing,0.045,0.155,6.5,0.41,234,0,0,1,0
27.0,7,2,grocery,0.387,0.106,3.0,1.01,3386,2,1,1,0
1557.73,22,12,travel,0.919,0.739,1753.3,8.25,195,2,1,1,1
211.63,3,2,gas_transport,0.055,0.228,16.7,1.3,2571,0,0,1,0
20.87,18,2,grocery,0.125,0.277,3.5,1.02,961,0,0,1,0
21.31,12,1,gas_transport,0.177,0.325,2.7,0.82,1272,0,0,0,0
114.14,12,2,travel,0.02,0.172,10.9,0.87,1374,0,0,1,0
120.0,4,4,clothing,0.72,0.93,98.1,7.03,86,4,1,1,1
48.24,12,4,gas_transport,0.141,0.136,9.1,1.22,991,0,0,1,0
62.76,18,4,gas_transport,0.068,0.099,21.0,1.47,3156,0,0,1,0
10.8,15,1,retail,0.194,0.159,14.7,1.43,2446,0,0,1,0
10.79,19,1,grocery,0.111,0.321,5.1,0.85,2918,0,0,1,0
358.29,7,1,electronics,0.224,0.141,13.3,0.94,3358,0,0,1,0
601.94,13,10,travel,0.888,0.844,204.8,5.32,90,4,0,1,1
74.85,17,4,dining,0.131,0.028,5.3,1.58,2334,0,0,1,0
18.54,1,1,gas_transport,0.121,0.06,4.5,1.31,1927,0,0,1,0
223.16,16,10,clothing,0.72,0.776,1332.5,4.2,25,4,0,0,1
8.66,15,3,clothing,0.023,0.102,3.9,0.71,2593,0,0,1,0
136.5,7,1,health_beauty,0.02,0.321,24.1,0.57,2019,0,0,0,0
69.45,2,1,dining,0.185,0.102,22.4,0.47,1225,0,0,1,0
27.72,11,6,dining,0.042,0.139,9.7,0.86,3441,0,0,0,0
46.41,1,1,retail,0.035,0.078,25.2,0.69,2246,0,0,0,0
10.23,22,5,electronics,0.088,0.216,2.6,0.94,431,0,0,1,0
25.92,14,3,health_beauty,0.042,0.308,0.1,1.14,1689,0,0,1,0
88.05,10,1,retail,0.01,0.314,10.2,1.01,3413,0,0,1,0
268.91,13,3,electronics,0.897,0.752,646.3,5.81,121,3,0,1,1
32.56,15,1,dining,0.259,0.202,4.8,1.0,1279,0,0,0,0
140.74,9,1,grocery,0.066,0.283,9.8,1.6,3219,0,0,1,0
44.31,3,5,retail,0.01,0.302,43.4,0.6,1316,0,0,1,0
144.59,16,3,grocery,0.162,0.017,4.2,1.37,1125,0,0,1,0
43.59,14,2,gas_transport,0.03,0.052,28.2,1.69,1607,0,0,0,0
58.61,15,1,electronics,0.036,0.278,1.7,0.97,2763,0,0,0,0
512.85,4,11,entertainment,0.465,0.86,646.8,7.29,212,1,1,1,1
25.03,3,1,dining,0.142,0.235,2.9,1.43,3575,0,0,1,0
49.34,22,1,grocery,0.043,0.206,2.5,0.89,2370,0,0,0,0
3620.74,5,8,grocery,0.4,0.728,876.1,2.23,40,2,0,1,1
14.21,6,1,electronics,0.172,0.466,9.5,1.18,1524,0,0,1,0
45.21,5,1,gas_transport,0.215,0.122,13.8,1.61,2382,0,0,0,0
9.5,11,2,gas_transport,0.147,0.179,15.0,1.31,745,0,0,1,0
122.74,15,2,gas_transport,0.037,0.06,14.0,1.08,340,0,0,0,0
49.31,13,3,gas_transport,0.158,0.108,17.8,1.12,1605,0,0,0,0
41.4,3,3,retail,0.146,0.136,27.3,0.4,378,0,0,0,0
100.31,12,1,dining,0.298,0.194,16.3,1.2,397,0,0,1,0
115.42,10,5,dining,0.344,0.295,7.4,0.86,3124,0,0,1,0
180.76,14,1,dining,0.134,0.095,9.9,1.19,2313,0,0,0,0
7.59,6,1,dining,0.094,0.078,2.0,1.54,1906,0,0,0,0
20.98,7,2,grocery,0.01,0.5,25.0,0.93,500,0,1,1,0
91.48,12,2,clothing,0.073,0.169,2.7,1.25,3255,0,0,0,0
28.62,3,1,grocery,0.13,0.129,25.0,1.46,263,0,0,1,0
54.57,14,1,dining,0.1,0.179,6.5,0.62,3023,0,0,0,0
48.16,9,1,electronics,0.028,0.11,7.1,0.7,3570,0,0,1,0
178.26,19,6,clothing,0.746,0.812,678.8,6.1,58,0,0,1,1
46.44,9,3,grocery,0.08,0.087,3.6,1.89,868,0,0,0,0
14.38,21,1,clothing,0.017,0.137,9.2,1.17,3514,0,1,1,0
17.28,16,3,grocery,0.177,0.32,19.6,1.55,1171,0,0,0,0
50.13,5,4,clothing,0.153,0.017,50.5,0.74,1774,0,0,0,0
695.85,5,10,electronics,0.808,0.35,1415.8,6.6,371,3,0,1,1
37.85,10,1,gas_transport,0.14,0.071,2.2,0.73,2696,0,1,1,0
25.47,11,1,dining,0.1,0.185,1.2,0.91,2395,0,0,0,0
170.22,11,1,travel,0.07,0.099,7.3,0.66,1731,0,0,0,0
213.43,14,7,travel,0.532,0.864,518.4,3.14,142,1,1,1,1
10.26,4,4,dining,0.077,0.225,4.5,1.11,994,0,0,0,0
29.26,3,3,electronics,0.105,0.247,6.0,0.84,2228,0,0,0,0
153.59,15,1,grocery,0.096,0.275,8.1,0.92,1159,0,0,1,0
9.24,13,1,entertainment,0.371,0.109,3.2,0.25,3284,0,0,0,0
32.76,14,1,dining,0.313,0.01,0.5,0.5,3124,0,0,1,0
48.3,13,2,grocery,0.152,0.123,1.1,0.98,1146,0,0,1,0
28.58,11,1,grocery,0.236,0.106,31.4,0.55,373,0,0,0,0
131.31,13,1,clothing,0.112,0.023,42.5,0.65,1611,0,0,0,0
34.75,9,1,electronics,0.082,0.408,3.8,1.22,1756,0,0,1,0
40.7,14,2,clothing,0.104,0.144,2.3,0.97,1700,0,0,0,0
11.89,11,2,grocery,0.246,0.251,5.6,0.87,380,0,0,0,0
43.8,10,4,gas_transport,0.043,0.052,18.9,1.24,3269,0,0,1,0
124.31,20,2,grocery,0.15,0.207,8.3,0.47,3371,0,0,0,0
120.0,2,8,electronics,0.792,0.656,973.5,3.59,78,2,0,1,1
26.94,6,1,clothing,0.087,0.316,14.9,0.66,3267,0,0,1,0
10.86,9,1,gas_transport,0.058,0.053,1.4,0.98,1890,0,0,0,0
12.8,15,1,dining,0.057,0.043,1.7,1.48,3348,0,0,0,0
175.55,17,9,travel,0.622,0.655,560.0,1.8,162,4,1,0,1
54.86,8,2,utilities,0.095,0.304,5.7,0.75,2514,0,0,0,0
14.87,20,1,grocery,0.046,0.271,10.8,1.1,1189,0,1,1,0
13.2,21,3,dining,0.147,0.11,24.8,0.99,3367,0,0,1,0
19.3,18,1,grocery,0.01,0.248,3.7,1.38,3483,0,0,1,0
42.24,16,1,dining,0.06,0.307,0.1,0.91,2315,0,1,0,0
16.98,18,1,retail,0.139,0.248,6.1,0.99,417,0,0,1,0
32.0,15,5,gas_transport,0.45,0.027,0.1,0.85,1607,0,0,1,0
61.98,9,2,gas_transport,0.109,0.01,0.9,0.94,1310,0,0,0,0
37.41,4,1,travel,0.394,0.27,3.8,1.02,1348,0,0,1,0
151.83,17,3,entertainment,0.025,0.146,70.2,0.72,590,0,0,1,0
37.04,13,3,gas_transport,0.13,0.082,18.2,1.35,2273,0,0,1,0
29.61,0,1,dining,0.291,0.142,5.6,1.16,2931,1,0,1,0
20.28,17,2,retail,0.102,0.207,0.8,1.18,913,0,0,1,0
145.06,11,4,electronics,0.166,0.027,5.7,1.01,1583,0,0,0,0
128.24,7,1,electronics,0.209,0.351,37.2,0.96,3031,0,0,0,0
18.36,13,3,grocery,0.157,0.25,60.0,1.24,1088,1,0,0,0
61.38,22,3,grocery,0.139,0.344,4.4,1.03,2467,1,0,0,0
42.5,12,1,electronics,0.104,0.055,0.6,1.13,2803,1,0,0,0
261.84,6,12,clothing,0.641,0.683,326.7,11.64,98,3,0,1,1
110.43,12,2,health_beauty,0.45,0.293,6.7,0.5,2719,0,0,0,0
38.83,7,7,dining,0.45,0.113,10.1,1.36,876,0,0,0,0
49.34,20,2,grocery,0.191,0.178,9.9,1.11,209,0,0,0,0
268.47,12,1,gas_transport,0.236,0.084,1.3,1.26,1496,0,0,0,0
61.9,18,1,retail,0.125,0.236,7.7,0.5,2884,0,0,0,0
159.75,17,3,dining,0.161,0.192,4.8,0.89,3229,0,1,0,0
14.72,7,1,dining,0.167,0.307,7.5,1.04,2428,0,1,1,0
95.57,20,2,grocery,0.333,0.104,19.2,1.04,2786,1,1,0,0
38.66,17,2,dining,0.032,0.235,3.0,0.83,1347,0,0,0,0
147.25,11,1,clothing,0.072,0.325,14.3,1.2,2446,0,0,1,0
27.9,15,3,utilities,0.121,0.078,36.0,0.91,3063,2,0,1,0
15.89,15,2,grocery,0.011,0.247,20.3,1.01,1258,0,0,0,0
56.79,6,3,gas_transport,0.057,0.02,4.0,0.96,337,0,0,1,0
80.59,15,1,entertainment,0.112,0.201,2.0,0.98,202,0,0,1,0
16.52,13,4,clothing,0.087,0.368,3.5,1.41,452,0,0,1,0
65.24,18,2,grocery,0.089,0.077,0.9,0.8,2507,0,0,1,0
88.71,14,1,grocery,0.038,0.448,0.8,1.1,2694,0,0,0,0
93.76,11,1,clothing,0.069,0.07,4.9,0.94,3016,0,1,1,0
20.33,10,1,gas_transport,0.043,0.127,11.2,0.78,2314,0,0,1,0
114.87,11,1,retail,0.22,0.46,7.0,0.96,1805,0,0,0,0
31.35,19,1,health_beauty,0.088,0.297,1.6,0.38,1735,0,0,1,0
53.16,10,2,electronics,0.035,0.113,46.6,0.83,3205,0,0,1,0
52.86,19,1,health_beauty,0.304,0.179,1.8,1.41,3014,0,0,0,0
34.23,18,4,clothing,0.051,0.097,1.4,1.28,2394,0,0,1,0
65.0,11,1,retail,0.113,0.138,4.1,1.17,2002,0,0,0,0
77.13,14,2,dining,0.023,0.078,0.4,0.92,1135,0,0,1,0
31.53,7,3,grocery,0.107,0.445,14.4,1.15,1655,0,0,1,0
206.26,10,1,entertainment,0.06,0.112,28.5,0.98,543,0,0,1,0
41.15,12,2,utilities,0.102,0.5,4.8,0.79,1647,0,0,1,0
58.7,11,3,utilities,0.024,0.292,3.2,1.03,2564,0,0,0,0
10.53,18,2,clothing,0.053,0.305,13.1,0.75,2822,0,0,0,0
41.98,14,1,clothing,0.184,0.286,18.0,1.21,1493,0,0,0,0
32.83,16,5,electronics,0.067,0.137,1.3,1.18,2216,0,0,0,0
7.02,6,1,retail,0.03,0.354,15.4,0.71,1688,0,0,0,0
126.05,13,1,grocery,0.15,0.305,2.2,1.28,584,0,0,1,0
28.81,20,3,grocery,0.021,0.185,15.0,1.31,2061,0,0,1,0
48.95,10,1,gas_transport,0.182,0.298,2.8,0.76,1278,0,0,0,0
94.3,12,2,grocery,0.101,0.069,5.2,1.12,2077,0,0,1,0
41.73,6,1,clothing,0.024,0.258,4.6,1.13,3160,0,0,0,0
78.07,15,4,retail,0.061,0.15,5.6,0.8,742,0,0,0,0
614.67,19,6,electronics,0.932,0.831,119.5,3.86,373,4,0,1,1
51.91,3,1,gas_transport,0.269,0.122,24.1,0.92,1410,0,0,1,0
136.77,17,1,electronics,0.19,0.035,1.8,1.19,2832,0,0,1,0
91.58,15,1,gas_transport,0.182,0.147,8.5,0.88,2923,0,0,1,0
105.38,8,1,dining,0.109,0.058,1.8,1.16,2335,0,0,1,0
94.11,16,1,travel,0.06,0.244,11.6,1.42,1430,1,1,0,0
23.64,13,3,dining,0.079,0.015,4.3,0.86,1273,0,0,1,0
37.29,16,1,gas_transport,0.103,0.126,4.4,1.24,2201,0,0,0,0
36.68,14,4,travel,0.01,0.364,87.5,1.12,1135,0,0,0,0
21.32,5,1,entertainment,0.136,0.085,3.1,0.6,3268,0,0,0,0
79.23,14,1,retail,0.101,0.175,11.0,0.96,408,0,0,1,0
101.92,8,1,grocery,0.088,0.043,19.5,0.75,529,1,0,1,0
67.82,11,1,gas_transport,0.084,0.182,28.0,1.28,999,0,0,0,0
34.59,16,1,grocery,0.032,0.018,2.3,0.84,1114,0,0,1,0
283.14,1,10,electronics,0.672,0.878,461.2,6.35,546,1,1,1,1
27.68,19,3,gas_transport,0.042,0.103,4.5,1.03,1428,0,0,1,0
57.82,13,2,gas_transport,0.097,0.036,12.5,0.73,1671,0,0,1,0
20.71,17,1,entertainment,0.021,0.099,0.2,1.13,2715,0,0,1,0
115.29,12,1,entertainment,0.222,0.218,21.3,0.77,2567,2,0,1,0
80.46,13,2,gas_transport,0.043,0.245,2.0,0.82,627,0,0,0,0
36.46,6,1,travel,0.026,0.146,0.3,0.81,3240,0,0,0,0
30.14,11,1,grocery,0.042,0.04,1.4,0.87,3067,0,0,1,0
41.65,15,1,grocery,0.018,0.161,8.1,1.29,3565,0,0,0,0
147.43,18,1,clothing,0.032,0.323,10.5,0.72,3368,0,0,0,0
5.79,13,2,health_beauty,0.027,0.045,1.7,1.17,2988,0,1,1,0
83.42,9,2,clothing,0.083,0.191,0.3,1.3,1027,0,0,1,0
27.31,11,3,retail,0.169,0.475,4.8,1.41,1773,0,0,1,0
35.23,18,2,grocery,0.186,0.4,4.4,1.41,2676,0,0,1,0
115.54,13,1,grocery,0.06,0.074,1.2,0.87,1507,0,0,1,0
39.72,19,1,gas_transport,0.015,0.165,25.2,0.86,1550,0,0,1,0
38.38,11,2,electronics,0.094,0.169,2.0,0.85,3414,0,0,1,0
23.23,11,1,grocery,0.152,0.207,14.9,0.97,1926,0,0,1,0
139.65,10,1,electronics,0.025,0.138,11.1,1.78,292,0,0,1,0
89.86,8,1,clothing,0.214,0.019,5.2,1.03,2402,0,0,1,0
26.93,13,2,electronics,0.034,0.406,26.3,1.57,797,0,0,1,0
53.71,10,1,electronics,0.018,0.18,1.0,1.33,1196,0,0,0,0
54.96,10,2,clothing,0.027,0.037,3.5,1.38,1111,0,0,0,0
387.82,0,7,travel,0.673,0.926,732.0,3.33,90,2,1,1,1
13.01,21,3,gas_transport,0.199,0.073,46.8,1.48,467,0,0,0,0
26.71,8,1,gas_transport,0.258,0.198,22.5,1.56,839,1,0,0,0
20.89,13,4,gas_transport,0.242,0.408,0.6,0.46,3112,0,0,1,0
19.68,0,6,grocery,0.058,0.231,13.7,1.13,347,0,0,1,0
33.98,11,1,retail,0.246,0.143,2.7,1.35,928,0,0,0,0
33.79,9,4,health_beauty,0.056,0.335,12.4,1.09,2002,1,0,0,0
43.01,6,2,gas_transport,0.024,0.405,11.6,1.42,3530,0,0,0,0
41.93,18,3,grocery,0.172,0.198,10.1,0.97,1576,0,0,0,0
28.03,6,1,gas_transport,0.204,0.098,1.7,1.35,2126,0,0,0,0
48.14,8,1,clothing,0.178,0.056,8.9,1.97,1807,0,0,0,0
17.12,15,3,grocery,0.01,0.03,7.3,0.78,522,0,0,1,0
61.75,10,3,health_beauty,0.134,0.308,16.7,0.99,2466,2,0,1,0
126.07,8,4,grocery,0.022,0.078,8.6,1.62,267,0,0,1,0
89.77,9,2,utilities,0.35,0.069,5.2,0.9,2051,0,0,1,0
37.05,13,1,retail,0.342,0.164,0.1,1.31,1017,0,0,0,0
15.46,17,1,electronics,0.01,0.033,14.2,0.73,1594,0,0,1,0
62.49,9,2,grocery,0.277,0.097,16.0,1.28,3348,0,0,1,0
1358.19,15,7,electronics,0.779,0.645,387.5,7.33,468,4,0,1,1
28.88,18,2,dining,0.089,0.268,12.2,0.96,1494,0,0,0,0
6.34,0,2,gas_transport,0.034,0.227,3.0,1.37,893,1,0,0,0
157.46,20,1,dining,0.031,0.5,4.2,0.65,641,0,0,0,0
1390.64,18,3,entertainment,0.496,0.606,200.5,2.64,6,3,0,1,1
21.29,10,2,grocery,0.12,0.118,20.4,1.2,3252,0,1,0,0
11.58,8,1,clothing,0.308,0.017,5.4,0.42,1339,0,0,1,0
17.48,3,1,retail,0.024,0.056,1.9,1.43,2085,0,0,1,0
45.52,8,1,grocery,0.05,0.013,34.3,1.07,1640,0,0,0,0
42.63,16,2,grocery,0.024,0.323,6.7,1.18,699,0,1,0,0
51.48,11,2,grocery,0.274,0.137,2.6,0.77,3009,0,0,0,0
40.72,21,4,gas_transport,0.058,0.088,7.5,1.07,2362,0,1,1,0
39.4,8,5,entertainment,0.012,0.205,27.8,0.26,865,0,0,1,0
88.74,18,1,gas_transport,0.108,0.288,9.0,1.11,3395,0,0,0,0
44.12,12,1,entertainment,0.022,0.078,0.1,0.77,2598,0,0,1,0
39.59,21,4,electronics,0.45,0.398,8.6,0.64,3477,0,0,1,0
26.92,15,2,clothing,0.245,0.113,3.7,1.46,3200,0,0,0,0
18.44,11,1,grocery,0.079,0.115,0.9,1.12,2670,0,0,1,0
1214.26,6,12,clothing,0.696,0.849,59.8,9.19,42,2,1,1,1
266.8,12,1,utilities,0.056,0.01,7.2,0.84,337,0,0,1,0
70.26,7,1,electronics,0.143,0.188,0.6,1.25,1597,0,0,1,0
646.92,13,7,electronics,0.904,0.839,93.3,5.0,10,0,1,1,1
26.19,11,4,utilities,0.409,0.139,13.1,0.93,385,0,0,0,0
99.04,11,3,gas_transport,0.122,0.193,8.0,0.84,1558,0,0,0,0
145.52,15,1,dining,0.01,0.087,12.3,0.79,3320,0,0,1,0
629.63,21,8,electronics,0.816,0.891,473.8,5.28,444,2,1,1,1
20.31,6,1,dining,0.216,0.047,20.0,1.15,2429,0,0,1,0
8.75,7,1,clothing,0.105,0.202,1.5,0.86,793,0,0,0,0
41.42,22,1,dining,0.169,0.115,6.0,1.09,353,0,0,0,0
37.16,8,4,dining,0.05,0.413,13.1,1.03,250,0,0,0,0
25.85,18,2,health_beauty,0.042,0.324,0.3,1.13,1562,0,0,1,0
36.99,15,2,retail,0.01,0.131,2.2,1.07,2395,0,0,1,0
13.53,12,4,utilities,0.01,0.347,29.1,1.35,3491,0,0,1,0
53.21,11,2,gas_transport,0.158,0.127,6.8,0.82,3007,0,0,0,0
63.2,12,1,dining,0.014,0.108,15.3,0.86,800,0,0,0,0
174.01,22,6,electronics,0.751,0.84,373.4,4.28,265,3,1,1,1
72.21,9,2,grocery,0.08,0.212,11.0,1.16,1010,0,0,1,0
23.38,8,4,travel,0.072,0.138,2.0,0.97,1552,0,0,1,0
287.28,2,3,clothing,0.779,0.948,545.5,6.21,56,1,1,1,1
116.78,10,1,grocery,0.048,0.087,32.9,0.54,1827,2,0,1,0
50.03,11,2,grocery,0.2,0.104,9.3,1.2,1581,0,1,1,0
4715.81,16,5,electronics,0.981,0.577,1606.4,8.25,29,3,0,1,1
31.18,10,4,grocery,0.109,0.206,1.5,1.16,3104,0,0,1,0
73.04,15,1,travel,0.074,0.146,6.5,1.09,1490,0,0,1,0
200.06,13,3,entertainment,0.138,0.122,8.1,0.98,959,0,0,1,0
65.77,10,3,grocery,0.048,0.182,5.8,1.37,1248,0,0,0,0
27.65,7,1,entertainment,0.034,0.063,31.1,1.28,2294,0,0,0,0
18.82,8,1,grocery,0.098,0.073,7.8,0.94,2474,0,0,0,0
35.5,12,1,dining,0.137,0.126,16.8,1.1,3499,0,0,1,0
33.7,7,1,grocery,0.023,0.147,8.3,0.99,382,0,0,1,0
23.41,10,2,clothing,0.066,0.21,25.6,1.29,489,0,0,1,0
83.14,17,1,clothing,0.049,0.104,2.6,1.07,564,0,0,0,0
10.42,7,4,entertainment,0.061,0.432,7.0,0.69,3513,0,1,1,0
66.64,14,1,dining,0.067,0.377,40.8,1.55,208,0,0,1,0
819.85,21,9,electronics,0.969,0.655,1414.2,7.76,20,1,0,1,1
5.0,12,1,electronics,0.286,0.306,11.6,0.8,2009,0,0,1,0
35.48,9,1,gas_transport,0.231,0.316,3.2,0.55,1794,0,0,1,0
27.16,9,1,grocery,0.432,0.379,38.9,1.29,2926,0,0,0,0
102.12,11,2,dining,0.371,0.113,19.2,0.84,3536,0,0,1,0
9.4,9,1,utilities,0.01,0.071,51.8,1.1,2383,0,0,1,0
104.14,19,2,dining,0.037,0.158,3.2,1.05,2508,0,0,0,0
16.58,10,1,grocery,0.45,0.168,7.8,1.38,2083,0,0,0,0
144.41,15,1,retail,0.04,0.243,7.8,1.2,1638,0,0,1,0
22.46,23,1,gas_transport,0.061,0.087,11.3,0.87,435,0,0,1,0
8.45,16,2,electronics,0.168,0.213,11.0,1.38,1780,0,0,0,0
33.87,15,1,entertainment,0.025,0.186,2.0,0.78,2943,0,1,0,0
28.09,15,1,gas_transport,0.233,0.454,16.2,1.21,2661,0,0,0,0
154.53,9,1,grocery,0.263,0.016,5.0,1.23,1020,0,0,1,0
51.88,12,1,gas_transport,0.052,0.068,5.6,0.57,531,0,1,0,0
66.26,17,1,dining,0.054,0.414,9.5,0.96,2788,0,0,0,0
42.86,12,1,health_beauty,0.274,0.195,6.7,1.18,945,0,0,0,0
214.38,10,2,health_beauty,0.239,0.12,16.9,1.38,196,0,1,0,0
57.25,16,3,grocery,0.03,0.174,9.1,1.65,2643,0,0,1,0
43.3,9,4,grocery,0.02,0.341,36.0,1.01,3354,0,0,1,0
38.58,14,1,health_beauty,0.037,0.176,10.6,1.24,1731,0,0,1,0
49.96,16,2,dining,0.341,0.089,21.0,1.56,404,0,0,1,0
34.64,22,2,travel,0.069,0.218,4.1,0.98,1024,0,1,1,0
153.25,6,3,grocery,0.12,0.026,8.4,0.75,2947,0,0,0,0
23.21,12,5,entertainment,0.093,0.062,0.7,1.15,2154,0,0,0,0
360.06,4,7,clothing,0.652,0.798,351.6,9.11,52,1,1,1,1
14.95,17,1,dining,0.052,0.356,28.6,1.5,2395,0,0,1,0
55.5,10,2,health_beauty,0.051,0.049,8.8,0.82,1934,0,0,0,0
86.14,7,2,clothing,0.337,0.015,20.9,0.78,1305,0,0,1,0
55.98,17,2,clothing,0.041,0.03,2.3,0.93,1219,0,0,1,0
5.0,16,3,entertainment,0.01,0.13,3.7,1.1,1766,0,0,0,0
32.67,20,1,clothing,0.171,0.438,6.9,1.01,3541,0,0,1,0
181.6,15,1,grocery,0.155,0.027,26.4,0.51,3035,0,0,1,0
57.75,10,1,dining,0.079,0.357,26.6,0.97,817,0,0,0,0
80.29,19,1,health_beauty,0.044,0.301,6.2,1.03,416,0,0,0,0
96.5,15,2,grocery,0.243,0.049,10.8,1.55,241,0,0,1,0
27.02,6,2,gas_transport,0.061,0.237,15.4,0.96,3261,0,0,1,0
57.07,13,2,clothing,0.097,0.316,22.7,1.24,925,0,0,1,0
41.35,14,3,dining,0.036,0.085,3.1,1.56,3282,0,0,1,0
53.58,12,3,grocery,0.042,0.027,6.5,1.0,2264,0,0,0,0
86.92,8,1,clothing,0.126,0.317,10.8,0.95,2365,1,1,1,0
99.96,18,1,grocery,0.037,0.091,8.1,1.02,3363,0,0,1,0
62.29,10,4,utilities,0.223,0.222,10.2,0.83,903,0,0,0,0
192.44,4,5,electronics,0.851,0.478,393.2,4.55,70,1,1,1,1
20.61,21,5,entertainment,0.037,0.084,11.3,1.08,1667,0,0,1,0
119.36,15,1,electronics,0.366,0.5,0.5,1.28,2005,0,0,0,0
56.6,15,1,clothing,0.289,0.109,14.4,0.93,2081,0,0,0,0
75.09,8,2,gas_transport,0.423,0.341,18.2,0.68,745,0,0,1,0
1684.68,11,7,health_beauty,0.621,0.53,1153.7,4.52,86,3,1,0,1
32.79,1,1,dining,0.104,0.324,1.2,1.18,1768,0,0,0,0
120.0,22,4,electronics,0.506,0.921,1172.7,4.25,1,1,0,1,1
52.08,16,1,gas_transport,0.086,0.179,29.0,1.12,948,0,1,1,0
32.39,16,1,entertainment,0.161,0.038,1.5,1.43,2523,0,0,1,0
1134.5,6,5,travel,0.92,0.736,673.7,4.07,22,3,1,1,1
27.72,18,2,grocery,0.126,0.115,19.4,0.81,1998,0,0,0,0
33.8,10,4,utilities,0.216,0.06,1.5,0.98,955,0,0,0,0
11.34,12,2,travel,0.165,0.085,18.1,0.48,3556,0,0,1,0
43.96,11,1,grocery,0.039,0.126,10.0,1.41,1954,0,1,1,0
170.65,23,3,electronics,0.263,0.145,30.3,1.22,3271,0,0,0,0
10.48,15,1,health_beauty,0.123,0.131,3.4,1.18,2793,0,0,1,0
44.06,10,1,gas_transport,0.096,0.045,23.0,0.78,1324,0,0,1,0
368.13,1,7,electronics,0.94,0.716,292.9,1.8,95,1,1,1,1
37.25,9,3,dining,0.08,0.386,71.5,0.84,986,0,0,1,0
718.54,0,12,retail,0.968,0.825,53.0,6.4,44,1,1,1,1
118.74,19,1,utilities,0.215,0.404,4.1,0.22,1935,0,0,0,0
157.68,9,2,retail,0.093,0.472,6.3,1.43,2429,0,0,1,0
34.29,18,1,dining,0.116,0.24,1.5,1.06,2054,0,0,1,0
175.65,12,3,dining,0.086,0.5,1.5,1.04,204,0,0,1,0
16.25,14,2,clothing,0.066,0.053,9.3,1.04,2291,0,0,0,0
12.21,9,1,travel,0.166,0.123,4.5,0.79,2003,0,0,1,0
35.51,20,3,dining,0.241,0.184,4.8,0.87,193,0,0,1,0
2869.11,18,3,travel,0.775,0.69,125.1,6.09,225,1,0,1,1
21.48,12,2,gas_transport,0.094,0.068,1.0,0.93,216,0,0,1,0
37.87,8,1,dining,0.016,0.313,9.5,0.71,1648,0,0,1,0
16.35,15,1,clothing,0.104,0.185,15.6,0.88,578,0,0,1,0
49.86,11,3,dining,0.01,0.472,7.6,0.85,3337,0,0,0,0
22.53,9,1,grocery,0.01,0.391,7.2,0.9,1895,0,0,1,0
34.93,7,2,clothing,0.01,0.239,8.7,1.21,3197,0,1,1,0
19.84,17,2,grocery,0.185,0.351,7.9,0.98,1053,0,0,1,0
98.33,10,1,gas_transport,0.191,0.182,19.8,0.55,3412,0,0,1,0
34.57,22,1,dining,0.166,0.058,19.1,0.57,2001,0,0,1,0
107.02,13,1,health_beauty,0.163,0.073,9.3,1.55,794,0,0,1,0
51.0,15,3,clothing,0.28,0.067,5.6,1.63,2234,0,0,1,0
82.38,10,1,dining,0.048,0.089,2.4,1.1,1580,0,0,1,0
170.42,8,1,grocery,0.053,0.31,11.0,0.87,2213,0,0,0,0
51.23,13,2,clothing,0.187,0.5,8.6,1.11,826,0,0,1,0
27.65,19,1,grocery,0.216,0.277,15.1,1.28,2709,0,0,0,0
120.0,11,11,clothing,0.866,0.441,1072.7,2.07,439,1,1,1,1
97.63,11,1,grocery,0.21,0.069,10.1,0.59,2691,0,1,1,0
225.37,10,1,health_beauty,0.016,0.156,25.4,0.92,1769,0,0,1,0
33.32,15,1,clothing,0.103,0.238,7.0,0.72,2911,0,0,1,0
41.31,8,1,utilities,0.161,0.124,39.4,0.94,3170,0,0,1,0
78.78,19,3,clothing,0.056,0.089,0.2,1.63,2171,0,0,1,0
73.81,9,2,dining,0.239,0.5,3.1,1.07,3457,0,0,1,0
301.48,1,8,electronics,0.852,0.597,80.4,6.89,216,1,1,1,1
19.01,5,6,clothing,0.14,0.09,6.2,1.16,2112,0,0,1,0
215.94,23,4,clothing,0.768,0.853,1994.5,6.66,37,3,0,1,1
62.13,12,3,grocery,0.026,0.249,8.2,0.92,3117,0,0,1,0
10.21,12,2,dining,0.223,0.329,7.6,0.79,1057,0,0,0,0
55.7,8,2,clothing,0.021,0.27,13.2,0.59,2408,0,0,1,0
49.09,16,1,grocery,0.131,0.5,0.8,1.06,1415,0,0,1,0
34.17,11,1,dining,0.068,0.141,11.5,0.82,2246,0,0,0,0
527.45,3,8,travel,0.704,0.736,1234.5,4.65,73,4,0,1,1
22.72,21,1,health_beauty,0.063,0.402,5.2,1.7,1985,0,0,0,0
64.63,12,3,dining,0.01,0.237,6.5,1.13,1060,0,0,1,0
44.82,15,2,dining,0.025,0.397,2.9,0.83,1295,0,0,1,0
7.25,12,1,grocery,0.052,0.196,6.2,0.88,3218,0,1,1,0
54.16,13,1,clothing,0.036,0.134,15.0,0.78,209,0,0,0,0
101.09,14,1,utilities,0.165,0.127,1.7,1.54,693,1,0,1,0
99.66,15,3,grocery,0.05,0.082,21.2,0.86,2625,0,0,0,0
47.23,19,1,dining,0.42,0.042,14.9,0.91,2473,0,0,1,0
33.45,10,2,grocery,0.068,0.251,1.1,0.64,616,0,0,1,0
101.22,8,4,electronics,0.246,0.071,7.5,0.78,3074,0,0,1,0
54.0,19,4,grocery,0.085,0.415,0.6,0.75,1488,0,0,0,0
80.83,10,2,grocery,0.1,0.052,4.8,1.49,524,0,0,0,0
52.78,19,1,dining,0.119,0.038,9.3,1.34,1604,0,0,1,0
78.33,8,1,travel,0.108,0.206,3.2,0.2,1203,0,0,1,0
13.51,10,1,retail,0.061,0.276,28.6,1.19,2069,0,0,1,0
56.52,12,1,grocery,0.087,0.246,4.7,0.93,3094,1,0,1,0
50.78,19,1,grocery,0.201,0.123,33.9,1.47,1091,0,0,1,0
39.44,7,3,gas_transport,0.126,0.135,28.6,1.16,3485,0,0,0,0
83.66,8,2,dining,0.141,0.276,36.6,0.36,1515,0,0,0,0
38.73,16,1,grocery,0.191,0.303,24.9,0.94,2100,1,0,0,0
31.94,5,1,dining,0.292,0.438,1.1,0.62,2653,0,0,1,0
120.0,13,8,electronics,0.672,0.7,1115.6,4.63,277,3,1,0,1
31.23,11,1,dining,0.217,0.329,14.5,1.39,2288,1,0,1,0
8.54,9,1,retail,0.094,0.223,11.4,1.01,3094,0,0,0,0
36.25,8,2,dining,0.237,0.5,5.6,1.25,1705,0,0,1,0
118.7,11,6,dining,0.061,0.029,12.0,0.58,2554,0,0,1,0
47.5,16,1,clothing,0.357,0.116,11.8,1.27,2477,0,0,1,0
53.44,9,2,gas_transport,0.01,0.336,15.2,1.0,721,0,0,1,0
27.26,18,4,dining,0.414,0.053,7.3,0.81,2946,0,0,0,0
45.24,7,3,dining,0.311,0.218,3.8,0.84,1621,0,0,1,0
20.55,14,1,gas_transport,0.161,0.117,9.9,0.49,1094,0,0,1,0
56.61,19,1,utilities,0.216,0.223,2.8,1.07,726,0,0,1,0
14.65,6,3,grocery,0.154,0.105,3.7,0.77,2144,0,0,1,0
188.43,23,6,entertainment,0.76,0.826,32.4,10.21,80,1,1,1,1
42.49,11,1,travel,0.096,0.226,17.4,0.65,2737,0,0,0,0
1377.1,6,7,travel,0.85,0.74,1085.9,7.35,87,4,1,1,1
65.35,11,1,clothing,0.278,0.5,12.9,0.94,3489,0,0,0,0
37.87,19,1,grocery,0.256,0.174,41.4,1.74,428,0,0,1,0
29.34,10,3,utilities,0.05,0.194,2.7,1.27,2671,0,0,1,0
13.13,16,3,gas_transport,0.058,0.016,6.3,0.9,496,1,0,1,0
59.14,16,2,dining,0.078,0.048,0.6,1.35,1593,0,0,1,0
49.91,18,1,electronics,0.152,0.04,21.9,0.52,3184,0,0,1,0
35.59,21,1,electronics,0.218,0.159,5.1,0.58,2280,0,0,1,0
58.44,5,1,gas_transport,0.057,0.434,4.3,0.88,3019,0,0,1,0
18.29,11,2,grocery,0.072,0.058,31.2,0.58,245,0,0,1,0
47.7,4,2,grocery,0.052,0.226,3.1,1.09,2000,0,0,0,0
59.7,16,3,grocery,0.086,0.287,5.7,0.47,1748,0,0,1,0
478.24,6,8,clothing,0.612,0.498,1797.7,5.86,27,0,1,1,1
25.8,7,2,retail,0.324,0.092,2.4,1.69,3047,0,0,0,0
30.04,1,4,utilities,0.186,0.222,4.9,1.31,3513,0,0,1,0
70.9,13,4,clothing,0.068,0.328,7.7,1.59,2614,0,0,0,0
49.14,16,2,utilities,0.103,0.054,5.8,0.67,665,0,0,1,0
176.84,6,5,health_beauty,0.01,0.5,22.3,0.93,3524,1,0,1,0
74.81,10,3,utilities,0.065,0.035,21.8,1.05,683,0,0,0,0
94.64,19,1,dining,0.01,0.17,10.3,0.97,1133,0,0,1,0
33.18,6,1,grocery,0.122,0.116,1.3,0.29,2605,0,0,0,0
48.55,9,2,dining,0.147,0.217,9.4,0.84,1872,0,0,0,0
76.97,16,1,dining,0.055,0.112,11.4,0.98,639,0,1,1,0
137.76,9,1,dining,0.199,0.107,3.0,0.88,1795,0,0,1,0
28.47,8,2,clothing,0.036,0.053,8.7,1.57,1812,0,0,1,0
21.88,10,2,travel,0.05,0.337,4.5,0.91,2742,0,0,0,0
17.43,14,3,dining,0.045,0.067,33.4,1.21,1710,0,0,1,0
57.94,19,1,grocery,0.108,0.109,45.2,1.48,2592,1,0,1,0
70.24,18,3,clothing,0.16,0.192,16.3,1.05,692,1,0,0,0
18.82,6,3,travel,0.029,0.077,12.5,1.04,3281,0,0,0,0
37.59,10,2,grocery,0.109,0.197,6.1,1.31,2436,0,1,1,0
205.89,1,6,clothing,0.593,0.607,147.4,7.89,2,1,0,1,1
79.13,14,1,electronics,0.189,0.112,4.5,1.2,1805,0,0,1,0
30.37,12,3,travel,0.218,0.01,11.4,0.82,493,0,0,0,0
70.27,11,1,grocery,0.046,0.075,1.3,0.49,3321,0,0,0,0
25.66,7,1,utilities,0.058,0.158,3.6,0.36,661,0,1,0,0
30.79,13,1,grocery,0.024,0.355,3.3,1.49,1554,0,0,0,0
49.47,17,2,entertainment,0.011,0.09,6.7,0.61,2993,0,0,1,0
51.14,8,3,gas_transport,0.114,0.292,25.6,0.76,1169,0,1,1,0
34.12,17,1,utilities,0.279,0.227,8.5,0.73,1145,0,0,0,0
66.59,16,4,dining,0.076,0.34,3.9,0.58,1849,0,0,1,0
38.5,15,2,grocery,0.102,0.167,13.3,0.87,3359,0,0,0,0
40.3,10,1,dining,0.084,0.179,19.9,0.91,2004,2,0,1,0
36.73,6,2,grocery,0.099,0.297,7.7,1.01,1115,0,0,1,0
130.01,22,3,gas_transport,0.01,0.09,6.6,0.9,2369,0,0,1,0
51.81,17,3,electronics,0.112,0.024,3.4,1.02,363,0,0,1,0
213.25,11,1,travel,0.45,0.332,61.2,0.93,2309,0,0,0,0
28.16,10,5,grocery,0.41,0.044,35.2,1.23,1469,0,0,1,0
59.26,14,3,grocery,0.234,0.017,11.9,1.17,1726,0,0,1,0
148.69,13,1,electronics,0.01,0.374,14.8,1.36,1537,0,0,0,0
727.91,18,6,clothing,0.46,0.74,950.0,6.55,313,2,0,1,1
247.14,16,7,travel,0.814,0.752,1499.9,7.07,217,2,0,1,1
16.06,10,1,clothing,0.304,0.022,1.4,0.83,2071,0,0,1,0
60.75,11,1,dining,0.095,0.203,4.4,1.18,3539,0,0,1,0
74.92,10,2,gas_transport,0.016,0.299,2.3,1.59,1974,0,0,1,0
42.5,17,2,clothing,0.272,0.159,0.2,1.42,1280,0,0,1,0
8.97,14,4,travel,0.092,0.233,12.4,0.91,3383,1,0,0,0
251.45,3,6,electronics,0.764,0.79,61.2,5.56,471,2,1,1,1
19.79,21,1,retail,0.178,0.245,2.3,1.08,2404,0,0,1,0
39.64,21,1,dining,0.069,0.051,29.3,1.51,2008,0,0,0,0
131.74,16,2,gas_transport,0.036,0.038,2.5,1.22,3557,0,0,0,0
29.28,15,2,dining,0.19,0.13,8.6,0.97,309,0,0,1,0
13.22,22,1,gas_transport,0.158,0.106,15.5,1.31,3204,0,0,1,0
80.36,19,1,health_beauty,0.151,0.072,3.1,0.78,462,0,0,0,0
43.41,15,1,grocery,0.174,0.159,3.6,1.05,871,0,1,1,0
47.63,11,1,gas_transport,0.229,0.118,21.0,0.96,2844,0,0,1,0
51.88,12,1,grocery,0.219,0.069,4.7,1.31,3049,0,0,0,0
34.03,19,1,health_beauty,0.413,0.03,15.6,0.66,1278,0,0,1,0
19.25,19,1,gas_transport,0.368,0.182,13.0,0.84,274,0,0,0,0
55.07,21,1,gas_transport,0.016,0.38,18.3,1.68,1699,0,0,1,0
14.34,12,1,travel,0.01,0.325,14.7,0.83,2647,0,0,0,0
69.87,10,1,dining,0.011,0.138,2.2,0.81,486,0,0,1,0
508.4,1,5,retail,0.917,0.877,853.0,7.61,43,2,1,1,1
13.35,14,3,grocery,0.136,0.382,1.8,0.46,604,0,0,0,0
43.84,13,4,clothing,0.11,0.152,2.4,1.13,951,0,0,1,0
176.99,22,6,clothing,0.771,0.782,266.2,9.97,207,1,1,1,1
21.41,17,5,clothing,0.142,0.086,28.9,0.82,2580,0,0,1,0
78.42,7,5,travel,0.017,0.068,23.9,1.42,2769,0,0,0,0
16.65,17,4,gas_transport,0.037,0.103,7.6,1.05,1402,0,0,1,0
62.5,16,2,utilities,0.131,0.047,6.2,0.2,2323,0,0,1,0
21.84,15,1,dining,0.213,0.25,11.4,0.94,1975,0,0,1,0
69.35,16,2,clothing,0.45,0.462,0.4,0.9,3186,0,0,0,0
45.61,12,3,gas_transport,0.314,0.066,5.5,0.92,307,0,0,1,0
23.16,16,2,grocery,0.183,0.226,20.1,1.35,729,0,0,0,0
38.37,11,3,grocery,0.063,0.197,34.3,0.67,2489,0,0,0,0
88.47,16,1,entertainment,0.135,0.147,12.1,1.68,474,0,0,1,0
294.15,5,7,clothing,0.805,0.924,570.1,2.8,209,2,1,1,1
47.87,6,1,grocery,0.067,0.151,16.4,1.42,2481,0,0,1,0
21.15,0,4,grocery,0.017,0.067,0.1,1.22,2899,0,0,1,0
65.64,11,1,dining,0.039,0.243,2.8,0.91,1981,0,0,1,0
129.87,17,4,entertainment,0.067,0.145,14.3,0.79,545,0,0,1,0
30.33,12,4,health_beauty,0.083,0.041,6.8,0.24,2940,0,0,0,0
29.24,10,3,grocery,0.024,0.073,1.8,0.9,2104,0,0,1,0
49.64,12,1,electronics,0.169,0.255,4.4,0.83,3381,0,0,1,0
21.65,22,1,grocery,0.031,0.315,1.7,1.25,1555,0,1,0,0
54.02,15,1,entertainment,0.064,0.064,10.2,1.05,2436,0,1,1,0
26.86,12,2,dining,0.101,0.179,0.4,0.82,1132,0,0,1,0
231.2,17,2,grocery,0.118,0.067,6.5,0.58,398,0,1,1,0
61.05,16,1,gas_transport,0.109,0.376,4.5,1.01,3343,0,0,1,0
22.6,12,2,grocery,0.013,0.045,1.8,0.85,2928,0,0,1,0
93.31,8,4,grocery,0.216,0.5,0.4,1.03,345,0,0,0,0
27.49,7,1,retail,0.039,0.273,15.6,1.16,226,0,0,0,0
135.51,12,3,retail,0.052,0.158,11.9,1.36,3010,0,0,1,0
87.78,16,3,retail,0.216,0.243,3.2,1.64,1644,0,0,0,0
56.71,9,1,grocery,0.054,0.158,8.8,1.23,3127,0,0,0,0
135.78,2,5,travel,0.716,0.656,703.0,2.16,31,4,1,1,1
67.61,8,1,gas_transport,0.067,0.193,7.3,0.64,1458,0,0,0,0
116.48,9,2,clothing,0.191,0.174,13.6,1.23,1170,0,0,1,0
31.72,9,2,dining,0.053,0.342,8.2,1.17,2927,0,0,0,0
48.4,10,1,clothing,0.017,0.184,3.0,0.96,1825,0,0,1,0
42.76,5,3,entertainment,0.022,0.039,3.6,1.02,2526,0,0,0,0
65.83,13,2,clothing,0.066,0.053,16.1,0.79,2597,0,0,1,0
115.37,11,1,retail,0.096,0.097,2.3,1.42,3150,0,0,1,0
24.94,7,3,clothing,0.162,0.408,0.4,0.57,832,0,0,0,0
57.69,13,2,gas_transport,0.421,0.205,13.0,1.13,333,0,1,1,0
145.27,1,4,electronics,0.901,0.928,567.2,4.31,209,1,0,1,1
16.27,15,1,gas_transport,0.182,0.204,17.3,0.69,2213,0,0,0,0
1571.77,12,7,clothing,0.4,0.783,1836.3,3.74,90,2,1,1,1
48.14,9,1,gas_transport,0.023,0.289,3.9,1.31,2987,0,0,1,0
127.84,17,3,health_beauty,0.058,0.035,4.6,1.12,3226,0,0,0,0
20.68,14,1,grocery,0.26,0.242,3.4,0.98,2576,1,0,1,0
60.37,20,1,gas_transport,0.072,0.341,2.4,0.83,2336,0,1,1,0
24.75,9,1,gas_transport,0.133,0.225,7.8,0.6,335,0,0,1,0
10.99,7,6,gas_transport,0.102,0.093,7.9,0.91,3203,0,0,0,0
45.74,8,2,entertainment,0.021,0.073,8.9,1.3,719,0,0,0,0
303.53,11,2,grocery,0.01,0.138,30.7,1.39,1329,0,0,0,0
343.51,18,1,grocery,0.213,0.041,9.8,0.94,968,0,0,1,0
35.33,17,1,dining,0.066,0.166,7.7,1.44,816,0,0,0,0
91.62,11,3,retail,0.054,0.088,2.0,1.03,455,0,0,0,0
46.39,9,2,retail,0.161,0.023,0.7,1.61,3188,0,0,1,0
47.23,19,3,dining,0.043,0.037,12.0,0.9,2694,0,0,1,0
84.77,9,5,grocery,0.054,0.062,1.5,1.22,1660,0,0,1,0
21.3,9,3,gas_transport,0.16,0.201,3.7,1.29,1764,0,0,1,0
21.48,10,1,health_beauty,0.116,0.355,10.1,1.11,2434,0,0,1,0
12.7,6,1,electronics,0.084,0.115,0.4,1.05,554,0,1,1,0
72.42,11,1,dining,0.239,0.207,27.4,1.16,1312,0,0,1,0
54.53,13,1,health_beauty,0.055,0.078,5.9,1.42,1507,0,0,1,0
116.68,6,1,dining,0.071,0.109,28.3,0.75,2121,0,0,0,0
7.98,13,2,retail,0.134,0.081,12.4,0.82,536,0,0,1,0
135.55,1,3,travel,0.766,0.752,909.0,10.05,105,0,1,1,1
42.71,17,3,entertainment,0.043,0.26,7.8,1.35,1401,0,0,0,0
42.27,13,1,grocery,0.238,0.085,15.0,0.85,1137,0,0,0,0
53.95,10,4,grocery,0.132,0.381,5.2,1.21,2504,0,0,1,0
18.21,8,2,health_beauty,0.049,0.061,11.6,0.92,1068,1,0,1,0
131.28,5,3,gas_transport,0.24,0.163,7.8,1.19,1683,0,0,0,0
5.0,5,1,grocery,0.114,0.24,9.4,1.59,243,0,0,0,0
140.46,14,1,grocery,0.349,0.196,45.0,0.88,2356,0,0,0,0
8.33,7,3,dining,0.031,0.186,24.6,1.23,2455,0,0,1,0
315.07,0,8,electronics,0.833,0.888,1037.1,4.58,130,1,0,1,1
11.33,19,2,dining,0.406,0.139,14.5,1.23,504,0,0,1,0
87.69,15,1,entertainment,0.082,0.166,7.4,0.62,1393,0,0,0,0
19.41,11,1,health_beauty,0.328,0.014,16.3,0.93,2366,0,0,1,0
66.7,17,2,gas_transport,0.071,0.147,31.9,0.87,1668,0,0,1,0
342.7,17,3,entertainment,0.105,0.246,1.4,1.29,3504,0,0,1,0
23.54,20,1,clothing,0.356,0.238,18.6,0.93,742,0,0,1,0
20.17,5,1,travel,0.45,0.269,9.2,1.46,2457,0,0,0,0
45.18,9,1,clothing,0.07,0.01,9.8,1.09,3120,0,0,1,0
117.61,10,1,clothing,0.45,0.091,0.4,0.8,3378,0,0,0,0
41.64,9,2,electronics,0.096,0.229,15.8,0.36,2171,0,0,0,0
27.6,15,2,travel,0.288,0.291,18.5,0.2,1098,0,0,0,0
156.76,0,5,electronics,0.967,0.506,1392.2,5.46,244,1,0,1,1
43.95,10,4,utilities,0.238,0.402,12.7,0.83,1927,0,0,1,0
31.14,17,1,retail,0.27,0.314,0.4,1.13,3454,0,0,0,0
18.42,13,4,dining,0.093,0.129,2.5,1.15,3500,0,0,1,0
33.58,22,1,dining,0.183,0.097,2.9,0.79,1949,0,1,0,0
1541.52,22,6,travel,0.832,0.703,376.7,6.11,154,1,1,1,1
24.16,8,2,entertainment,0.036,0.119,3.7,1.28,1776,0,0,1,0
10.64,13,4,dining,0.012,0.109,0.5,0.41,1697,0,0,1,0
199.71,10,2,dining,0.103,0.383,34.5,0.67,1944,2,0,1,0
14.56,10,1,gas_transport,0.149,0.303,25.6,1.4,2062,0,1,1,0
17.32,8,1,dining,0.104,0.096,8.5,0.96,2501,1,0,1,0
21.99,7,6,dining,0.141,0.213,7.1,1.1,464,0,0,0,0
21.95,11,4,utilities,0.015,0.143,1.2,1.09,637,0,0,1,0
88.99,7,1,dining,0.142,0.067,4.1,0.82,1521,0,0,0,0
43.02,13,1,grocery,0.163,0.42,4.2,1.06,524,0,0,0,0
34.23,12,4,grocery,0.01,0.064,6.0,1.18,916,0,0,1,0
45.07,17,4,dining,0.039,0.17,25.7,1.09,2524,1,0,1,0
7.75,13,2,health_beauty,0.108,0.148,1.5,1.14,3286,0,0,0,0
20.69,22,1,electronics,0.098,0.099,12.4,0.59,2136,0,0,1,0
52.99,8,1,gas_transport,0.45,0.049,7.1,1.04,2821,0,0,1,0
30.46,12,1,dining,0.098,0.423,40.8,0.99,1490,0,0,1,0
12.76,14,1,dining,0.01,0.362,7.6,1.04,2723,0,1,0,0
20.11,18,3,entertainment,0.346,0.31,6.3,1.65,1053,1,0,1,0
22.21,10,2,dining,0.01,0.377,2.5,0.86,1086,0,0,1,0
123.95,14,2,grocery,0.033,0.301,3.0,0.98,466,0,0,0,0
61.39,10,3,dining,0.45,0.043,12.2,1.31,2708,0,0,0,0
5.47,19,1,dining,0.109,0.102,27.5,1.22,3173,0,0,1,0
54.98,15,2,grocery,0.056,0.183,12.3,1.38,2891,0,0,0,0
928.51,8,8,travel,0.898,0.926,1076.0,1.8,525,1,1,1,1
12.99,21,2,clothing,0.147,0.09,36.7,1.15,1123,0,0,1,0
30.45,8,1,clothing,0.133,0.336,0.4,1.46,2915,0,0,0,0
120.0,20,7,health_beauty,0.861,0.875,56.4,6.58,23,2,0,1,1
45.23,15,2,dining,0.06,0.318,5.4,1.22,3430,0,0,0,0
7.15,8,2,clothing,0.03,0.079,9.3,0.83,3102,0,0,0,0
20.34,11,1,entertainment,0.118,0.135,2.1,0.97,3374,0,0,1,0
26.19,6,2,clothing,0.066,0.057,13.0,0.66,1309,0,0,0,0
44.89,6,1,grocery,0.075,0.106,14.9,1.27,1496,0,0,1,0
148.19,19,3,travel,0.056,0.14,7.9,0.8,1577,0,0,0,0
39.62,17,2,clothing,0.132,0.175,14.4,1.26,932,0,0,0,0
14.44,15,2,retail,0.042,0.231,32.7,1.09,3475,0,0,1,0
73.73,10,1,dining,0.064,0.323,10.5,1.22,2675,0,0,0,0
187.09,10,7,travel,0.747,0.761,2014.5,5.22,146,0,0,0,1
12.38,9,2,retail,0.376,0.26,26.1,0.23,1774,0,0,0,0
636.29,11,4,clothing,0.82,0.883,482.8,4.45,133,3,1,1,1
19.62,1,2,grocery,0.128,0.214,10.1,0.98,3454,0,0,0,0
77.22,7,2,health_beauty,0.264,0.126,8.3,1.3,809,0,0,0,0
70.23,19,2,travel,0.127,0.336,7.4,1.05,2800,0,1,1,0
267.62,14,2,dining,0.301,0.224,56.3,0.83,907,0,0,1,0
1232.66,4,6,electronics,0.7,0.889,217.3,7.63,34,2,1,1,1
13.32,23,1,electronics,0.01,0.06,54.1,1.09,2660,0,0,1,0
19.71,4,4,travel,0.025,0.287,24.5,0.59,782,0,0,1,0
81.21,14,4,dining,0.106,0.175,1.7,1.03,1721,0,0,0,0
22.86,12,1,grocery,0.331,0.127,47.3,1.17,1204,0,0,0,0
181.0,6,2,gas_transport,0.01,0.263,14.2,0.78,2650,0,0,0,0
79.04,14,1,electronics,0.45,0.248,2.7,1.34,1618,0,0,1,0
35.15,13,3,entertainment,0.239,0.202,29.4,0.82,3571,0,0,0,0
16.83,12,1,travel,0.12,0.015,52.6,0.6,3084,0,0,0,0
67.22,20,3,entertainment,0.123,0.254,32.2,0.68,3174,0,0,0,0
9.58,11,1,clothing,0.079,0.054,8.0,1.24,2405,0,0,0,0
55.3,14,6,retail,0.214,0.064,4.6,0.59,2902,0,0,0,0
43.44,12,1,utilities,0.096,0.06,5.1,0.27,2068,0,0,1,0
20.13,21,1,health_beauty,0.212,0.126,3.0,0.82,1379,0,0,1,0
212.55,9,2,grocery,0.156,0.175,11.8,0.48,460,0,0,1,0
20.65,19,1,gas_transport,0.083,0.324,0.1,1.04,2856,0,0,1,0
43.26,18,1,grocery,0.04,0.089,3.6,0.71,1734,0,0,0,0
128.05,16,2,clothing,0.094,0.095,10.6,0.78,1800,0,0,0,0
24.14,18,1,clothing,0.276,0.135,29.5,1.14,1508,0,0,1,0
22.62,7,1,electronics,0.367,0.334,4.0,0.8,2984,0,0,0,0
25.22,12,1,gas_transport,0.277,0.02,28.1,1.15,1638,0,0,0,0
76.23,12,1,grocery,0.065,0.122,22.6,1.3,2611,0,0,1,0
65.45,8,2,grocery,0.174,0.229,7.6,0.97,2598,0,0,0,0
27.05,10,3,dining,0.195,0.124,4.9,0.54,2880,0,0,0,0
12.95,12,2,gas_transport,0.433,0.096,0.6,1.54,2430,0,0,1,0
10.26,7,3,health_beauty,0.19,0.123,2.6,1.3,670,0,0,0,0
34.93,19,1,dining,0.349,0.107,6.8,1.61,1275,0,0,1,0
18.25,15,1,gas_transport,0.065,0.036,10.7,0.81,3117,0,0,1,0
68.35,9,3,dining,0.033,0.272,13.9,1.31,2612,0,0,0,0
17.79,13,2,entertainment,0.036,0.013,1.9,0.75,2634,0,0,0,0
10.42,12,2,utilities,0.029,0.241,1.6,0.82,613,0,0,0,0
61.15,4,1,gas_transport,0.114,0.109,3.3,0.82,1323,0,0,1,0
14.51,22,5,dining,0.113,0.039,0.6,0.76,2075,0,0,0,0
88.3,16,1,clothing,0.109,0.097,1.6,0.65,1618,0,0,0,0
10.77,4,3,gas_transport,0.12,0.015,5.2,0.54,2049,0,0,1,0
17.54,10,1,grocery,0.179,0.364,0.4,0.96,953,0,1,0,0
302.99,21,8,clothing,0.739,0.805,998.0,4.38,287,3,1,0,1
19.35,14,1,grocery,0.111,0.227,6.3,1.57,2595,0,0,0,0
65.71,14,1,health_beauty,0.045,0.151,3.8,1.44,2997,2,0,0,0
112.49,15,1,grocery,0.068,0.36,4.9,1.07,3595,0,0,0,0
33.67,14,3,health_beauty,0.062,0.236,23.8,0.94,3006,0,0,0,0
30.32,16,1,dining,0.139,0.263,14.9,1.02,349,0,0,1,0
32.87,9,1,electronics,0.073,0.475,0.1,1.14,3278,0,0,0,0
13.16,18,1,travel,0.232,0.344,25.9,0.63,2092,0,0,1,0
81.61,19,2,grocery,0.077,0.206,4.9,0.56,1040,0,0,1,0
32.82,19,2,grocery,0.01,0.366,54.9,1.28,1070,0,0,0,0
34.9,16,1,utilities,0.086,0.01,12.6,0.22,966,0,0,0,0
84.21,7,2,dining,0.079,0.09,30.3,0.59,953,0,0,1,0
315.14,15,1,dining,0.176,0.171,7.3,0.94,1754,0,0,1,0
43.12,9,1,health_beauty,0.128,0.259,4.4,1.04,699,0,0,0,0
18.58,13,1,dining,0.067,0.071,9.3,1.14,2166,0,0,1,0
35.73,13,4,dining,0.071,0.259,23.4,0.92,874,0,0,0,0
78.7,8,2,health_beauty,0.07,0.02,0.5,0.95,554,0,0,0,0
42.35,13,1,dining,0.36,0.135,24.9,0.77,2813,0,1,1,0
34.67,20,1,electronics,0.114,0.245,15.9,1.43,3482,0,0,1,0
66.98,15,1,grocery,0.196,0.072,1.3,1.38,843,0,0,1,0
71.36,16,3,travel,0.037,0.198,28.0,1.26,3201,0,1,1,0
120.0,17,5,clothing,0.628,0.827,187.4,3.34,179,1,0,0,1
53.31,10,2,retail,0.128,0.142,0.6,0.94,1296,0,0,0,0
49.86,6,1,grocery,0.061,0.027,3.4,0.31,1286,0,0,1,0
69.49,5,1,retail,0.087,0.31,27.7,0.94,362,0,0,1,0
62.42,18,1,grocery,0.172,0.379,8.2,0.91,500,0,0,1,0
55.98,13,4,clothing,0.261,0.363,1.6,0.61,472,0,0,1,0
82.69,16,3,dining,0.046,0.362,2.0,0.63,1358,0,0,0,0
48.68,11,1,grocery,0.091,0.025,1.3,0.62,3036,0,0,1,0
76.15,8,3,clothing,0.176,0.19,17.4,0.71,2237,0,0,0,0
30.27,10,3,grocery,0.45,0.279,0.2,1.15,3186,0,0,0,0
14.53,7,1,grocery,0.144,0.092,10.3,0.87,1469,0,0,1,0
41.37,9,1,grocery,0.022,0.095,6.8,0.87,1005,0,0,1,0
57.5,11,4,health_beauty,0.153,0.32,18.3,0.91,1902,0,0,0,0
44.45,13,1,grocery,0.01,0.195,2.9,0.87,1768,0,0,1,0
117.98,9,1,dining,0.187,0.254,36.9,0.89,2270,2,0,1,0
14.17,16,1,clothing,0.171,0.095,2.1,0.82,3248,0,0,0,0
19.45,17,1,travel,0.089,0.03,0.8,0.81,3056,0,0,0,0
37.17,0,4,grocery,0.049,0.067,55.4,0.73,2608,1,1,0,0
17.91,8,2,gas_transport,0.116,0.046,18.6,1.18,772,0,0,1,0
59.06,14,3,gas_transport,0.166,0.411,5.9,1.03,3493,0,0,1,0
65.97,21,4,electronics,0.139,0.083,5.0,1.03,2367,0,0,1,0
36.21,17,1,dining,0.159,0.247,10.4,1.07,3376,0,0,1,0
84.48,6,1,travel,0.043,0.167,25.4,0.94,826,0,1,1,0
46.41,10,4,grocery,0.034,0.406,13.4,0.67,1956,0,0,0,0
33.2,10,1,dining,0.131,0.407,7.5,1.02,578,0,0,1,0
17.48,10,2,grocery,0.219,0.187,2.9,1.28,2725,0,0,0,0
74.99,20,1,dining,0.022,0.436,36.4,0.8,3544,0,0,1,0
30.36,17,2,grocery,0.017,0.315,13.5,0.94,441,0,0,1,0
22.7,15,3,gas_transport,0.031,0.304,2.6,0.92,2797,0,0,0,0
296.12,13,9,clothing,0.662,0.692,316.2,12.29,391,1,0,1,1
244.61,17,2,grocery,0.01,0.247,2.8,1.76,1298,0,0,0,0
218.66,12,6,utilities,0.666,0.792,15.0,8.86,27,2,0,1,1
39.02,14,3,electronics,0.07,0.062,16.0,1.07,1524,0,0,1,0
108.31,13,1,dining,0.014,0.131,20.2,1.37,278,0,0,0,0
20.32,20,2,utilities,0.026,0.043,8.6,1.05,3484,0,0,0,0
66.93,10,1,grocery,0.051,0.138,6.9,1.5,2736,0,0,1,0
146.2,15,1,grocery,0.189,0.049,10.9,1.24,1640,0,0,0,0
113.73,16,2,grocery,0.065,0.336,6.4,1.26,932,0,0,0,0
80.52,11,1,grocery,0.143,0.027,3.0,0.87,1786,0,0,1,0
46.67,15,5,grocery,0.049,0.284,0.1,1.21,986,0,0,0,0
59.13,10,2,grocery,0.109,0.063,6.9,0.78,3273,0,0,1,0
19.96,10,2,travel,0.091,0.116,6.7,0.64,615,0,0,0,0
52.66,5,2,grocery,0.249,0.211,4.2,1.72,777,0,0,0,0
58.3,20,3,gas_transport,0.031,0.125,6.2,0.66,570,0,0,1,0
25.12,16,2,clothing,0.017,0.187,8.4,1.2,1235,0,0,1,0
7.4,18,1,gas_transport,0.01,0.283,0.8,0.73,325,0,0,1,0
76.32,9,1,travel,0.103,0.314,32.8,0.68,1477,0,0,0,0
96.3,8,1,clothing,0.192,0.167,5.9,0.77,2358,1,0,0,0
19.29,11,1,utilities,0.019,0.138,17.6,0.38,3226,0,0,0,0
62.63,14,2,dining,0.055,0.078,2.1,1.14,1212,0,1,1,0
39.15,23,1,travel,0.106,0.186,11.5,0.9,1318,0,0,0,0
30.84,8,1,grocery,0.122,0.038,1.0,0.58,2000,0,0,1,0
96.98,20,3,grocery,0.176,0.064,19.6,0.61,2102,0,0,0,0
104.02,10,2,electronics,0.136,0.184,6.4,1.59,536,0,0,0,0
21.68,13,2,gas_transport,0.19,0.271,8.6,0.97,1326,0,0,0,0
52.12,9,2,grocery,0.01,0.014,49.1,1.2,1603,0,0,1,0
22.09,14,2,gas_transport,0.01,0.073,11.6,1.29,1462,0,0,1,0
40.38,13,1,dining,0.225,0.101,9.7,0.87,3120,0,0,1,0
24.34,0,1,gas_transport,0.154,0.176,16.3,1.18,3017,0,0,1,0
52.81,11,1,electronics,0.018,0.036,27.8,1.15,197,0,0,1,0
38.2,20,1,clothing,0.194,0.302,21.5,1.06,745,0,0,0,0
89.57,14,3,health_beauty,0.02,0.14,13.2,0.94,2785,0,0,0,0
11.01,8,4,grocery,0.047,0.255,1.3,0.86,946,0,0,1,0
34.34,11,3,gas_transport,0.068,0.318,13.6,1.27,2676,0,0,0,0
48.08,7,1,grocery,0.081,0.174,3.9,1.52,2065,0,0,0,0
46.89,14,1,gas_transport,0.026,0.121,11.9,1.19,2317,0,0,0,0
238.14,11,1,dining,0.043,0.122,32.3,0.85,2130,0,1,0,0
71.74,14,2,dining,0.064,0.15,26.9,0.84,3470,0,0,0,0
1786.73,6,8,travel,0.898,0.63,179.2,4.74,5,0,1,1,1
26.12,11,1,travel,0.219,0.058,10.2,1.16,3242,0,0,1,0
78.3,7,4,gas_transport,0.129,0.25,2.5,1.03,1630,0,0,0,0
54.11,15,3,entertainment,0.093,0.072,23.6,0.82,2202,0,0,1,0
51.95,11,2,health_beauty,0.14,0.152,7.7,0.8,1026,0,0,0,0
197.42,16,1,grocery,0.282,0.223,11.8,1.3,1644,0,0,0,0
20.3,16,2,grocery,0.222,0.062,8.2,0.34,2372,0,1,1,0
61.62,10,2,utilities,0.178,0.047,4.2,0.87,1014,0,0,1,0
15.98,6,3,retail,0.245,0.089,8.4,0.89,1342,0,0,0,0
507.55,5,2,travel,0.933,0.684,21.6,5.84,120,4,0,1,1
65.24,16,2,clothing,0.026,0.201,4.7,1.07,2222,0,0,0,0
56.91,11,2,dining,0.112,0.074,16.4,1.14,3351,0,0,1,0
49.84,11,1,dining,0.135,0.047,9.2,0.57,1308,0,0,1,0
21.64,18,2,grocery,0.139,0.436,17.2,1.35,733,0,0,0,0
78.53,17,2,health_beauty,0.091,0.235,7.7,0.91,607,0,0,1,0
40.29,17,2,retail,0.01,0.024,0.7,0.92,3286,0,0,1,0
13.69,16,4,clothing,0.023,0.411,10.2,0.95,2448,1,0,1,0
91.86,9,1,clothing,0.116,0.066,0.3,0.82,2428,0,0,1,0
67.39,11,1,gas_transport,0.113,0.149,7.9,1.29,1482,0,0,0,0
143.03,17,1,grocery,0.264,0.127,2.2,1.09,1932,0,1,0,0
24.79,16,1,grocery,0.312,0.11,2.8,0.8,1197,0,0,0,0
21.87,10,3,grocery,0.337,0.04,2.1,0.91,757,0,0,0,0
151.37,16,1,clothing,0.056,0.226,7.7,0.81,276,0,0,0,0
129.52,21,2,gas_transport,0.047,0.202,21.2,1.49,2390,0,0,1,0
8.34,15,1,retail,0.118,0.188,15.7,0.56,2884,0,0,1,0
57.75,14,2,dining,0.01,0.207,2.8,0.59,1360,0,0,1,0
258.46,20,2,health_beauty,0.329,0.286,5.9,0.7,3101,0,0,1,0
50.42,9,1,retail,0.338,0.088,8.5,0.59,2785,0,1,0,0
1591.09,1,4,clothing,0.886,0.492,577.0,1.8,237,3,1,1,1
58.28,14,3,clothing,0.186,0.169,36.3,0.77,1719,0,0,0,0
23.45,15,2,clothing,0.155,0.228,5.9,0.91,972,0,0,0,0
24.52,5,1,dining,0.1,0.367,4.5,1.0,2304,0,0,1,0
55.81,15,3,dining,0.163,0.309,43.5,0.92,1733,0,0,0,0
54.39,14,2,health_beauty,0.145,0.185,11.0,1.38,2584,0,0,1,0
107.66,16,2,gas_transport,0.01,0.025,0.3,0.72,1449,0,0,1,0
42.26,12,3,health_beauty,0.077,0.189,11.1,0.82,2529,0,0,1,0
32.8,10,2,grocery,0.215,0.025,9.1,0.67,898,0,0,0,0
35.59,12,2,gas_transport,0.297,0.245,2.9,0.89,3123,2,0,1,0
124.8,8,1,health_beauty,0.112,0.187,28.2,0.82,2343,0,0,0,0
83.18,19,1,health_beauty,0.044,0.133,14.5,1.08,3484,0,0,1,0
19.26,6,2,electronics,0.085,0.022,7.6,0.77,247,0,0,1,0
124.25,17,3,grocery,0.038,0.5,21.9,0.88,1371,0,0,1,0
42.16,15,3,retail,0.091,0.346,36.7,0.81,781,1,0,0,0
106.99,12,2,travel,0.204,0.091,20.8,1.1,488,0,0,0,0
40.13,6,3,grocery,0.096,0.217,0.5,0.93,2561,0,0,0,0
28.67,15,2,retail,0.06,0.22,0.5,0.89,1906,1,0,1,0
29.88,15,3,gas_transport,0.19,0.031,6.1,1.09,2226,0,0,0,0
65.41,6,2,grocery,0.172,0.053,6.7,1.1,1968,0,0,0,0
164.59,17,2,health_beauty,0.105,0.215,0.4,0.89,831,0,0,1,0
35.76,13,1,grocery,0.015,0.435,2.3,1.02,1731,0,0,0,0
84.14,8,2,entertainment,0.065,0.208,6.1,0.81,2631,0,1,0,0
123.68,0,3,clothing,0.4,0.702,207.4,8.22,328,1,1,1,1
141.25,13,1,health_beauty,0.164,0.216,38.8,1.04,728,0,0,1,0
30.7,9,1,electronics,0.044,0.427,5.9,1.24,2735,0,0,1,0
54.62,12,2,grocery,0.044,0.057,0.9,0.68,430,0,0,1,0
12.3,6,2,travel,0.069,0.104,4.8,0.97,2813,0,0,0,0
21.55,7,3,grocery,0.165,0.5,1.3,0.98,2926,0,0,1,0
21.95,14,5,grocery,0.187,0.136,4.2,0.65,3353,0,0,0,0
25.17,19,1,entertainment,0.01,0.198,16.3,0.76,3453,0,0,1,0
17.53,20,3,dining,0.187,0.113,30.4,0.85,945,0,0,1,0
188.78,1,8,clothing,0.786,0.802,236.3,9.16,42,1,0,1,1
59.69,15,1,gas_transport,0.01,0.1,7.5,1.33,270,0,0,1,0
81.94,19,3,grocery,0.37,0.04,6.7,1.23,3526,0,0,0,0
26.5,13,3,dining,0.128,0.062,28.2,1.38,3190,0,0,1,0
17.13,10,4,gas_transport,0.051,0.113,0.7,0.44,1251,1,0,0,0
39.33,1,1,dining,0.086,0.165,3.9,1.16,2577,0,0,1,0
76.96,12,2,utilities,0.079,0.161,15.2,0.83,1486,0,0,0,0
21.62,12,1,grocery,0.055,0.041,1.1,0.64,2289,0,0,1,0
74.11,13,1,electronics,0.052,0.073,15.1,0.93,3502,0,1,0,0
96.67,1,3,grocery,0.07,0.216,12.8,0.75,1934,0,0,0,0
63.33,7,2,gas_transport,0.091,0.339,26.5,1.12,1654,0,0,0,0
29.13,18,1,grocery,0.386,0.1,28.6,0.92,928,0,0,0,0
517.65,23,4,electronics,0.988,0.802,220.5,1.8,540,0,1,1,1
28.04,8,1,grocery,0.07,0.201,2.3,0.25,2571,1,0,1,0
19.62,4,2,retail,0.044,0.072,21.3,0.95,672,0,0,1,0
572.07,21,2,clothing,0.019,0.464,3.2,1.64,2616,0,0,1,0
9.89,19,1,travel,0.033,0.197,4.3,1.47,391,0,0,0,0
14.2,11,1,dining,0.022,0.149,11.9,1.12,1783,0,0,0,0
1720.94,5,4,travel,0.709,0.662,695.4,5.25,317,3,1,1,1
45.03,11,1,health_beauty,0.097,0.092,2.1,1.01,512,0,0,1,0
11.25,19,1,dining,0.223,0.256,2.0,1.53,2623,0,0,1,0
46.81,10,1,retail,0.241,0.117,17.2,0.83,495,0,0,0,0
33.61,6,4,grocery,0.036,0.29,5.4,1.05,2372,0,0,1,0
28.87,16,2,clothing,0.049,0.181,25.2,1.25,2177,0,0,1,0
16.97,9,4,gas_transport,0.45,0.055,9.7,0.87,720,0,0,1,0
13.62,18,2,gas_transport,0.043,0.015,5.7,1.12,1960,0,0,1,0
25.21,13,3,travel,0.014,0.084,18.2,0.64,3321,0,0,0,0
86.85,11,4,clothing,0.11,0.155,21.9,1.36,2951,0,0,1,0
25.4,15,1,travel,0.038,0.144,31.5,0.84,2369,0,0,0,0
52.43,17,2,utilities,0.45,0.305,66.8,1.33,1297,0,0,1,0
49.37,16,2,grocery,0.033,0.361,7.8,1.13,2809,0,0,0,0
41.81,8,2,health_beauty,0.059,0.081,10.7,0.89,287,0,0,1,0
113.24,8,1,dining,0.013,0.154,11.1,1.02,2191,0,0,0,0
12.12,15,1,electronics,0.022,0.414,3.9,0.78,2837,0,0,0,0
101.7,20,1,gas_transport,0.214,0.146,40.3,1.15,1639,0,0,1,0
29.35,19,1,dining,0.101,0.271,0.8,1.09,1352,0,0,0,0
21.28,4,1,electronics,0.101,0.026,4.5,0.89,694,0,0,0,0
54.17,10,1,entertainment,0.268,0.062,18.3,0.94,657,0,0,1,0
56.01,8,2,dining,0.172,0.104,20.6,1.12,1166,0,0,0,0
31.68,13,2,travel,0.259,0.031,20.3,1.35,1248,0,0,1,0
10.01,18,1,grocery,0.149,0.055,0.7,1.1,1096,0,0,1,0
14.66,10,4,dining,0.027,0.196,0.3,1.45,1260,0,0,1,0
196.73,12,1,grocery,0.052,0.15,3.2,0.83,1607,0,0,0,0
62.64,15,6,grocery,0.051,0.246,20.5,1.11,2870,0,0,0,0
21.6,11,1,grocery,0.102,0.248,1.1,1.48,1458,0,0,0,0
65.74,14,1,utilities,0.283,0.344,29.6,0.72,2750,0,0,0,0
27.49,13,1,dining,0.089,0.312,18.4,0.33,1542,1,0,0,0
116.43,11,2,dining,0.014,0.043,20.5,0.77,550,0,0,0,0
1528.88,22,15,electronics,0.815,0.688,296.1,6.59,195,1,0,1,1
98.21,19,3,entertainment,0.035,0.152,0.8,0.99,1429,0,0,1,0
182.2,12,1,grocery,0.056,0.04,8.0,0.52,486,0,0,1,0
44.26,8,2,grocery,0.066,0.117,3.9,1.28,2278,0,1,0,0
39.42,21,1,clothing,0.184,0.114,7.9,0.83,2738,0,0,0,0
60.45,19,1,utilities,0.116,0.272,55.2,1.29,3130,0,0,1,0
67.73,10,3,dining,0.248,0.162,6.0,0.89,1172,0,0,0,0
295.65,2,5,clothing,0.934,0.944,320.3,6.19,51,2,1,1,1
571.1,20,10,travel,0.578,0.693,690.8,4.8,42,1,1,1,1
14.46,20,2,health_beauty,0.122,0.039,6.5,0.53,2477,0,0,0,0
61.97,10,2,gas_transport,0.099,0.026,7.4,1.14,3414,0,0,1,0
34.57,9,3,dining,0.195,0.076,26.5,0.92,348,0,0,0,0
11.89,8,1,entertainment,0.083,0.185,3.2,1.24,1755,0,0,1,0
35.17,13,1,electronics,0.104,0.176,11.0,0.84,1952,0,0,0,0
9.12,19,2,clothing,0.154,0.29,11.1,0.9,3342,0,0,1,0
32.46,20,2,grocery,0.101,0.223,37.4,1.21,2438,0,0,0,0
91.13,20,1,clothing,0.178,0.018,16.8,1.38,1672,0,0,0,0
78.99,12,3,dining,0.068,0.155,14.6,0.87,2273,0,0,1,0
17.39,16,1,gas_transport,0.025,0.108,2.2,1.26,973,0,0,0,0
66.34,8,1,utilities,0.21,0.042,2.3,1.26,609,0,0,1,0
45.39,12,1,gas_transport,0.027,0.189,1.2,1.5,1320,0,0,1,0
20.64,14,2,grocery,0.231,0.449,0.7,0.71,2875,0,0,1,0
7.29,6,1,grocery,0.244,0.342,1.2,1.34,1169,0,0,0,0
8.48,19,3,gas_transport,0.052,0.01,8.6,1.69,2269,0,0,1,0
84.12,11,1,utilities,0.067,0.12,10.3,0.61,2361,0,0,1,0
6.42,17,1,grocery,0.012,0.273,0.4,0.67,1636,0,0,1,0
66.74,12,2,travel,0.176,0.097,22.5,1.11,1969,0,0,1,0
58.77,15,2,travel,0.046,0.028,10.4,0.6,238,0,0,0,0
6.16,11,2,gas_transport,0.098,0.29,1.5,1.04,2652,0,0,0,0
17.09,17,1,grocery,0.153,0.174,0.8,0.25,1752,0,0,1,0
55.44,11,3,gas_transport,0.117,0.083,2.0,0.95,976,0,0,1,0
39.38,22,1,electronics,0.052,0.318,7.1,1.31,2790,0,0,1,0
62.4,0,1,gas_transport,0.012,0.409,12.4,1.19,2716,0,1,0,0
33.89,11,1,grocery,0.056,0.066,0.2,0.58,1565,0,0,0,0
188.48,10,2,dining,0.106,0.058,0.9,1.0,815,0,0,1,0
32.41,15,1,utilities,0.049,0.219,7.8,0.73,1272,0,0,1,0
5.95,14,1,entertainment,0.022,0.344,1.7,1.06,1606,0,0,1,0
55.43,21,2,gas_transport,0.386,0.089,20.7,1.15,3256,0,0,0,0
31.93,14,1,dining,0.129,0.083,5.0,1.12,1481,0,0,0,0
38.37,11,3,retail,0.44,0.273,44.7,0.6,2537,0,0,1,0
85.82,13,3,grocery,0.436,0.033,15.6,0.95,1045,0,0,1,0
37.65,18,3,health_beauty,0.302,0.057,0.4,0.3,737,0,0,1,0
28.46,14,1,health_beauty,0.108,0.066,13.1,1.04,890,0,0,0,0
53.91,18,1,dining,0.064,0.128,19.5,0.89,3508,0,0,0,0
24.96,19,2,grocery,0.104,0.028,0.5,1.07,1574,0,0,1,0
23.97,8,1,utilities,0.158,0.039,7.5,1.13,3231,0,0,1,0
62.44,8,1,health_beauty,0.051,0.044,11.2,1.02,2428,0,0,0,0
50.83,15,2,utilities,0.039,0.214,11.1,0.77,279,0,0,1,0
27.67,7,2,dining,0.038,0.041,18.6,0.59,1866,0,0,1,0
48.95,11,1,grocery,0.123,0.211,1.9,1.1,3573,0,0,1,0
16.51,12,2,dining,0.018,0.224,14.5,1.0,1724,0,0,1,0
6.72,15,1,clothing,0.127,0.359,0.1,0.8,3432,0,0,1,0
86.0,19,1,grocery,0.102,0.204,6.7,1.55,1506,0,0,1,0
48.87,14,6,electronics,0.052,0.251,6.1,1.12,2373,0,0,1,0
14.81,11,1,gas_transport,0.01,0.311,1.2,1.02,355,0,0,1,0
14.23,5,2,clothing,0.019,0.103,10.2,0.35,2814,0,0,1,0
20.12,14,2,entertainment,0.45,0.051,4.6,1.6,1080,0,0,0,0
54.66,15,2,electronics,0.131,0.209,51.6,1.05,2169,0,0,1,0
18.4,9,2,electronics,0.061,0.024,16.8,1.34,747,0,0,0,0
11.84,10,3,gas_transport,0.125,0.5,18.1,1.12,2803,1,0,0,0
32.35,9,5,gas_transport,0.057,0.07,4.8,1.25,2757,0,0,1,0
46.3,6,1,retail,0.164,0.011,11.6,0.52,1180,0,0,0,0
80.73,4,1,gas_transport,0.021,0.268,18.3,1.0,945,0,0,1,0
211.41,6,2,dining,0.314,0.141,10.3,0.92,2365,0,0,1,0
20.02,8,4,retail,0.022,0.294,52.8,0.57,2808,0,0,1,0
69.58,13,3,dining,0.197,0.226,6.2,1.01,921,0,0,1,0
47.4,16,1,grocery,0.063,0.183,3.2,1.12,854,0,0,0,0
31.56,10,2,electronics,0.017,0.223,23.6,0.74,198,1,0,1,0
52.77,19,2,gas_transport,0.13,0.135,5.9,0.69,1037,0,1,1,0
32.18,19,2,dining,0.136,0.195,19.8,0.77,2113,0,0,1,0
33.98,9,1,dining,0.119,0.108,21.6,0.95,931,0,0,1,0
37.38,14,1,gas_transport,0.062,0.344,5.8,1.24,2099,0,0,0,0
230.67,18,2,grocery,0.118,0.083,8.2,1.07,3389,0,0,0,0
24.2,10,2,dining,0.215,0.265,12.1,0.86,2338,0,0,1,0
35.43,13,4,clothing,0.161,0.095,33.7,0.59,822,0,0,0,0
55.26,7,3,grocery,0.049,0.086,6.4,1.16,928,0,0,1,0
140.82,17,1,gas_transport,0.365,0.053,2.6,0.79,1248,0,0,1,0
74.35,9,1,gas_transport,0.117,0.151,4.3,1.01,3373,0,0,0,0
63.91,16,2,grocery,0.067,0.5,3.9,1.32,237,0,0,0,0
77.31,19,3,clothing,0.058,0.228,29.7,1.23,347,0,0,1,0
92.3,10,3,entertainment,0.216,0.247,12.2,1.15,333,0,0,0,0
4800.0,1,3,entertainment,0.746,0.818,82.3,5.19,6,2,0,1,1
23.71,13,1,clothing,0.069,0.039,17.7,0.99,2176,0,0,1,0
44.64,3,1,health_beauty,0.223,0.131,5.7,0.59,2874,1,0,0,0
45.24,14,2,dining,0.047,0.074,8.2,0.53,383,0,0,0,0
57.18,13,3,grocery,0.049,0.327,37.9,0.67,3217,2,0,0,0
58.79,17,1,electronics,0.046,0.147,5.6,0.65,3394,0,0,0,0
171.76,4,1,retail,0.248,0.45,2.6,0.85,710,0,0,1,0
282.28,19,4,gas_transport,0.01,0.032,0.6,0.67,1565,0,0,1,0
120.0,14,6,health_beauty,0.577,0.59,45.9,3.24,1,1,1,1,1
11.74,12,2,health_beauty,0.056,0.121,14.9,0.88,2025,0,0,0,0
60.1,9,2,clothing,0.162,0.11,7.5,0.52,1913,0,0,1,0
22.47,7,2,utilities,0.01,0.114,26.6,0.62,2509,1,1,1,0
102.6,15,4,grocery,0.042,0.32,2.1,0.78,2060,0,0,1,0
64.98,19,1,grocery,0.02,0.307,6.3,1.38,2406,0,1,1,0
157.34,10,1,entertainment,0.325,0.145,4.7,0.51,3518,0,0,1,0
30.36,0,1,grocery,0.298,0.147,64.1,0.88,1322,0,0,1,0
14.4,18,2,dining,0.134,0.195,10.9,1.0,896,0,0,1,0
130.07,14,5,electronics,0.129,0.228,15.2,1.02,2521,0,0,1,0
6.9,15,2,travel,0.041,0.153,22.5,0.69,1352,0,0,0,0
18.99,18,5,utilities,0.243,0.192,12.4,1.08,1783,0,0,0,0
64.44,18,3,grocery,0.106,0.038,5.3,0.94,568,0,0,0,0
47.07,10,1,grocery,0.191,0.131,4.0,1.54,1327,0,0,1,0
165.34,15,2,grocery,0.013,0.081,6.2,1.11,267,0,0,1,0
113.86,17,1,entertainment,0.45,0.203,16.5,1.03,1163,0,0,0,0
161.25,7,1,grocery,0.399,0.138,62.5,1.27,2918,0,0,1,0
30.66,9,3,grocery,0.191,0.287,1.9,0.91,822,0,1,1,0
52.48,11,1,grocery,0.017,0.123,7.8,1.31,2787,0,0,1,0
91.46,18,1,entertainment,0.137,0.281,4.0,0.37,3073,0,0,0,0
103.88,10,3,clothing,0.172,0.018,1.3,0.88,2005,0,0,0,0
58.73,12,1,grocery,0.28,0.099,25.0,1.01,3272,0,1,1,0
57.93,20,1,gas_transport,0.145,0.08,40.7,1.27,1717,0,0,0,0
124.87,15,1,utilities,0.142,0.181,1.8,0.49,1892,0,0,0,0
28.11,14,4,grocery,0.216,0.5,1.1,1.19,678,0,0,1,0
58.49,9,1,grocery,0.125,0.12,17.5,1.24,652,0,1,0,0
120.33,13,1,dining,0.14,0.048,0.3,1.73,1460,1,0,1,0
14.51,8,3,grocery,0.046,0.019,16.8,0.41,1971,0,0,1,0
32.78,2,1,gas_transport,0.24,0.27,7.3,1.05,610,0,0,0,0
31.3,12,4,travel,0.086,0.096,9.8,1.43,1715,2,0,1,0
118.32,13,1,travel,0.127,0.199,2.8,0.85,2773,0,0,0,0
13.25,13,1,gas_transport,0.123,0.149,1.9,1.13,1350,0,1,1,0
15.42,15,1,clothing,0.213,0.048,7.5,1.17,1480,0,0,1,0
25.19,20,2,grocery,0.267,0.067,10.9,0.79,1498,0,0,0,0
40.32,18,2,electronics,0.277,0.11,7.3,0.53,1852,0,1,0,0
41.15,10,2,clothing,0.081,0.086,0.9,1.1,2262,0,0,1,0
178.34,23,7,travel,0.602,0.817,15.0,6.08,474,1,0,0,1
34.58,11,3,entertainment,0.249,0.014,1.5,0.44,1551,0,0,0,0
21.87,12,1,dining,0.351,0.257,12.4,0.77,2950,1,0,1,0
81.18,14,1,clothing,0.134,0.165,22.7,0.53,965,0,0,0,0
11.64,10,4,dining,0.037,0.209,14.6,1.43,966,0,0,0,0
37.62,18,1,gas_transport,0.095,0.249,20.2,1.44,3223,0,0,0,0
56.91,9,2,health_beauty,0.161,0.22,0.1,1.31,1359,0,0,1,0
102.04,11,2,gas_transport,0.155,0.5,10.1,1.28,2384,0,0,0,0
24.0,16,2,gas_transport,0.248,0.115,0.5,1.03,1404,0,0,0,0
253.85,7,1,grocery,0.326,0.129,9.7,0.59,3145,0,0,0,0
24.89,12,2,retail,0.062,0.105,32.1,1.29,1692,0,0,1,0
45.93,8,3,electronics,0.089,0.04,14.0,1.04,451,0,0,1,0
84.09,14,1,retail,0.132,0.1,17.9,0.84,1225,0,0,0,0
64.1,16,1,dining,0.172,0.207,5.7,0.92,1299,0,0,0,0
25.15,15,1,retail,0.29,0.091,16.0,1.27,3572,0,0,1,0
79.29,14,1,grocery,0.268,0.173,2.5,0.9,2786,0,0,1,0
886.51,13,5,travel,0.512,0.845,599.7,6.07,167,0,1,1,1
59.24,16,1,utilities,0.225,0.213,4.2,0.8,3092,0,0,1,0
98.2,14,2,grocery,0.437,0.176,20.9,1.71,218,0,0,1,0
16.74,17,1,grocery,0.186,0.258,21.1,1.28,2366,0,0,0,0
81.13,11,1,grocery,0.231,0.128,7.2,1.04,1272,0,0,0,0
106.72,7,3,grocery,0.45,0.163,1.6,0.99,653,0,0,0,0
184.18,20,1,clothing,0.212,0.094,13.2,1.28,2892,0,0,0,0
66.03,16,2,gas_transport,0.233,0.044,15.4,1.03,1466,0,0,0,0
48.56,6,4,retail,0.159,0.352,3.7,0.97,2707,0,0,0,0
16.19,7,2,clothing,0.109,0.347,10.6,0.81,2393,0,0,1,0
10.84,20,2,entertainment,0.158,0.109,4.4,1.43,671,0,0,0,0
17.71,16,1,gas_transport,0.236,0.304,0.1,0.67,1758,0,0,0,0
20.66,22,1,gas_transport,0.227,0.075,2.0,1.24,1795,0,0,1,0
19.8,17,3,health_beauty,0.45,0.119,9.5,0.58,2706,0,1,1,0
503.19,10,8,entertainment,0.729,0.823,398.0,12.5,185,4,1,1,1
85.68,10,1,gas_transport,0.125,0.204,10.4,1.21,585,0,0,0,0
108.36,7,1,electronics,0.167,0.175,0.7,1.07,3215,0,1,0,0
52.81,23,1,entertainment,0.395,0.273,33.6,1.24,1181,0,0,1,0
24.09,15,1,gas_transport,0.107,0.347,2.8,0.57,1008,1,0,1,0
39.01,8,1,clothing,0.01,0.183,9.6,0.34,2445,0,0,0,0
90.22,12,1,entertainment,0.079,0.369,3.5,0.36,2744,0,1,0,0
72.31,14,2,gas_transport,0.133,0.056,48.5,0.84,3311,0,1,1,0
29.27,12,1,dining,0.021,0.124,13.9,0.64,811,0,0,0,0
162.93,1,12,travel,0.956,0.48,694.1,4.24,13,1,0,0,1
101.8,9,1,grocery,0.138,0.201,11.0,1.73,1566,0,0,0,0
1691.06,0,6,gas_transport,0.874,0.634,514.0,1.8,16,2,1,1,1
2692.6,8,5,electronics,0.615,0.806,206.0,7.14,24,1,1,1,1
32.82,7,1,grocery,0.144,0.158,2.0,1.15,2705,0,0,0,0
568.2,10,5,electronics,0.4,0.531,349.1,6.39,34,1,0,1,1
71.07,19,1,entertainment,0.25,0.143,2.1,1.09,1067,0,0,1,0
72.91,16,1,grocery,0.053,0.177,1.3,0.25,2129,0,0,0,0
524.0,22,2,dining,0.132,0.154,1.0,0.9,1835,0,0,1,0
120.0,15,10,retail,0.678,0.845,612.2,5.29,89,3,1,1,1
159.9,5,1,grocery,0.12,0.03,8.7,0.9,1728,0,0,1,0
372.83,3,6,electronics,0.81,0.772,1467.8,5.64,52,1,1,1,1
32.48,21,1,gas_transport,0.141,0.065,6.0,0.56,3010,0,0,1,0
17.94,15,3,utilities,0.339,0.166,0.7,1.41,3332,0,0,1,0
116.21,10,4,utilities,0.111,0.266,4.4,0.99,3323,0,0,0,0
16.63,9,2,electronics,0.076,0.233,3.3,1.45,2327,0,0,1,0
51.98,10,1,entertainment,0.141,0.087,6.2,0.6,257,1,0,0,0
12.78,9,1,clothing,0.254,0.12,24.4,1.12,2812,0,0,1,0
25.4,9,1,gas_transport,0.156,0.5,22.1,1.71,3307,0,0,1,0
30.44,15,1,electronics,0.073,0.076,2.6,0.86,1071,0,0,0,0
74.13,17,2,gas_transport,0.333,0.132,45.3,0.74,778,1,0,1,0
14.41,18,3,grocery,0.176,0.11,6.2,0.83,2390,0,0,1,0
35.64,21,1,gas_transport,0.173,0.024,17.9,0.95,2207,0,0,1,0
216.56,16,2,dining,0.079,0.173,0.2,1.45,3317,0,0,1,0
30.7,12,1,gas_transport,0.055,0.062,18.9,1.34,2431,0,0,1,0
70.7,9,2,grocery,0.122,0.268,1.9,1.43,746,0,0,1,0
71.58,13,3,gas_transport,0.156,0.049,1.8,1.0,1084,0,0,1,0
60.12,8,1,retail,0.253,0.165,24.7,0.54,2459,0,0,0,0
58.68,17,6,dining,0.02,0.218,35.9,1.44,2477,0,0,1,0
42.51,21,1,grocery,0.078,0.129,10.3,1.24,1667,0,0,1,0
17.54,13,5,gas_transport,0.343,0.28,32.6,0.7,3013,0,0,0,0
107.32,8,1,clothing,0.15,0.415,0.3,0.86,2581,0,0,0,0
160.59,8,2,entertainment,0.297,0.025,1.1,1.73,1934,0,0,0,0
52.27,17,2,grocery,0.101,0.094,23.5,1.1,790,0,0,1,0
4800.0,1,8,electronics,0.534,0.35,450.3,6.83,189,2,1,1,1
12.61,21,2,grocery,0.137,0.209,19.3,1.54,2894,0,0,0,0
75.22,11,1,clothing,0.347,0.122,17.1,0.71,1729,0,1,0,0
22.52,13,1,grocery,0.45,0.124,8.2,1.16,2658,0,0,0,0
859.37,22,3,retail,0.95,0.683,1127.0,1.8,139,1,1,1,1
62.37,9,2,electronics,0.029,0.065,6.9,1.18,2108,0,0,1,0
809.14,11,11,electronics,0.558,0.677,147.3,9.26,22,2,1,1,1
112.95,7,3,grocery,0.408,0.097,10.1,0.98,2901,0,0,0,0
37.57,12,1,retail,0.227,0.289,14.7,0.6,2132,0,0,0,0
77.86,0,1,gas_transport,0.29,0.227,4.7,0.8,2457,0,1,0,0
449.42,6,6,travel,0.734,0.764,865.6,3.82,368,1,1,1,1
89.35,9,1,entertainment,0.207,0.108,7.8,0.99,3583,0,0,0,0
46.77,5,1,grocery,0.082,0.271,10.9,0.23,679,0,0,0,0
240.82,19,2,dining,0.103,0.2,6.1,1.13,1774,0,0,0,0
34.08,9,2,electronics,0.144,0.153,14.1,1.35,3151,0,0,0,0
27.36,18,2,entertainment,0.096,0.38,3.4,0.86,1487,0,0,0,0
41.95,8,2,dining,0.126,0.102,4.3,1.07,1676,0,0,0,0
67.65,13,1,dining,0.023,0.044,4.8,0.6,2850,0,0,1,0
23.52,6,1,grocery,0.07,0.01,0.6,1.12,3291,1,0,1,0
168.17,5,3,grocery,0.152,0.148,5.0,1.15,1112,0,0,1,0
74.14,11,3,grocery,0.021,0.122,8.5,1.05,1541,0,0,0,0
29.31,16,1,grocery,0.05,0.029,1.8,1.23,1785,0,0,0,0
113.37,20,1,health_beauty,0.42,0.097,9.7,1.01,2923,0,0,1,0
246.27,9,2,dining,0.284,0.427,4.6,1.1,1802,0,0,0,0
28.98,9,1,grocery,0.011,0.265,4.6,0.76,1829,0,0,1,0
2267.08,4,10,electronics,0.546,0.637,456.9,1.8,45,3,0,1,1
21.13,9,2,clothing,0.088,0.03,26.6,0.98,625,0,0,1,0
112.9,14,1,dining,0.01,0.019,14.7,1.55,1290,0,0,0,0
13.72,11,1,dining,0.077,0.364,10.5,1.05,1577,0,0,1,0
2203.28,1,3,electronics,0.822,0.768,533.0,10.53,26,1,0,1,1
9.01,8,4,grocery,0.089,0.287,45.6,0.7,2255,0,0,1,0
346.04,0,4,grocery,0.207,0.087,6.8,0.8,2289,0,0,0,0
97.42,11,1,gas_transport,0.05,0.164,3.2,0.79,1169,0,0,0,0
40.22,14,1,clothing,0.109,0.429,0.8,1.13,2477,0,0,1,0
27.49,21,2,dining,0.342,0.291,41.7,0.82,2040,0,0,1,0
54.98,8,1,electronics,0.134,0.224,28.9,1.09,249,0,0,0,0
186.26,8,2,entertainment,0.072,0.159,4.4,1.08,3584,0,0,1,0
36.91,16,3,clothing,0.097,0.133,1.8,0.88,1679,0,0,0,0
25.18,12,1,grocery,0.084,0.149,18.2,0.68,1834,0,0,1,0
48.63,16,1,grocery,0.154,0.076,4.4,1.12,2625,1,0,0,0
389.9,22,9,electronics,0.708,0.825,1696.2,2.64,544,2,1,1,1
53.48,13,1,health_beauty,0.197,0.111,19.3,1.05,1149,0,0,1,0
19.08,8,2,grocery,0.027,0.043,16.5,1.03,3018,0,0,1,0
31.09,10,3,grocery,0.053,0.189,8.2,1.06,472,0,0,1,0
39.76,5,1,entertainment,0.046,0.176,2.3,1.21,1913,0,0,0,0
41.25,20,3,grocery,0.077,0.206,36.3,1.59,1856,0,0,0,0
24.21,17,4,dining,0.124,0.18,11.6,0.82,2768,0,0,1,0
40.5,9,1,gas_transport,0.09,0.056,8.7,1.17,2699,0,0,1,0
233.6,1,3,clothing,0.798,0.911,48.9,7.87,129,3,1,1,1
144.49,8,2,grocery,0.116,0.272,5.3,1.17,229,0,0,1,0
20.64,14,2,retail,0.032,0.075,8.5,1.26,3546,0,0,1,0
14.62,12,3,health_beauty,0.199,0.083,3.3,0.57,1365,0,0,1,0
55.81,17,1,dining,0.018,0.105,3.6,1.17,946,0,0,0,0
23.99,7,1,gas_transport,0.093,0.112,15.7,0.85,309,0,0,0,0
266.41,11,2,entertainment,0.21,0.17,7.0,1.13,717,0,0,1,0
22.12,14,2,dining,0.141,0.229,29.8,1.14,3530,0,0,0,0
141.95,12,1,clothing,0.109,0.282,0.5,0.86,2802,0,0,1,0
13.43,7,1,clothing,0.28,0.25,0.6,0.97,745,1,0,1,0
74.95,19,2,electronics,0.033,0.059,15.1,1.06,2669,0,0,1,0
73.96,12,2,clothing,0.088,0.282,1.0,0.76,2075,0,0,1,0
13.09,12,1,retail,0.154,0.138,2.4,0.67,2188,1,0,0,0
124.87,12,1,grocery,0.085,0.267,13.4,1.39,2367,0,0,0,0
62.82,10,2,travel,0.064,0.213,6.8,0.98,449,0,0,1,0
22.63,8,1,dining,0.105,0.195,9.2,1.13,2256,1,0,1,0
6.43,17,1,gas_transport,0.01,0.082,6.9,1.73,2441,0,0,0,0
79.21,13,1,grocery,0.102,0.226,12.5,1.88,2294,0,0,1,0
1393.82,2,9,travel,0.81,0.654,578.5,1.8,49,3,0,0,1
160.6,17,4,clothing,0.115,0.103,17.2,1.12,3137,1,0,0,0
30.93,0,2,gas_transport,0.016,0.06,49.3,0.68,922,0,0,0,0
10.16,17,1,dining,0.221,0.409,11.5,1.46,2723,0,0,1,0
9.99,9,2,utilities,0.45,0.132,6.5,0.97,2580,0,0,0,0
30.54,17,3,grocery,0.036,0.171,25.0,0.82,3241,0,0,1,0
36.57,15,3,gas_transport,0.289,0.485,3.4,1.29,3529,0,0,1,0
230.99,15,6,grocery,0.031,0.039,8.6,0.97,1632,0,0,0,0
87.57,11,1,electronics,0.035,0.39,7.0,0.89,1654,0,0,1,0
40.46,6,2,electronics,0.038,0.336,10.6,1.02,2916,0,0,1,0
105.36,16,4,dining,0.263,0.444,0.1,0.8,2167,0,0,1,0
46.13,15,1,grocery,0.032,0.175,36.0,1.22,2634,0,0,1,0
33.48,21,1,dining,0.117,0.108,28.7,1.49,690,0,0,1,0
65.37,10,2,gas_transport,0.072,0.192,3.2,1.29,1010,0,0,0,0
94.13,9,1,retail,0.039,0.131,1.5,0.91,2137,0,0,1,0
74.73,17,3,health_beauty,0.077,0.339,2.6,0.52,3127,0,0,1,0
76.09,11,2,health_beauty,0.01,0.012,12.1,0.95,2815,0,0,0,0
149.34,5,12,retail,0.893,0.886,369.5,3.6,147,0,1,1,1
46.31,15,2,dining,0.136,0.284,21.6,0.99,605,1,0,1,0
86.64,18,3,entertainment,0.112,0.019,5.5,0.76,1174,0,0,1,0
1953.97,23,7,electronics,0.674,0.848,1080.3,3.86,405,1,0,1,1
254.1,5,4,travel,0.921,0.676,460.7,3.89,520,3,1,1,1
18.44,12,2,entertainment,0.118,0.394,1.5,1.01,397,0,0,1,0
68.51,6,2,dining,0.01,0.15,0.1,1.07,824,0,0,0,0
74.84,7,3,gas_transport,0.121,0.048,40.5,0.78,3500,0,0,1,0
32.04,19,1,clothing,0.018,0.173,1.7,0.59,1674,0,0,1,0
69.46,14,1,dining,0.068,0.01,17.9,0.74,883,0,0,1,0
109.66,14,2,clothing,0.177,0.106,20.3,1.14,232,0,0,0,0
43.12,13,1,dining,0.235,0.432,5.0,0.76,3053,0,0,0,0
28.04,6,3,gas_transport,0.044,0.179,22.2,0.67,2353,1,1,1,0
44.43,14,3,dining,0.24,0.098,9.8,1.15,1592,0,0,1,0
304.73,10,8,travel,0.855,0.91,327.4,4.13,5,2,0,0,1
29.17,10,2,grocery,0.191,0.262,9.4,0.85,1097,1,1,0,0
22.07,12,2,dining,0.45,0.029,0.6,1.06,2480,0,0,1,0
23.1,15,1,clothing,0.294,0.186,35.7,1.39,2850,0,0,1,0
37.58,17,2,clothing,0.15,0.35,23.6,1.07,1205,0,0,1,0
79.98,10,1,utilities,0.01,0.181,1.4,0.48,1702,0,0,1,0
52.12,9,1,gas_transport,0.183,0.023,6.0,1.61,359,0,0,1,0
78.45,11,1,entertainment,0.072,0.042,23.2,1.42,1620,0,0,0,0
313.6,5,5,electronics,0.564,0.679,80.9,1.8,56,2,0,1,1
50.24,15,2,grocery,0.085,0.031,5.5,0.68,1317,0,0,1,0
94.55,5,1,entertainment,0.193,0.23,16.7,1.41,2704,0,0,1,0
55.88,11,1,retail,0.068,0.115,4.3,0.87,3140,0,0,1,0
43.82,18,1,health_beauty,0.038,0.356,2.6,0.42,1954,0,0,1,0
28.23,9,1,grocery,0.45,0.212,10.2,1.45,3113,1,0,0,0
5.0,15,2,gas_transport,0.126,0.107,11.7,1.02,3458,0,0,0,0
37.21,8,1,grocery,0.01,0.114,18.6,0.65,2430,0,0,0,0
25.34,19,1,gas_transport,0.11,0.116,13.7,0.92,791,0,0,1,0
132.28,5,1,utilities,0.102,0.13,1.9,1.19,1131,0,0,1,0
29.6,19,1,entertainment,0.129,0.077,2.1,0.74,2786,1,0,1,0
143.0,7,1,grocery,0.01,0.5,14.7,1.14,2058,0,0,1,0
73.23,18,2,grocery,0.01,0.169,8.2,0.62,2195,0,0,0,0
29.96,12,2,entertainment,0.146,0.204,24.0,1.26,3538,0,0,1,0
19.53,10,1,clothing,0.023,0.482,15.1,0.65,1059,0,0,0,0
40.77,6,1,grocery,0.317,0.078,15.2,1.29,3515,0,0,0,0
35.78,11,1,gas_transport,0.036,0.078,34.2,1.29,819,2,0,0,0
25.99,16,1,dining,0.041,0.063,12.8,1.1,1669,0,0,1,0
17.17,7,3,electronics,0.071,0.135,2.7,0.65,748,0,1,0,0
64.24,10,1,grocery,0.147,0.136,12.1,1.3,936,0,0,1,0
51.21,5,2,clothing,0.012,0.198,65.7,1.01,2255,0,0,1,0
39.66,10,2,dining,0.106,0.249,0.9,0.96,1209,0,0,0,0
60.14,14,1,grocery,0.124,0.254,19.2,0.58,1347,0,0,0,0
7.07,6,3,grocery,0.149,0.427,16.2,0.96,2159,1,0,1,0
28.79,17,1,travel,0.315,0.19,10.0,0.99,1982,2,0,1,0
51.82,14,1,gas_transport,0.035,0.106,0.2,1.49,2535,0,0,0,0
90.89,14,3,dining,0.053,0.072,10.0,0.8,187,0,0,1,0
18.33,16,3,electronics,0.144,0.031,40.6,1.05,713,0,0,0,0
28.31,15,2,grocery,0.064,0.079,6.3,1.53,2692,0,0,0,0
53.12,16,2,dining,0.058,0.174,2.9,0.99,2500,0,0,1,0
157.54,16,1,dining,0.023,0.036,3.2,1.31,1810,1,0,0,0
28.52,19,4,grocery,0.196,0.145,10.0,1.12,2651,0,0,1,0
28.36,6,2,dining,0.198,0.12,16.7,0.96,828,0,1,1,0
45.28,11,1,retail,0.187,0.04,21.2,1.0,3468,0,0,0,0
157.43,16,4,dining,0.025,0.291,22.7,0.81,1847,0,0,1,0
17.69,12,1,dining,0.335,0.092,21.4,0.8,1376,0,1,1,0
66.48,19,1,clothing,0.077,0.214,19.8,0.93,3512,0,0,1,0
72.73,9,1,dining,0.103,0.127,20.9,1.07,1765,0,1,1,0
17.41,9,1,dining,0.196,0.137,15.9,1.3,3274,0,0,0,0
75.93,5,1,travel,0.134,0.08,4.8,1.04,2610,0,0,1,0
103.81,12,2,utilities,0.45,0.099,13.3,0.92,887,0,0,0,0
62.15,12,1,grocery,0.284,0.086,23.8,1.31,1619,0,0,0,0
85.3,9,1,dining,0.051,0.019,1.2,0.77,2727,0,1,1,0
10.98,14,1,grocery,0.161,0.098,9.8,0.97,1633,0,0,0,0
47.58,10,1,grocery,0.127,0.163,6.7,0.81,3106,0,0,1,0
31.02,9,2,utilities,0.011,0.033,5.2,1.15,3433,0,0,0,0
31.77,21,1,dining,0.068,0.108,3.4,1.16,981,0,0,0,0
34.44,17,3,clothing,0.02,0.137,12.1,1.26,2701,0,0,1,0
38.68,9,4,clothing,0.049,0.474,0.5,1.01,2937,0,0,0,0
52.48,18,2,dining,0.06,0.085,55.9,1.27,3465,0,0,0,0
15.89,6,1,electronics,0.179,0.152,4.1,0.95,1610,0,0,0,0
24.52,18,2,clothing,0.025,0.183,8.5,0.6,323,0,1,0,0
1095.72,2,3,travel,0.686,0.638,74.0,3.19,344,2,0,1,1
69.75,12,4,health_beauty,0.212,0.1,0.8,0.8,3442,0,0,0,0
42.68,8,3,grocery,0.189,0.445,16.7,0.91,3090,0,0,0,0
34.8,14,4,gas_transport,0.259,0.01,59.8,1.35,2873,0,0,0,0
17.91,14,4,electronics,0.067,0.02,13.7,0.68,2093,0,0,1,0
23.08,16,1,retail,0.084,0.167,12.2,1.35,1316,0,0,0,0
77.03,15,6,electronics,0.01,0.026,2.1,1.05,2826,0,0,0,0
72.81,19,1,retail,0.45,0.479,5.7,1.16,3287,0,0,0,0
27.01,5,1,electronics,0.066,0.339,8.4,1.13,3307,0,0,1,0
120.0,1,7,retail,0.966,0.568,1017.3,6.13,854,4,1,1,1
25.95,15,1,clothing,0.105,0.078,25.9,1.29,2076,0,0,1,0
27.04,12,3,health_beauty,0.01,0.043,24.1,0.67,1358,0,0,1,0
104.61,6,1,gas_transport,0.233,0.16,13.3,0.97,2357,0,0,1,0
46.3,15,2,grocery,0.03,0.282,21.2,1.31,1879,0,0,1,0
154.22,18,1,dining,0.021,0.33,3.3,1.28,2536,0,0,0,0
69.22,17,1,grocery,0.08,0.096,6.2,0.82,2376,0,0,0,0
132.62,19,4,retail,0.047,0.069,3.0,1.06,644,0,0,1,0
61.3,17,1,dining,0.196,0.097,11.6,0.87,679,0,0,0,0
180.89,15,3,retail,0.021,0.05,9.3,0.9,2020,0,0,0,0
51.87,10,2,gas_transport,0.01,0.331,28.3,0.81,389,0,1,1,0
33.92,18,3,entertainment,0.049,0.014,10.8,1.02,3162,0,0,1,0
20.89,11,1,gas_transport,0.221,0.144,29.5,1.58,1238,0,0,0,0
39.89,15,1,health_beauty,0.183,0.032,32.3,1.05,2681,0,0,0,0
82.46,12,3,clothing,0.288,0.075,15.1,1.53,584,0,0,1,0
217.49,17,5,electronics,0.679,0.696,525.9,4.06,11,0,0,1,1
8.67,8,1,retail,0.172,0.138,26.1,1.55,3032,1,0,0,0
33.1,13,1,clothing,0.281,0.076,37.1,0.69,1940,0,1,0,0
19.16,20,1,entertainment,0.105,0.279,0.4,1.19,3180,0,0,1,0
28.8,14,2,grocery,0.034,0.086,1.6,0.9,1833,0,0,0,0
38.65,10,2,electronics,0.143,0.084,0.4,0.99,2222,0,0,0,0
121.73,10,1,grocery,0.071,0.127,9.5,0.67,3123,0,0,1,0
73.61,10,2,grocery,0.075,0.106,2.3,1.11,2868,0,0,0,0
130.63,7,1,grocery,0.073,0.074,42.1,1.3,2940,0,0,0,0
86.15,9,2,gas_transport,0.312,0.113,5.4,1.13,2801,0,0,0,0
21.13,7,1,grocery,0.089,0.128,3.5,0.79,3494,0,0,0,0
24.34,13,2,dining,0.053,0.021,3.0,0.3,623,0,0,1,0
49.11,19,2,entertainment,0.232,0.04,0.8,0.8,3561,0,0,1,0
46.84,16,1,grocery,0.373,0.153,6.7,1.14,983,0,0,1,0
9.6,12,1,health_beauty,0.136,0.14,2.6,1.13,1452,0,0,1,0
66.12,19,5,dining,0.12,0.246,5.7,0.96,346,0,0,1,0
18.75,14,1,dining,0.255,0.043,1.6,1.29,3065,1,0,0,0
148.5,16,1,retail,0.315,0.033,24.2,0.89,517,0,0,1,0
120.0,19,5,travel,0.896,0.727,1093.2,2.53,174,0,1,1,1
39.27,14,1,dining,0.216,0.122,27.9,1.45,1073,0,0,1,0
172.26,20,4,electronics,0.623,0.831,520.0,3.24,38,2,1,1,1
29.38,17,5,clothing,0.312,0.194,21.0,0.75,698,0,0,1,0
647.12,17,6,clothing,0.735,0.884,2405.7,5.24,159,2,0,1,1
25.73,12,1,gas_transport,0.064,0.093,48.4,0.68,2404,1,0,0,0
68.56,4,2,gas_transport,0.016,0.125,10.9,0.26,1429,0,1,0,0
24.43,15,2,grocery,0.067,0.026,4.5,0.57,1512,0,0,1,0
32.85,16,1,electronics,0.106,0.271,21.2,0.88,1054,0,0,1,0
23.47,3,1,electronics,0.197,0.361,10.9,0.9,1564,0,0,1,0
49.58,12,2,gas_transport,0.067,0.121,2.8,0.94,3117,0,0,1,0
58.36,12,1,grocery,0.01,0.139,2.6,1.12,1383,0,0,0,0
35.74,4,3,electronics,0.01,0.265,22.0,1.55,2947,0,0,1,0
47.34,5,4,dining,0.024,0.277,8.9,0.86,1207,0,0,1,0
13.51,11,1,grocery,0.044,0.129,26.1,1.23,1125,0,0,0,0
46.9,21,2,dining,0.439,0.205,2.5,1.41,1286,0,0,0,0
35.01,14,5,entertainment,0.138,0.189,19.7,1.26,2986,0,1,1,0
156.0,11,3,grocery,0.092,0.286,21.6,1.0,553,2,0,1,0
18.24,14,1,travel,0.041,0.03,18.2,0.53,3058,0,0,1,0
50.82,17,1,grocery,0.01,0.048,1.1,1.26,2121,0,0,1,0
39.67,16,2,health_beauty,0.031,0.175,0.8,1.98,713,0,0,1,0
5.5,15,1,travel,0.114,0.407,11.7,0.68,1212,0,0,0,0
15.43,15,3,retail,0.253,0.185,50.6,0.75,2801,0,0,0,0
25.73,17,1,gas_transport,0.035,0.252,2.6,1.15,3025,0,0,0,0
73.5,10,1,dining,0.026,0.181,6.5,1.05,2163,0,0,1,0
46.65,15,3,clothing,0.022,0.094,25.5,0.63,2258,0,0,1,0
28.35,13,1,utilities,0.088,0.375,3.8,0.82,2671,0,0,0,0
25.85,12,1,grocery,0.138,0.077,10.4,0.96,736,0,0,0,0
117.52,13,1,entertainment,0.226,0.113,21.9,0.53,1190,0,0,0,0
133.42,0,1,dining,0.084,0.079,1.0,0.98,2378,0,0,1,0
7.41,17,1,entertainment,0.088,0.102,3.1,1.33,3501,0,0,1,0
24.83,13,1,dining,0.112,0.203,5.7,0.8,2676,0,0,0,0
169.91,16,1,gas_transport,0.057,0.078,4.3,1.13,514,0,0,0,0
21.87,20,4,gas_transport,0.45,0.032,18.6,0.73,2981,0,0,0,0
159.29,9,3,gas_transport,0.161,0.227,4.5,1.02,2167,0,0,0,0
43.6,9,1,grocery,0.179,0.01,8.6,0.91,2207,0,0,0,0
38.06,8,1,gas_transport,0.193,0.17,2.2,0.65,3365,0,0,0,0
239.4,2,7,electronics,0.602,0.929,142.2,3.79,269,1,1,0,1
27.16,17,2,clothing,0.025,0.028,25.7,0.95,3484,0,0,0,0
151.82,15,2,health_beauty,0.231,0.434,2.8,0.95,3358,0,0,1,0
127.28,8,1,grocery,0.21,0.239,13.8,0.45,2351,0,0,1,0
11.07,19,1,grocery,0.128,0.5,11.1,0.75,896,0,0,1,0
42.07,12,1,grocery,0.022,0.124,10.9,0.9,2946,0,0,0,0
47.2,11,1,utilities,0.344,0.036,4.4,1.29,1859,0,0,0,0
53.08,8,3,utilities,0.207,0.023,12.9,0.99,2019,0,0,1,0
30.95,6,4,entertainment,0.099,0.301,0.6,1.3,2728,0,0,1,0
45.54,15,1,gas_transport,0.202,0.325,8.6,0.81,2108,0,0,0,0
25.74,12,2,utilities,0.095,0.104,20.7,0.64,1256,0,0,1,0
50.8,14,2,gas_transport,0.091,0.076,0.8,0.82,3529,0,0,0,0
18.87,20,2,grocery,0.119,0.078,17.2,0.66,2312,0,0,1,0
668.06,23,18,electronics,0.885,0.742,1909.0,3.01,119,1,0,1,1
25.88,8,2,grocery,0.19,0.19,5.6,0.82,728,0,0,1,0
120.0,0,4,clothing,0.69,0.655,302.9,5.15,10,1,1,1,1
8.9,9,2,grocery,0.18,0.129,6.4,0.58,337,0,0,1,0
45.21,9,3,gas_transport,0.051,0.076,12.5,0.63,588,0,0,0,0
16.54,12,2,dining,0.212,0.221,21.9,1.15,417,0,0,0,0
37.97,12,1,grocery,0.064,0.25,6.0,1.0,1693,0,0,0,0
46.38,5,1,utilities,0.051,0.057,11.2,0.77,742,0,0,0,0
25.42,17,1,dining,0.257,0.02,15.2,1.12,3595,1,0,0,0
38.48,8,4,travel,0.258,0.057,4.0,0.68,1685,0,0,1,0
156.68,9,1,entertainment,0.024,0.162,9.0,1.07,1279,0,0,1,0
120.0,0,5,retail,0.662,0.6,1952.8,7.06,25,3,1,1,1
743.28,2,12,electronics,0.621,0.905,1391.5,9.09,315,2,1,1,1
113.21,17,3,dining,0.184,0.163,1.4,0.78,3308,0,1,1,0
20.73,12,1,travel,0.37,0.5,20.2,0.81,2417,0,0,1,0
93.58,16,1,dining,0.178,0.05,6.4,1.13,2223,0,0,1,0
77.27,21,3,retail,0.158,0.193,44.7,0.97,3349,0,0,0,0
61.85,11,1,entertainment,0.074,0.064,17.9,0.65,2527,0,0,0,0
32.46,11,1,travel,0.081,0.066,1.4,0.84,1539,0,0,0,0
20.39,11,3,gas_transport,0.238,0.062,13.8,1.02,2812,0,0,1,0
181.41,23,1,travel,0.015,0.033,34.6,0.63,831,0,1,0,0
25.9,23,3,clothing,0.3,0.221,10.7,1.04,986,0,0,1,0
45.73,15,1,dining,0.101,0.073,7.3,1.12,984,0,0,1,0
66.85,15,1,utilities,0.342,0.26,7.4,1.2,217,0,0,0,0
91.37,7,1,gas_transport,0.023,0.031,0.6,1.1,3050,0,0,1,0
81.31,10,2,grocery,0.034,0.147,4.4,1.25,608,0,0,1,0
123.74,13,3,dining,0.029,0.024,4.4,0.91,2529,0,0,1,0
23.53,10,2,entertainment,0.047,0.18,9.1,0.43,2997,0,0,0,0
8.87,9,2,clothing,0.01,0.176,1.0,1.27,386,0,0,1,0
47.83,22,2,electronics,0.01,0.066,15.0,1.14,2627,1,0,1,0
31.44,16,1,electronics,0.071,0.029,25.3,1.26,2873,0,0,1,0
22.79,20,4,grocery,0.06,0.23,11.7,0.68,2298,0,0,1,0
17.72,12,2,grocery,0.172,0.074,8.0,0.69,2025,0,0,1,0
51.83,22,1,clothing,0.188,0.039,5.0,1.01,1129,0,0,0,0
37.63,16,1,dining,0.025,0.137,3.8,0.8,1314,0,0,0,0
177.42,16,7,retail,0.617,0.765,688.9,5.6,6,3,0,0,1
8.67,13,1,entertainment,0.023,0.171,2.5,1.15,1180,2,0,0,0
704.22,21,11,electronics,0.8,0.64,1133.6,8.85,57,3,1,1,1
48.31,7,4,entertainment,0.019,0.064,17.7,1.55,1232,0,1,1,0
125.38,11,1,entertainment,0.022,0.173,19.4,0.84,534,0,0,0,0
34.86,19,2,dining,0.157,0.133,5.6,1.69,1057,0,1,0,0
89.5,14,1,grocery,0.195,0.098,4.7,0.52,3000,0,0,1,0
3390.26,2,9,travel,0.654,0.719,713.2,5.21,32,2,0,1,1
64.0,18,8,gas_transport,0.104,0.047,9.8,0.97,3479,1,0,1,0
8.19,13,1,health_beauty,0.01,0.184,0.5,0.95,1638,0,0,1,0
221.45,5,3,clothing,0.757,0.834,3038.7,3.2,474,4,0,1,1
72.96,5,5,dining,0.319,0.037,2.5,0.52,1904,0,0,0,0
40.01,20,3,retail,0.039,0.147,13.2,1.26,1432,0,0,1,0
30.16,0,1,travel,0.08,0.228,2.5,0.75,1106,0,0,0,0
16.97,15,1,electronics,0.082,0.268,14.1,1.17,3244,0,1,1,0
65.44,11,1,clothing,0.081,0.087,12.3,1.2,1606,0,0,0,0
17.92,11,2,gas_transport,0.046,0.095,2.4,0.92,1583,0,0,0,0
210.21,16,4,dining,0.175,0.01,0.1,1.02,2010,0,0,1,0
16.54,20,2,clothing,0.074,0.194,12.1,1.3,3550,0,0,0,0
14.3,11,5,electronics,0.086,0.141,10.9,1.45,3544,0,0,0,0
24.98,10,6,entertainment,0.034,0.248,8.7,1.16,694,0,0,0,0
68.55,16,2,entertainment,0.213,0.081,33.3,0.31,2585,0,0,1,0
186.11,12,1,clothing,0.016,0.107,18.3,1.61,835,0,0,1,0
19.48,11,2,grocery,0.201,0.403,40.3,0.82,371,0,0,1,0
35.29,13,3,gas_transport,0.01,0.041,41.7,1.57,3067,1,0,1,0
464.9,21,3,grocery,0.026,0.276,2.2,0.56,3263,0,0,0,0
25.04,13,1,dining,0.082,0.289,5.7,0.79,635,0,0,1,0
43.48,16,1,grocery,0.079,0.146,7.4,0.77,1769,0,0,0,0
25.12,22,2,entertainment,0.382,0.194,8.6,0.92,1230,0,0,0,0
116.12,15,1,dining,0.243,0.227,0.2,1.09,848,0,0,0,0
377.48,11,2,gas_transport,0.347,0.2,1.9,1.11,3463,0,0,1,0
120.0,1,7,electronics,0.852,0.877,70.3,1.8,150,3,1,1,1
833.35,0,5,electronics,0.752,0.734,1143.3,6.91,428,3,1,1,1
20.92,9,5,entertainment,0.099,0.396,1.2,1.13,2966,0,0,0,0
57.79,11,5,health_beauty,0.315,0.04,12.0,0.66,690,0,0,0,0
663.53,6,7,clothing,0.817,0.705,101.4,2.43,141,0,1,1,1
183.09,8,4,clothing,0.124,0.157,12.6,1.01,2106,0,0,0,0
22.74,9,3,entertainment,0.13,0.123,14.4,0.78,1302,0,0,0,0
71.98,7,1,grocery,0.083,0.03,3.0,0.83,2967,0,0,1,0
17.38,16,1,gas_transport,0.126,0.106,1.8,1.05,199,0,0,0,0
62.67,9,1,grocery,0.114,0.155,25.0,1.32,1021,0,0,1,0
38.0,6,1,retail,0.063,0.08,2.9,1.23,906,0,1,0,0
109.59,23,1,grocery,0.05,0.282,10.7,0.94,667,0,0,1,0
33.22,22,1,health_beauty,0.022,0.01,19.2,1.32,3342,0,0,0,0
42.48,15,1,clothing,0.096,0.24,19.9,1.15,3194,0,0,0,0
97.82,11,1,clothing,0.305,0.349,0.1,1.11,944,0,0,0,0
81.91,8,3,health_beauty,0.079,0.117,2.5,1.11,3072,0,0,1,0
86.33,19,4,retail,0.203,0.154,16.8,0.99,1434,0,0,1,0
105.46,12,2,clothing,0.069,0.086,4.9,1.24,296,0,0,0,0
38.77,12,3,dining,0.051,0.141,9.9,0.21,3259,0,0,0,0
27.06,11,1,entertainment,0.19,0.303,1.0,0.81,1783,0,0,0,0
151.17,0,1,travel,0.098,0.111,11.4,1.32,489,0,0,1,0
145.11,23,6,travel,0.818,0.918,197.0,14.77,225,4,0,1,1
28.59,9,1,grocery,0.14,0.081,8.7,1.06,1731,0,0,1,0
105.34,3,1,clothing,0.063,0.5,3.9,0.85,3549,0,0,0,0
13.39,12,1,grocery,0.313,0.187,6.1,0.92,1951,0,0,0,0
134.06,15,2,dining,0.111,0.06,3.8,0.64,2599,0,0,0,0
120.0,21,8,electronics,0.692,0.638,61.3,3.66,148,1,0,0,1
543.26,21,9,electronics,0.808,0.698,1899.2,9.87,122,1,1,1,1
120.2,12,1,dining,0.033,0.346,1.5,1.34,1308,0,0,0,0
104.39,11,1,gas_transport,0.087,0.1,12.7,0.39,3311,0,0,1,0
22.39,6,1,clothing,0.153,0.191,0.4,0.86,3488,0,1,0,0
39.17,6,2,entertainment,0.2,0.087,12.0,1.01,2418,1,0,0,0
61.94,9,1,travel,0.086,0.017,4.7,1.0,505,0,0,0,0
160.03,12,1,grocery,0.018,0.088,0.1,0.85,1486,0,0,0,0
66.22,20,2,utilities,0.237,0.252,1.3,1.16,214,0,0,1,0
175.89,22,14,electronics,0.886,0.792,598.8,3.74,60,4,1,1,1
39.36,18,1,dining,0.037,0.385,26.1,0.58,3212,0,0,1,0
59.54,9,1,dining,0.183,0.033,12.7,0.88,997,0,0,1,0
92.42,22,2,dining,0.08,0.492,8.2,1.27,400,1,0,1,0
16.41,13,2,travel,0.217,0.27,6.6,0.5,3318,0,0,1,0
6.6,12,1,gas_transport,0.043,0.01,11.4,1.03,1904,1,0,0,0
114.25,9,1,grocery,0.031,0.141,47.4,1.2,3237,0,0,0,0
29.8,11,1,clothing,0.212,0.14,30.9,0.3,1105,0,0,1,0
34.84,1,1,gas_transport,0.091,0.028,14.7,1.03,2833,0,1,0,0
19.52,3,1,dining,0.121,0.114,2.5,1.18,1700,0,0,1,0
349.88,7,1,grocery,0.338,0.134,0.5,0.84,2419,0,0,1,0
47.12,7,1,grocery,0.195,0.13,16.4,0.83,403,0,0,1,0
96.54,15,3,clothing,0.047,0.446,0.8,1.51,1270,0,0,1,0
35.67,10,2,electronics,0.044,0.209,59.7,0.48,1227,0,0,0,0
25.17,18,2,retail,0.066,0.065,21.6,1.69,725,0,0,0,0
96.89,10,2,dining,0.118,0.202,39.3,1.08,591,0,0,0,0
120.0,5,8,electronics,0.612,0.927,417.3,1.8,2,4,1,1,1
41.44,6,2,grocery,0.201,0.076,8.6,0.96,2527,0,0,0,0
39.98,20,3,grocery,0.222,0.213,18.9,1.55,496,0,0,1,0
15.19,16,3,electronics,0.041,0.073,18.9,0.96,458,0,0,1,0
30.35,13,2,dining,0.178,0.289,3.8,1.03,3090,0,0,0,0
53.25,8,3,dining,0.038,0.142,12.1,0.71,3558,0,0,1,0
5.0,17,1,retail,0.278,0.116,11.6,0.84,3400,0,0,0,0
49.81,11,1,clothing,0.044,0.155,0.6,1.47,3428,0,0,0,0
275.32,9,2,grocery,0.013,0.49,20.6,1.18,576,2,0,0,0
42.84,6,3,electronics,0.252,0.096,7.6,1.23,2356,0,0,1,0
44.07,12,2,dining,0.07,0.053,9.9,0.76,683,0,0,1,0
14.33,14,3,gas_transport,0.253,0.092,18.5,1.25,737,0,0,1,0
20.19,6,1,utilities,0.275,0.273,2.7,0.7,1266,0,0,0,0
93.78,6,2,dining,0.065,0.092,16.0,0.83,2273,0,0,1,0
26.01,15,1,grocery,0.45,0.102,2.7,0.76,3071,0,0,0,0
88.55,15,2,grocery,0.013,0.341,14.6,0.96,1520,0,0,1,0
15.49,20,4,grocery,0.211,0.481,12.0,1.42,1577,0,0,1,0
160.91,12,1,travel,0.134,0.222,3.9,1.15,975,0,0,1,0
125.3,16,1,gas_transport,0.378,0.045,3.2,0.65,3113,0,0,1,0
37.37,16,1,dining,0.018,0.099,11.2,1.05,2220,0,0,1,0
23.39,14,1,grocery,0.026,0.27,3.1,1.06,1267,0,0,0,0
49.53,12,5,dining,0.256,0.093,10.7,1.52,1941,0,0,1,0
45.45,7,2,grocery,0.038,0.195,16.9,0.41,3590,0,0,0,0
28.51,23,1,health_beauty,0.45,0.076,5.9,1.45,3360,0,0,1,0
42.84,11,2,dining,0.022,0.349,0.5,0.94,3493,0,0,1,0
95.82,7,2,gas_transport,0.186,0.288,58.1,0.67,484,0,0,1,0
52.25,14,1,grocery,0.18,0.1,10.0,0.95,1675,0,0,0,0
121.74,21,3,grocery,0.013,0.324,9.6,0.98,1938,0,0,0,0
95.62,9,6,dining,0.176,0.023,3.4,0.67,2408,0,0,0,0
101.85,16,1,electronics,0.036,0.28,11.6,0.22,726,1,0,0,0
27.73,16,1,dining,0.232,0.291,12.0,0.56,267,1,0,0,0
38.52,12,1,utilities,0.099,0.077,6.4,1.41,2314,1,0,0,0
14.77,13,1,dining,0.252,0.048,10.2,0.89,2474,0,0,0,0
45.46,9,1,grocery,0.246,0.391,9.0,0.63,1540,0,0,1,0
70.89,11,1,health_beauty,0.201,0.018,10.6,1.15,2453,0,0,1,0
13.4,21,1,travel,0.055,0.065,4.7,1.67,1864,0,0,0,0
83.93,8,1,dining,0.155,0.134,20.3,0.94,1782,0,1,0,0
16.98,9,2,utilities,0.418,0.031,5.8,1.1,2812,0,0,0,0
738.86,15,12,electronics,0.733,0.698,854.2,6.77,46,3,0,1,1
46.53,7,4,entertainment,0.051,0.177,8.6,0.54,581,1,0,1,0
20.33,23,4,dining,0.141,0.169,8.0,1.27,1773,2,0,1,0
413.96,2,8,grocery,0.808,0.726,2997.2,5.76,251,2,0,1,1
14.75,19,3,grocery,0.01,0.176,2.5,1.12,2818,0,0,1,0
39.95,12,1,grocery,0.057,0.091,10.8,0.61,2284,0,0,1,0
200.62,10,2,grocery,0.201,0.14,30.5,1.37,2480,0,0,1,0
24.6,7,5,gas_transport,0.042,0.177,4.5,1.06,445,0,0,1,0
36.25,7,3,clothing,0.12,0.062,5.6,1.42,3232,0,0,1,0
49.68,21,2,entertainment,0.152,0.35,1.5,1.04,1141,0,0,0,0
37.67,11,1,travel,0.088,0.083,1.8,0.84,2166,0,0,1,0
20.39,21,1,gas_transport,0.077,0.099,24.9,1.25,2910,0,0,1,0
94.39,23,2,grocery,0.1,0.025,17.8,0.48,819,0,0,0,0
64.57,2,2,utilities,0.029,0.355,13.2,0.63,2368,0,0,0,0
72.45,22,1,entertainment,0.057,0.5,1.9,1.51,3274,0,0,1,0
31.36,8,1,clothing,0.079,0.418,10.0,0.43,3189,0,0,0,0
115.92,17,2,entertainment,0.055,0.139,12.7,0.87,2552,0,0,1,0
60.29,10,3,dining,0.036,0.307,19.0,0.99,2042,0,0,1,0
46.08,14,2,utilities,0.194,0.028,25.3,1.07,3290,0,0,1,0
56.32,10,4,grocery,0.066,0.082,12.9,0.96,622,0,0,0,0
29.26,14,2,dining,0.048,0.218,0.8,0.41,1192,0,0,1,0
21.61,8,1,travel,0.053,0.109,19.2,0.62,1130,0,0,1,0
33.93,14,1,travel,0.183,0.211,13.7,1.6,1983,0,0,1,0
131.92,10,3,clothing,0.01,0.421,8.3,0.57,1859,0,0,1,0
86.78,18,3,grocery,0.107,0.204,16.8,0.79,3071,0,0,0,0
46.19,8,1,electronics,0.012,0.039,2.3,1.19,2307,0,0,1,0
36.31,7,1,health_beauty,0.186,0.016,1.2,1.12,2429,0,0,1,0
47.8,14,4,dining,0.123,0.124,37.6,0.79,2080,0,0,0,0
133.61,19,1,dining,0.063,0.142,21.6,0.83,3295,0,0,1,0
48.54,11,4,gas_transport,0.103,0.108,1.8,0.94,716,0,0,1,0
91.41,20,1,dining,0.45,0.152,5.5,1.95,2276,0,0,1,0
72.79,14,2,utilities,0.051,0.385,2.2,1.75,2103,0,0,1,0
53.19,9,1,grocery,0.055,0.069,0.8,0.6,2212,0,0,1,0
186.39,8,1,retail,0.033,0.236,10.5,1.04,2795,0,0,1,0
190.35,3,6,dining,0.815,0.689,329.4,2.97,371,0,1,1,1
47.4,8,2,health_beauty,0.201,0.225,2.6,0.96,3216,0,0,1,0
183.53,15,1,dining,0.095,0.284,8.1,0.97,699,0,0,0,0
56.42,16,1,dining,0.134,0.107,5.4,1.02,228,1,0,0,0
67.15,7,1,entertainment,0.062,0.091,4.8,1.07,3258,0,0,0,0
135.43,19,1,dining,0.204,0.083,5.2,1.04,212,1,0,1,0
202.37,14,1,clothing,0.064,0.104,18.3,0.95,3263,0,0,1,0
58.03,9,3,retail,0.359,0.381,9.0,1.34,1427,0,0,0,0
43.88,9,1,clothing,0.037,0.128,7.6,0.57,1459,0,0,0,0
123.91,16,5,travel,0.197,0.05,6.5,1.09,2778,1,0,1,0
171.09,1,1,grocery,0.158,0.091,15.2,1.32,3144,0,0,0,0
119.39,13,1,grocery,0.287,0.15,16.4,0.2,2919,0,0,0,0
150.02,16,4,entertainment,0.18,0.035,0.3,1.1,3597,0,0,0,0
39.32,16,2,entertainment,0.041,0.283,7.2,1.16,1483,0,0,1,0
38.97,13,4,dining,0.135,0.09,0.6,1.14,2924,0,0,0,0
818.17,2,5,clothing,0.613,0.438,187.9,6.73,260,1,1,1,1
52.36,7,2,grocery,0.187,0.261,19.5,0.9,2059,0,0,1,0
59.69,15,5,clothing,0.087,0.084,22.4,0.33,463,0,0,1,0
44.81,2,1,retail,0.165,0.146,6.3,1.05,611,0,0,1,0
54.3,13,4,grocery,0.017,0.153,15.6,0.89,2493,0,0,1,0
20.27,14,1,grocery,0.073,0.139,6.9,1.24,212,1,0,0,0
143.11,8,2,grocery,0.082,0.094,17.7,0.67,296,0,0,1,0
33.31,12,1,gas_transport,0.208,0.13,7.7,1.15,2537,0,0,0,0
89.14,17,1,gas_transport,0.174,0.097,1.8,1.13,3288,0,0,0,0
27.96,17,1,health_beauty,0.093,0.108,0.1,0.96,1934,0,0,1,0
53.69,12,4,grocery,0.024,0.091,31.8,1.29,1964,0,0,1,0
45.47,9,3,electronics,0.05,0.064,3.0,0.69,740,0,0,0,0
27.64,16,3,health_beauty,0.209,0.097,24.2,0.58,3160,0,0,1,0
317.67,1,11,electronics,0.59,0.878,338.2,2.77,117,3,0,1,1
100.16,7,3,dining,0.136,0.221,10.0,0.61,1734,0,0,1,0
40.44,22,1,dining,0.066,0.109,11.6,0.32,1110,0,0,1,0
102.61,18,2,travel,0.102,0.034,10.5,0.79,1189,0,0,1,0
88.45,10,3,retail,0.079,0.079,2.7,1.0,2286,0,0,1,0
51.27,12,4,grocery,0.053,0.368,0.6,1.01,217,0,0,1,0
80.1,19,2,grocery,0.156,0.103,5.2,0.87,2899,0,0,0,0
8.3,11,1,gas_transport,0.056,0.142,7.6,0.2,3536,0,0,0,0
55.22,11,1,dining,0.143,0.14,7.8,1.35,1125,0,0,0,0
15.24,12,1,electronics,0.132,0.01,0.5,0.98,2914,0,0,1,0
81.4,11,3,grocery,0.157,0.198,1.5,1.34,1055,0,1,0,0
65.24,13,2,health_beauty,0.103,0.16,2.9,0.93,2789,0,0,1,0
11.62,11,2,dining,0.049,0.287,27.7,1.2,1026,0,1,1,0
60.84,7,2,retail,0.111,0.218,0.2,1.79,1263,0,0,1,0
14.98,16,5,gas_transport,0.089,0.147,2.1,0.98,3584,0,0,1,0
35.11,17,1,dining,0.012,0.352,16.7,0.87,3420,0,0,1,0
23.71,20,2,dining,0.221,0.208,5.5,0.99,1845,0,0,1,0
80.28,10,1,grocery,0.189,0.048,27.6,0.97,786,0,0,1,0
29.78,18,1,travel,0.119,0.485,0.1,1.5,1591,0,1,0,0
34.91,12,1,grocery,0.018,0.01,3.2,1.2,2825,0,0,1,0
7.71,13,4,health_beauty,0.138,0.02,1.6,0.94,3000,0,0,1,0
23.27,9,2,clothing,0.01,0.069,2.7,0.9,1123,0,0,0,0
16.15,11,1,travel,0.01,0.135,24.7,0.42,3202,0,0,1,0
75.14,11,1,retail,0.132,0.174,2.7,0.37,2667,0,0,1,0
42.36,6,2,entertainment,0.023,0.099,17.8,1.42,3203,0,0,1,0
48.94,7,1,dining,0.283,0.312,52.4,1.19,2156,0,1,0,0
191.54,9,4,dining,0.158,0.075,2.0,1.13,599,0,0,0,0
57.13,17,2,retail,0.309,0.114,20.9,1.2,2915,0,0,0,0
46.52,15,1,entertainment,0.063,0.485,1.6,1.23,1052,0,0,0,0
296.22,12,2,grocery,0.06,0.172,23.1,1.37,3484,0,0,1,0
23.76,14,1,grocery,0.065,0.182,14.0,1.11,455,0,0,0,0
39.9,13,1,clothing,0.087,0.088,8.1,0.65,1428,2,0,0,0
84.92,7,2,dining,0.277,0.094,6.2,0.27,1989,0,0,1,0
25.06,20,1,utilities,0.03,0.092,6.6,0.72,257,0,0,1,0
51.78,14,1,dining,0.057,0.109,0.3,0.68,1604,0,0,0,0
240.97,13,1,travel,0.061,0.139,6.5,1.5,2005,1,0,1,0
42.21,11,1,dining,0.014,0.061,3.7,0.53,3062,0,0,1,0
71.54,12,1,entertainment,0.265,0.043,0.1,0.82,778,0,0,0,0
129.11,9,1,dining,0.042,0.047,27.1,1.05,1421,0,0,1,0
7.51,17,2,clothing,0.028,0.09,14.6,1.05,535,0,0,1,0
96.4,11,2,health_beauty,0.205,0.11,2.6,1.17,1165,0,0,1,0
9.26,14,2,dining,0.266,0.155,39.2,0.94,3322,0,0,1,0
91.34,18,2,grocery,0.176,0.108,10.2,1.38,1291,0,0,0,0
541.31,2,12,electronics,0.737,0.915,1686.8,2.12,219,2,1,1,1
17.44,11,1,grocery,0.07,0.061,2.7,1.11,975,0,0,1,0
34.76,11,1,dining,0.291,0.153,10.6,0.76,2571,0,0,0,0
146.28,0,8,travel,0.498,0.887,476.7,1.8,737,3,0,1,1
2340.95,5,10,travel,0.656,0.82,440.4,10.3,232,2,0,1,1
21.94,6,2,grocery,0.105,0.132,8.4,1.24,603,0,0,0,0
176.74,8,1,travel,0.078,0.126,1.1,0.47,2369,0,0,1,0
36.99,21,1,health_beauty,0.078,0.155,23.5,0.85,3244,0,0,0,0
41.88,7,1,grocery,0.069,0.036,23.2,0.57,3086,0,0,0,0
68.61,21,1,dining,0.258,0.042,24.3,1.18,202,0,0,1,0
94.53,15,4,clothing,0.109,0.243,10.8,1.11,1495,0,0,1,0
64.76,16,3,clothing,0.099,0.351,12.5,1.11,2162,0,0,1,0
22.63,6,4,electronics,0.241,0.042,9.0,1.33,1393,1,0,1,0
84.64,12,1,dining,0.154,0.435,39.2,0.91,2326,1,0,1,0
26.61,9,2,dining,0.232,0.049,8.0,1.3,2668,0,0,0,0
34.51,12,2,grocery,0.132,0.286,5.8,1.3,3548,0,0,1,0
25.61,21,2,retail,0.236,0.5,4.2,0.53,1000,0,0,0,0
19.59,11,1,gas_transport,0.011,0.166,28.4,1.5,2800,0,0,1,0
45.84,13,1,clothing,0.205,0.368,12.5,1.05,3031,0,0,1,0
66.86,10,3,utilities,0.209,0.092,42.4,1.59,3246,0,0,1,0
264.16,14,9,travel,0.655,0.716,646.5,6.41,11,1,1,1,1
67.23,7,1,gas_transport,0.187,0.374,2.5,0.87,1908,0,0,1,0
738.6,3,8,dining,0.626,0.616,300.6,7.1,23,3,0,1,1
60.04,16,1,retail,0.077,0.221,4.2,1.38,1052,0,0,1,0
37.38,15,3,grocery,0.432,0.123,19.7,0.28,696,0,0,1,0
265.96,3,4,travel,0.667,0.389,100.5,6.06,116,3,0,1,1
81.97,10,1,grocery,0.117,0.444,11.5,0.85,816,0,0,1,0
13.78,12,1,grocery,0.058,0.163,12.8,0.96,196,0,0,1,0
147.21,12,5,gas_transport,0.07,0.177,1.1,1.04,3180,0,0,1,0
58.07,12,1,health_beauty,0.272,0.079,7.9,0.5,1531,0,0,1,0
31.11,13,1,utilities,0.069,0.067,18.1,0.82,3477,0,0,1,0
96.95,8,3,dining,0.131,0.319,8.7,0.51,224,2,0,1,0
43.68,19,1,grocery,0.055,0.461,3.2,1.02,2243,0,0,1,0
68.14,12,2,entertainment,0.147,0.104,4.0,0.96,2131,0,0,0,0
56.07,13,4,gas_transport,0.14,0.034,0.4,0.36,465,0,0,1,0
45.49,7,1,gas_transport,0.017,0.053,6.2,1.17,1248,0,0,0,0
228.67,13,1,health_beauty,0.011,0.25,20.0,1.02,324,0,0,1,0
49.33,18,2,entertainment,0.024,0.326,21.6,1.17,2348,0,0,1,0
65.57,10,7,clothing,0.074,0.107,24.4,0.96,462,0,0,0,0
54.13,5,1,grocery,0.424,0.093,8.5,1.23,2002,0,1,1,0
220.31,6,5,electronics,0.712,0.768,120.2,6.33,1200,2,1,1,1
24.5,9,1,grocery,0.033,0.021,27.4,1.04,679,0,0,1,0
407.67,4,10,electronics,0.821,0.488,33.8,6.95,4,0,1,1,1
370.94,4,11,electronics,0.733,0.872,1575.7,6.69,222,1,0,1,1
50.42,7,1,grocery,0.106,0.5,14.3,1.53,781,1,0,0,0
63.36,8,6,clothing,0.01,0.355,20.2,0.49,1077,0,0,0,0
99.99,12,1,grocery,0.195,0.09,24.8,0.55,1476,0,0,0,0
51.34,11,4,retail,0.405,0.088,13.0,1.24,311,0,0,0,0
14.88,8,3,health_beauty,0.143,0.303,8.8,1.2,1857,0,0,0,0
91.6,20,1,clothing,0.138,0.137,5.0,0.64,1206,0,0,1,0
33.72,13,3,grocery,0.207,0.352,2.3,0.78,1356,0,0,0,0
39.01,23,2,clothing,0.206,0.198,17.3,1.09,2330,0,0,1,0
70.83,14,1,grocery,0.168,0.221,10.6,1.05,530,0,0,1,0
49.95,12,1,grocery,0.012,0.242,2.4,0.8,3377,0,0,0,0
22.96,16,3,grocery,0.078,0.117,5.2,1.14,1515,0,0,1,0
43.91,14,5,grocery,0.042,0.055,33.1,1.34,466,0,0,1,0
25.78,8,1,retail,0.121,0.244,0.5,1.08,3471,0,0,1,0
76.79,10,1,grocery,0.18,0.03,3.9,1.15,2513,0,1,1,0
114.84,12,4,travel,0.174,0.082,2.7,0.67,2272,0,0,0,0
212.44,10,1,dining,0.01,0.096,7.4,0.93,1914,0,0,1,0
88.21,13,1,entertainment,0.026,0.094,12.3,1.42,2116,0,0,1,0
34.43,18,2,dining,0.044,0.014,6.8,1.08,3568,0,0,0,0
36.64,10,1,travel,0.305,0.163,19.3,0.78,1144,0,0,0,0
628.33,1,4,health_beauty,0.765,0.79,358.9,7.43,50,1,1,1,1
69.39,16,1,gas_transport,0.068,0.078,0.2,1.17,410,0,0,1,0
313.13,4,12,gas_transport,0.763,0.881,579.3,9.85,187,3,0,1,1
48.05,19,3,travel,0.012,0.327,1.0,0.92,306,0,0,1,0
65.27,18,1,clothing,0.149,0.173,11.6,0.72,1128,0,0,1,0
106.34,0,1,grocery,0.036,0.033,5.2,1.41,444,0,1,1,0
259.13,14,2,grocery,0.086,0.185,6.6,0.7,1279,0,0,1,0
41.06,7,2,clothing,0.291,0.052,6.5,0.8,1789,0,0,0,0
53.26,12,1,electronics,0.297,0.283,1.6,1.07,2387,0,0,0,0
97.53,16,1,clothing,0.148,0.064,1.8,0.75,2388,0,0,1,0
53.0,7,1,gas_transport,0.121,0.028,3.7,0.2,1019,0,0,0,0
19.95,9,3,grocery,0.053,0.092,18.7,1.66,1459,0,0,0,0
3494.82,6,6,clothing,0.621,0.657,379.8,5.42,68,1,0,1,1
302.08,15,1,gas_transport,0.075,0.111,5.8,0.72,3263,0,0,1,0
22.58,10,2,dining,0.074,0.5,12.8,0.78,575,0,0,0,0
120.0,4,8,travel,0.762,0.607,712.1,5.58,87,2,0,1,1
18.22,8,1,utilities,0.042,0.272,20.9,0.75,993,0,0,0,0
2745.49,16,10,electronics,0.76,0.761,782.7,4.51,232,3,0,1,1
243.09,11,5,utilities,0.112,0.212,81.9,0.64,770,0,0,0,0
69.73,9,5,grocery,0.028,0.146,1.3,0.95,2025,0,0,1,0
23.48,7,2,health_beauty,0.1,0.191,39.0,1.05,888,0,0,1,0
41.12,8,1,dining,0.132,0.01,10.7,0.74,2118,0,0,1,0
32.94,10,1,clothing,0.024,0.377,3.2,1.48,1995,0,0,1,0
24.85,15,1,entertainment,0.019,0.171,2.6,1.2,2889,0,1,0,0
39.66,1,1,health_beauty,0.266,0.119,5.1,0.79,2043,0,0,0,0
66.09,8,1,grocery,0.045,0.115,9.8,1.32,1313,0,1,0,0
7.62,15,5,gas_transport,0.202,0.27,2.2,0.97,2261,0,0,0,0
81.82,18,1,electronics,0.055,0.044,9.8,0.62,3199,0,0,1,0
29.09,14,2,retail,0.01,0.162,7.6,0.68,869,0,0,0,0
15.39,5,3,grocery,0.012,0.351,18.0,0.62,3465,0,0,1,0
431.83,0,4,electronics,0.953,0.566,165.2,5.37,425,2,0,1,1
25.36,8,3,grocery,0.079,0.186,5.0,0.55,734,0,1,0,0
37.77,9,1,dining,0.134,0.184,42.6,1.32,2566,0,0,1,0
37.46,10,3,grocery,0.378,0.207,9.4,1.03,2106,0,0,1,0
2256.13,4,6,retail,0.642,0.911,836.4,5.53,298,1,0,1,1
44.43,19,2,entertainment,0.148,0.023,19.3,0.91,1984,0,0,0,0
15.2,19,1,grocery,0.114,0.09,2.0,1.49,2714,0,0,0,0
320.73,15,3,grocery,0.057,0.184,9.6,0.63,1634,0,0,1,0
32.11,10,1,dining,0.139,0.478,1.1,0.9,3038,0,0,1,0
39.72,8,1,electronics,0.45,0.156,13.3,1.06,700,0,0,0,0
34.36,10,1,entertainment,0.031,0.228,11.7,1.02,1181,0,0,0,0
52.02,13,4,grocery,0.061,0.146,5.1,1.3,1118,0,1,0,0
93.35,10,3,retail,0.118,0.157,26.6,1.67,3220,0,0,1,0
25.45,11,4,dining,0.118,0.184,0.6,1.31,529,0,0,1,0
34.24,16,1,dining,0.103,0.486,31.2,0.89,3355,0,0,1,0
151.2,10,4,electronics,0.382,0.034,10.8,0.87,1915,0,0,1,0
16.83,17,1,entertainment,0.01,0.275,5.0,1.03,2407,0,0,1,0
1220.18,20,7,travel,0.919,0.718,386.6,4.95,203,1,0,1,1
32.87,17,2,dining,0.153,0.062,12.5,1.25,1295,0,0,0,0
47.24,14,2,grocery,0.335,0.01,20.9,0.84,2880,0,0,1,0
38.48,12,1,retail,0.071,0.101,0.5,0.37,1995,0,0,0,0
218.54,9,2,electronics,0.01,0.124,18.9,0.78,279,0,0,0,0
9.75,6,1,utilities,0.073,0.472,4.8,1.16,3457,0,0,0,0
128.32,15,2,clothing,0.45,0.316,23.6,1.16,3131,0,0,1,0
54.78,22,2,clothing,0.219,0.2,7.8,1.26,2514,0,0,0,0
14.92,9,4,travel,0.027,0.085,2.1,0.93,3322,0,0,0,0
129.4,0,2,entertainment,0.032,0.214,20.3,1.41,2768,0,0,0,0
64.6,7,2,retail,0.099,0.166,3.9,1.09,3154,0,0,0,0
46.7,12,2,gas_transport,0.035,0.221,2.5,1.25,2450,0,0,1,0
59.04,14,3,dining,0.046,0.105,20.4,0.75,1505,0,0,1,0
23.27,1,1,electronics,0.217,0.233,10.7,0.38,1973,0,0,0,0
28.27,0,5,health_beauty,0.031,0.098,7.2,0.9,1937,0,0,0,0
885.97,1,7,travel,0.693,0.516,194.1,6.14,580,3,1,0,1
75.7,7,1,dining,0.01,0.122,8.7,0.58,1217,1,0,1,0
27.95,9,4,utilities,0.169,0.153,4.8,1.31,1172,0,0,1,0
86.12,10,4,gas_transport,0.268,0.435,2.6,0.8,2209,0,0,1,0
28.51,6,1,dining,0.202,0.5,5.5,0.55,3086,0,0,1,0
39.45,17,1,travel,0.064,0.182,12.5,1.23,3386,0,0,1,0
23.29,15,3,grocery,0.056,0.196,7.9,0.69,1856,0,0,1,0
24.6,12,4,grocery,0.041,0.236,10.4,1.32,2638,0,0,0,0
25.57,18,1,entertainment,0.092,0.311,10.7,1.05,1167,0,1,0,0
14.59,13,1,retail,0.246,0.466,13.6,1.08,1258,0,0,0,0
388.73,1,9,dining,0.755,0.629,15.0,9.3,57,4,1,1,1
45.93,22,1,dining,0.048,0.118,7.4,0.97,3162,0,0,0,0
77.14,19,2,entertainment,0.445,0.237,2.7,1.05,890,0,0,1,0
24.59,14,5,gas_transport,0.096,0.143,2.5,0.85,654,0,0,0,0
175.89,16,2,entertainment,0.084,0.227,36.8,0.79,2647,0,0,0,0
51.8,7,1,grocery,0.194,0.158,1.4,0.9,3532,0,0,0,0
20.42,12,5,health_beauty,0.083,0.04,32.1,0.35,769,0,0,1,0
23.31,14,2,electronics,0.087,0.012,25.3,1.42,2702,0,0,1,0
26.79,6,4,gas_transport,0.32,0.033,11.6,1.33,2634,0,0,1,0
45.29,18,2,entertainment,0.185,0.336,3.2,1.19,1964,0,0,0,0
23.39,8,2,dining,0.257,0.261,0.7,0.89,679,2,0,1,0
15.11,10,1,clothing,0.076,0.329,3.6,0.49,677,0,0,1,0
8.58,13,5,clothing,0.11,0.063,5.1,1.44,722,0,0,0,0
112.38,11,2,entertainment,0.288,0.5,5.7,1.16,925,0,0,1,0
309.52,7,2,gas_transport,0.177,0.343,1.0,1.1,751,0,0,1,0
106.5,22,1,dining,0.202,0.08,11.1,0.83,3188,0,0,1,0
412.5,0,9,gas_transport,0.724,0.99,322.2,6.58,83,1,1,1,1
30.36,12,3,retail,0.121,0.389,5.3,0.5,542,0,0,1,0
37.73,12,3,electronics,0.144,0.096,14.0,1.1,2840,0,0,1,0
108.68,12,1,grocery,0.086,0.31,14.1,1.24,538,0,0,0,0
106.44,11,1,grocery,0.109,0.187,35.7,1.51,2152,0,0,0,0
96.6,16,5,dining,0.147,0.215,2.5,0.7,1584,0,0,1,0
171.6,18,1,grocery,0.196,0.08,36.3,1.09,2905,0,0,0,0
6.43,7,3,entertainment,0.207,0.117,0.9,0.75,952,0,1,1,0
51.44,15,3,grocery,0.329,0.169,1.0,0.78,1769,0,0,1,0
127.6,14,2,health_beauty,0.033,0.043,16.9,0.86,528,0,0,0,0
37.39,23,2,dining,0.054,0.5,6.1,1.43,2736,0,0,1,0
108.5,19,1,electronics,0.031,0.055,0.1,0.47,1642,1,0,0,0
65.21,8,3,grocery,0.081,0.39,19.5,0.81,2892,0,0,1,0
97.58,16,2,grocery,0.206,0.142,16.5,0.47,2348,0,0,0,0
3305.19,3,4,electronics,0.767,0.39,775.9,3.86,107,2,1,1,1
50.83,11,4,travel,0.013,0.114,3.9,1.34,262,0,0,1,0
76.23,0,2,dining,0.026,0.142,1.6,1.13,470,1,0,0,0
52.52,18,1,dining,0.061,0.284,2.3,0.57,1456,0,0,1,0
84.15,12,2,gas_transport,0.22,0.12,16.4,1.61,3106,0,0,0,0
111.26,18,1,gas_transport,0.111,0.095,3.9,0.85,393,0,0,1,0
24.05,18,3,clothing,0.066,0.085,18.1,0.72,3568,0,0,1,0
38.93,10,2,travel,0.123,0.244,2.0,0.97,2670,0,0,1,0
131.75,14,1,dining,0.02,0.018,9.9,1.12,2175,0,0,1,0
23.48,13,1,dining,0.264,0.056,12.6,0.78,520,0,0,1,0
24.86,5,1,clothing,0.032,0.133,7.4,1.04,903,0,0,1,0
34.45,18,5,grocery,0.091,0.203,1.0,0.38,1114,1,0,1,0
27.51,7,2,gas_transport,0.145,0.277,4.0,1.17,2427,0,0,0,0
12.58,20,1,grocery,0.145,0.079,2.6,0.77,1964,0,0,1,0
12.66,20,1,clothing,0.04,0.309,5.7,0.48,1606,0,0,0,0
43.85,11,2,utilities,0.057,0.229,4.9,1.14,2033,0,0,0,0
47.86,19,1,retail,0.094,0.1,5.8,0.59,620,0,0,1,0
54.99,1,1,retail,0.268,0.084,1.6,1.44,2268,0,0,1,0
42.02,9,2,utilities,0.229,0.291,3.4,0.71,717,0,0,0,0
55.22,9,2,gas_transport,0.043,0.142,2.7,0.79,3353,0,0,0,0
164.07,9,1,entertainment,0.145,0.436,18.4,1.08,1588,0,0,0,0
45.17,9,2,dining,0.327,0.123,13.5,0.8,486,0,0,1,0
227.04,21,7,travel,0.414,0.753,520.4,4.95,296,2,0,0,1
142.97,6,3,dining,0.215,0.17,6.8,1.32,368,1,0,1,0
54.14,10,1,clothing,0.108,0.025,14.1,0.93,1415,1,0,1,0
14.13,13,1,grocery,0.185,0.12,31.3,1.38,2200,0,0,1,0
77.45,9,1,entertainment,0.264,0.01,7.8,0.72,1227,0,0,1,0
66.32,11,5,dining,0.023,0.195,3.9,1.04,2800,0,0,1,0
38.9,12,5,gas_transport,0.091,0.118,35.6,0.61,482,0,0,0,0
93.07,9,1,grocery,0.261,0.243,10.3,0.36,1677,0,0,1,0
15.81,7,1,grocery,0.079,0.117,12.6,0.79,1449,0,0,0,0
15.32,16,1,clothing,0.132,0.229,5.1,0.64,1142,0,0,0,0
72.08,6,1,retail,0.039,0.077,12.8,0.71,1957,0,0,0,0
20.37,16,2,gas_transport,0.233,0.09,3.4,0.7,3049,0,0,1,0
54.58,12,2,retail,0.053,0.129,8.1,0.65,3022,0,0,1,0
63.65,15,1,electronics,0.329,0.197,12.2,0.8,270,0,0,1,0
53.79,13,1,travel,0.146,0.261,2.4,1.13,3299,0,0,0,0
171.13,18,7,electronics,0.747,0.71,178.8,7.23,1,3,1,1,1
20.6,15,1,entertainment,0.257,0.412,13.1,0.74,1855,0,0,0,0
28.67,19,1,utilities,0.148,0.23,40.7,1.26,2502,0,0,0,0
74.42,21,2,utilities,0.116,0.179,24.2,1.61,1618,0,0,1,0
29.53,22,3,grocery,0.083,0.287,7.0,1.3,1497,0,0,0,0
46.08,17,1,clothing,0.076,0.303,17.4,0.57,3525,0,0,1,0
28.85,17,1,retail,0.137,0.129,52.9,1.23,2243,1,0,1,0
17.41,13,2,gas_transport,0.01,0.192,2.8,0.95,619,0,0,0,0
142.7,9,1,gas_transport,0.127,0.03,10.6,1.28,1936,0,0,0,0
22.32,5,3,entertainment,0.086,0.124,26.3,1.22,2356,0,0,1,0
38.83,11,1,utilities,0.109,0.414,17.1,0.63,1695,0,0,1,0
19.28,17,2,health_beauty,0.345,0.113,4.8,0.72,2263,0,0,0,0
13.55,14,1,gas_transport,0.01,0.115,0.9,0.79,1972,0,0,0,0
47.7,12,1,electronics,0.253,0.283,4.7,0.8,676,0,0,1,0
29.9,17,1,health_beauty,0.058,0.198,3.3,1.25,1039,0,0,1,0
22.9,7,4,retail,0.283,0.045,7.5,1.21,2809,0,0,0,0
18.09,9,1,gas_transport,0.266,0.24,0.4,0.84,2415,0,0,1,0
50.83,11,3,grocery,0.03,0.069,54.7,0.47,3222,0,0,1,0
46.89,18,3,travel,0.014,0.492,2.2,1.04,1583,0,0,0,0
37.67,0,2,dining,0.386,0.264,29.3,0.54,1096,0,0,0,0
92.09,11,4,grocery,0.184,0.186,16.1,0.89,2906,0,0,0,0
78.56,17,3,utilities,0.144,0.324,0.1,1.12,868,0,1,1,0
1414.09,0,4,travel,0.92,0.501,32.5,4.07,168,1,0,1,1
105.67,9,1,gas_transport,0.128,0.08,0.6,1.31,2263,0,0,0,0
34.98,12,4,dining,0.128,0.107,7.5,1.42,3480,1,1,0,0
21.11,14,2,dining,0.227,0.214,40.4,1.02,1807,0,0,1,0
255.05,7,7,electronics,0.635,0.677,741.8,2.65,9,3,1,1,1
59.04,14,5,grocery,0.185,0.418,40.1,1.16,766,0,0,1,0
17.34,7,1,entertainment,0.073,0.259,8.5,0.66,2102,0,0,0,0
15.23,7,1,dining,0.45,0.154,2.2,0.98,379,0,0,1,0
36.8,1,1,dining,0.166,0.125,9.8,1.08,3592,1,0,0,0
203.86,15,5,dining,0.3,0.135,2.2,0.66,3059,0,0,1,0
56.56,11,2,grocery,0.283,0.025,7.2,0.75,1107,0,0,1,0
27.15,11,2,retail,0.265,0.051,10.5,1.49,1986,0,0,1,0
47.4,6,3,retail,0.037,0.107,59.8,0.95,764,0,0,1,0
46.43,20,2,utilities,0.035,0.068,13.0,0.84,1330,0,0,0,0
29.12,9,1,electronics,0.241,0.106,15.1,0.47,2427,0,0,1,0
44.02,5,2,dining,0.121,0.353,1.2,0.89,596,0,0,0,0
177.96,12,2,health_beauty,0.18,0.138,18.0,1.31,2190,0,0,0,0
11.43,15,1,utilities,0.189,0.147,17.6,0.49,1212,0,0,0,0
146.5,11,1,clothing,0.019,0.195,0.9,0.99,3075,0,0,0,0
29.4,13,1,health_beauty,0.111,0.232,16.0,0.94,757,0,0,1,0
75.11,13,2,grocery,0.166,0.053,3.9,0.98,1128,0,0,1,0
51.82,14,6,grocery,0.022,0.153,2.1,1.2,562,0,0,0,0
20.16,12,3,utilities,0.12,0.091,19.3,0.9,3170,0,0,0,0
89.11,21,2,gas_transport,0.186,0.077,7.1,0.94,2803,0,0,0,0
215.89,16,1,health_beauty,0.027,0.211,15.5,2.0,1700,0,0,0,0
53.6,6,6,grocery,0.038,0.259,30.9,0.91,2161,0,0,0,0
32.47,9,2,grocery,0.202,0.016,9.3,0.77,451,0,0,0,0
37.19,21,2,retail,0.137,0.012,18.6,1.1,3397,0,0,1,0
112.76,21,1,dining,0.2,0.037,14.1,0.81,992,0,0,0,0
18.91,16,5,gas_transport,0.095,0.201,0.2,0.66,875,0,0,1,0
37.02,18,1,dining,0.301,0.23,12.7,1.19,286,0,0,1,0
39.93,16,4,grocery,0.048,0.173,7.5,0.76,2892,1,0,0,0
42.9,5,2,electronics,0.142,0.226,6.3,0.87,3202,0,0,1,0
25.95,11,1,gas_transport,0.04,0.4,40.8,0.78,3446,0,0,0,0
33.47,18,2,gas_transport,0.045,0.282,6.5,1.11,1963,0,0,1,0
33.05,1,2,retail,0.076,0.132,63.3,0.93,1502,0,1,0,0
63.8,16,1,dining,0.123,0.274,21.6,1.02,3215,0,0,0,0
72.39,13,4,grocery,0.204,0.164,10.8,1.15,2243,0,0,1,0
33.16,12,1,gas_transport,0.067,0.192,31.8,1.05,3356,2,0,1,0
44.43,16,1,clothing,0.043,0.054,28.4,1.03,497,0,0,1,0
76.69,14,5,clothing,0.351,0.232,0.5,0.99,1721,0,0,1,0
22.85,16,2,grocery,0.182,0.288,18.9,1.47,2434,0,0,1,0
24.66,7,1,utilities,0.041,0.395,5.0,0.97,1385,0,0,0,0
131.99,16,2,health_beauty,0.119,0.208,16.2,1.06,1136,0,1,1,0
40.77,12,2,grocery,0.079,0.267,2.1,0.2,1588,0,0,0,0
11.74,10,1,entertainment,0.208,0.5,0.8,0.51,626,0,0,0,0
56.31,8,2,dining,0.061,0.183,5.0,1.11,534,0,0,1,0
133.13,7,6,grocery,0.133,0.152,1.2,1.13,2355,0,0,1,0
165.44,14,1,dining,0.069,0.208,1.8,1.24,405,0,0,1,0
59.32,16,2,grocery,0.083,0.386,4.0,1.11,2239,0,0,0,0
95.99,7,2,dining,0.086,0.34,7.9,0.78,1018,0,0,0,0
26.51,11,5,grocery,0.06,0.187,1.5,0.6,1092,0,0,1,0
28.47,6,4,dining,0.123,0.153,7.4,0.97,1027,1,0,1,0
48.73,10,3,grocery,0.45,0.018,6.0,1.34,1302,0,0,0,0
4309.13,6,11,entertainment,0.736,0.588,15.0,5.97,46,3,1,1,1
25.2,8,1,grocery,0.02,0.047,4.9,0.66,2672,0,0,0,0
11.83,14,3,entertainment,0.354,0.192,14.5,0.88,1708,0,0,0,0
143.26,17,1,dining,0.023,0.157,0.5,1.4,745,0,0,1,0
64.27,8,3,dining,0.377,0.172,15.4,1.56,302,0,0,1,0
56.38,14,2,clothing,0.044,0.122,11.6,0.73,289,0,0,1,0
29.22,16,1,electronics,0.279,0.337,14.7,1.24,2914,0,0,0,0
30.92,20,2,gas_transport,0.141,0.343,10.0,1.27,1752,0,0,1,0
42.94,17,1,grocery,0.05,0.1,15.6,0.63,3255,1,0,1,0
24.85,14,2,dining,0.049,0.285,3.0,0.48,2992,0,0,1,0
109.23,19,3,gas_transport,0.12,0.204,2.2,0.76,2874,0,0,1,0
539.73,20,5,retail,0.868,0.869,744.8,4.61,36,1,0,1,1
13.58,7,1,grocery,0.048,0.487,6.3,1.09,1094,0,0,0,0
26.99,9,1,dining,0.439,0.268,14.9,1.07,940,0,0,1,0
29.58,15,2,grocery,0.277,0.1,10.0,0.99,258,0,0,1,0
120.0,5,7,electronics,0.926,0.859,748.8,10.9,113,0,0,1,1
3826.55,3,9,travel,0.689,0.731,804.6,7.97,264,2,0,1,1
11.47,17,4,dining,0.054,0.223,36.2,1.01,2727,0,0,0,0
31.48,8,3,gas_transport,0.196,0.22,2.0,1.13,498,0,0,1,0
128.26,10,2,entertainment,0.041,0.15,7.4,1.26,2410,0,0,1,0
37.08,0,1,entertainment,0.035,0.076,6.9,0.92,3146,0,0,1,0
44.96,14,3,grocery,0.135,0.22,2.1,0.69,1962,0,0,1,0
37.09,10,1,electronics,0.015,0.205,32.0,0.53,3183,0,0,0,0
63.15,5,1,gas_transport,0.012,0.134,26.3,1.55,1966,0,0,1,0
87.9,10,2,electronics,0.088,0.302,22.2,1.06,3413,0,0,0,0
19.7,21,1,grocery,0.3,0.169,15.6,1.11,3115,0,0,1,0
117.88,14,1,retail,0.01,0.032,6.9,0.38,1692,0,1,0,0
32.67,6,1,retail,0.267,0.346,9.3,0.87,3357,0,0,0,0
154.46,22,1,gas_transport,0.144,0.248,1.6,1.43,1410,0,0,0,0
8.75,18,2,clothing,0.128,0.293,3.6,1.45,2404,0,0,1,0
145.2,13,2,electronics,0.018,0.128,37.9,1.48,1731,0,1,1,0
90.13,11,2,health_beauty,0.113,0.207,3.1,0.93,275,0,0,0,0
13.17,20,4,dining,0.208,0.278,48.3,0.87,1985,0,0,1,0
3745.38,14,9,health_beauty,0.725,0.505,413.9,4.63,8,2,0,1,1
6.86,17,2,grocery,0.017,0.073,8.1,1.17,261,0,0,1,0
43.35,9,4,grocery,0.01,0.389,4.0,0.96,731,0,0,1,0
476.19,0,7,electronics,0.653,0.433,1317.3,6.37,29,0,1,1,1
550.15,11,2,grocery,0.23,0.093,1.3,1.04,2815,0,0,0,0
9.76,7,1,electronics,0.116,0.341,27.3,1.53,449,0,0,0,0
63.06,16,1,retail,0.17,0.07,1.6,0.81,2634,1,0,0,0
62.34,18,3,gas_transport,0.084,0.092,4.4,1.3,2021,0,0,1,0
18.1,13,1,utilities,0.08,0.359,5.0,0.87,478,0,1,0,0
11.46,12,3,gas_transport,0.349,0.446,8.8,1.24,1673,0,0,0,0
46.61,8,1,dining,0.067,0.184,3.8,1.23,1170,0,0,0,0
3820.92,15,12,travel,0.664,0.35,2019.5,2.85,2,2,0,1,1
92.26,5,1,gas_transport,0.305,0.078,3.1,0.68,3505,0,0,0,0
54.64,18,1,utilities,0.115,0.074,2.4,0.8,1532,0,0,0,0
56.61,20,1,grocery,0.109,0.112,12.8,1.05,2525,0,0,0,0
10.57,9,1,gas_transport,0.45,0.098,11.9,0.82,1934,0,0,1,0
16.22,12,2,gas_transport,0.074,0.054,7.0,0.85,1528,0,0,0,0
114.08,14,1,gas_transport,0.143,0.071,34.9,1.02,566,0,0,0,0
13.19,14,1,electronics,0.082,0.196,24.7,0.93,2890,0,0,1,0
315.13,16,2,dining,0.102,0.247,9.0,1.39,978,0,0,0,0
33.86,12,1,grocery,0.292,0.371,6.6,1.23,861,0,0,1,0
53.48,10,1,electronics,0.237,0.118,12.2,1.07,516,0,0,1,0
16.59,18,1,gas_transport,0.162,0.465,4.4,0.57,1377,0,0,0,0
30.86,9,3,entertainment,0.13,0.25,35.1,1.16,2991,0,0,1,0
39.96,4,2,health_beauty,0.111,0.188,1.0,0.79,994,0,0,1,0
97.28,8,1,retail,0.154,0.075,13.8,1.19,620,0,0,0,0
20.38,10,5,travel,0.08,0.142,16.7,1.34,2630,0,0,0,0
47.09,18,3,grocery,0.251,0.147,0.1,1.03,1713,0,0,0,0
24.26,7,2,retail,0.13,0.496,10.6,1.3,2171,0,0,0,0
14.26,8,1,gas_transport,0.108,0.135,10.9,1.16,2366,0,0,0,0
59.52,15,2,utilities,0.104,0.01,11.7,1.2,3391,0,0,0,0
24.09,8,1,dining,0.04,0.107,13.7,0.74,3173,0,0,0,0
28.63,13,1,travel,0.01,0.208,6.1,0.66,2040,0,0,0,0
120.04,8,1,utilities,0.091,0.043,41.7,1.26,799,0,0,0,0
82.82,18,1,health_beauty,0.016,0.15,6.6,1.01,1305,0,0,1,0
81.1,12,2,dining,0.01,0.226,4.8,0.71,1745,0,0,0,0
170.5,15,1,entertainment,0.026,0.161,0.7,0.95,3575,0,0,0,0
12.36,9,2,clothing,0.188,0.028,12.1,1.32,3384,0,0,0,0
16.08,10,1,utilities,0.01,0.21,7.4,0.95,3533,0,0,1,0
136.96,18,1,grocery,0.311,0.346,19.0,1.22,2097,0,0,0,0
10.85,15,2,dining,0.415,0.077,12.2,0.82,3021,0,0,1,0
22.9,11,3,grocery,0.052,0.294,20.4,0.69,3105,0,0,0,0
42.02,7,3,dining,0.152,0.161,3.8,1.33,3075,0,0,0,0
61.25,10,2,dining,0.11,0.137,3.0,0.87,3324,1,0,0,0
69.79,11,1,gas_transport,0.168,0.042,30.7,0.82,1147,0,0,1,0
58.4,10,1,grocery,0.063,0.087,20.4,1.16,2270,0,0,1,0
58.62,8,4,grocery,0.105,0.078,6.7,1.55,1808,0,0,0,0
30.35,17,1,electronics,0.121,0.081,8.7,1.76,3056,0,0,0,0
78.78,11,3,health_beauty,0.021,0.095,15.6,0.67,974,0,0,1,0
41.02,7,3,retail,0.18,0.05,0.8,1.15,588,0,0,0,0
58.6,7,1,electronics,0.046,0.132,3.8,1.32,3082,0,0,0,0
24.19,15,3,health_beauty,0.256,0.324,13.5,0.59,775,0,0,0,0
146.39,15,1,entertainment,0.031,0.366,13.4,1.28,2598,2,0,1,0
48.49,13,3,grocery,0.048,0.198,5.8,1.59,1202,0,0,0,0
49.81,14,3,gas_transport,0.243,0.097,4.5,0.99,2902,0,0,0,0
14.83,1,1,gas_transport,0.048,0.089,11.5,1.37,1588,0,0,0,0
90.94,18,2,grocery,0.13,0.095,7.7,0.55,2468,0,0,1,0
115.58,8,2,clothing,0.127,0.032,4.7,1.23,1155,0,0,0,0
19.48,5,2,gas_transport,0.14,0.162,1.8,0.81,246,0,0,1,0
60.41,10,2,entertainment,0.343,0.433,9.0,1.37,1734,0,0,0,0
35.71,13,1,utilities,0.145,0.09,11.1,1.17,304,0,0,1,0
61.36,13,3,dining,0.128,0.258,4.9,1.27,943,0,0,0,0
44.92,13,2,clothing,0.082,0.177,12.0,1.39,830,0,0,1,0
25.07,9,1,dining,0.096,0.446,12.1,0.66,2644,0,0,1,0
29.78,13,1,health_beauty,0.136,0.274,3.9,0.7,2561,0,0,0,0
580.17,23,5,travel,0.784,0.455,1078.1,9.06,74,0,1,1,1
61.51,16,5,grocery,0.163,0.272,3.5,0.83,2438,0,0,0,0
43.74,22,4,utilities,0.033,0.036,7.1,0.78,1539,0,0,0,0
235.43,10,3,utilities,0.292,0.297,0.5,1.0,2696,0,0,0,0
45.96,16,1,grocery,0.372,0.336,0.9,1.04,3439,0,0,1,0
37.22,22,1,electronics,0.073,0.18,2.4,1.05,1410,0,0,1,0
94.02,16,1,grocery,0.411,0.162,7.8,1.3,3518,0,0,0,0
57.73,11,2,clothing,0.083,0.039,10.7,0.77,1528,0,0,1,0
34.66,13,2,grocery,0.137,0.223,23.6,1.32,1383,0,0,1,0
28.88,18,1,dining,0.09,0.106,2.7,0.93,460,0,0,0,0
13.84,8,1,clothing,0.08,0.023,3.4,1.42,2254,0,0,1,0
6.62,15,2,gas_transport,0.029,0.332,2.4,1.01,467,0,0,0,0
450.87,18,5,gas_transport,0.695,0.764,461.0,8.69,457,1,0,1,1
54.31,12,4,electronics,0.081,0.203,2.7,1.51,1487,0,0,1,0
18.18,11,1,grocery,0.107,0.074,14.1,1.14,3415,0,0,1,0
69.55,7,5,clothing,0.157,0.406,4.3,0.94,1609,0,0,1,0
167.05,7,3,grocery,0.069,0.224,4.1,1.45,2928,0,1,0,0
52.62,1,3,grocery,0.011,0.116,8.1,0.48,1739,0,0,0,0
10.95,17,3,clothing,0.329,0.062,11.9,1.21,2827,0,0,1,0
68.52,9,2,gas_transport,0.041,0.223,55.5,0.64,2958,0,0,1,0
63.17,16,1,gas_transport,0.024,0.298,1.4,0.77,437,0,0,1,0
56.77,9,1,dining,0.052,0.193,12.5,0.67,1885,0,0,1,0
51.07,10,1,utilities,0.049,0.16,4.2,0.98,1341,0,0,0,0
61.35,16,1,clothing,0.042,0.043,4.1,0.74,1059,0,0,1,0
57.18,13,1,grocery,0.089,0.141,15.2,1.12,1814,0,1,1,0
48.34,8,1,entertainment,0.01,0.326,5.0,1.18,1436,0,0,1,0
24.33,14,1,gas_transport,0.07,0.208,16.4,0.95,3448,0,0,0,0
61.44,22,2,dining,0.051,0.466,31.4,0.82,2789,0,0,1,0
114.29,15,3,clothing,0.097,0.056,14.8,1.32,1186,1,0,0,0
20.27,17,1,clothing,0.241,0.3,1.5,0.94,652,0,0,0,0
14.32,10,2,health_beauty,0.011,0.187,25.4,0.99,296,0,0,1,0
53.99,11,1,health_beauty,0.08,0.267,14.8,1.11,1273,0,1,1,0
51.06,6,3,electronics,0.129,0.119,56.8,0.61,2159,0,0,1,0
35.84,15,2,electronics,0.147,0.317,16.3,0.69,649,0,0,0,0
40.33,9,4,travel,0.137,0.5,21.7,1.17,1520,0,0,1,0
40.94,15,2,grocery,0.074,0.039,8.5,0.86,3519,0,0,1,0
51.44,10,1,dining,0.25,0.235,26.0,1.5,1862,0,0,0,0
69.72,11,2,clothing,0.011,0.357,6.8,0.7,1636,0,0,1,0
51.75,8,3,dining,0.02,0.028,16.8,1.16,3295,0,0,1,0
39.07,18,2,travel,0.167,0.093,54.1,1.03,1955,0,0,0,0
1765.44,4,3,clothing,0.726,0.837,350.1,6.09,11,2,1,1,1
15.89,16,3,grocery,0.094,0.119,11.1,0.87,220,0,0,0,0
32.76,14,3,grocery,0.203,0.347,19.8,0.88,2690,0,0,1,0
126.78,5,6,travel,0.939,0.787,352.3,4.46,70,3,0,1,1
21.08,12,4,dining,0.379,0.456,1.5,1.22,226,0,0,0,0
58.06,9,1,dining,0.041,0.091,0.9,1.11,1718,0,0,1,0
32.91,15,2,clothing,0.104,0.131,0.1,1.51,1066,0,0,1,0
79.93,7,2,dining,0.193,0.094,12.4,1.1,3008,0,0,0,0
33.54,18,1,health_beauty,0.259,0.033,8.8,1.19,3206,0,0,0,0
100.35,1,2,gas_transport,0.088,0.136,3.9,0.59,2375,0,0,0,0
73.97,14,3,grocery,0.062,0.118,0.1,0.91,1298,0,0,0,0
113.3,19,2,grocery,0.232,0.288,2.9,1.24,2181,0,0,1,0
48.13,16,1,grocery,0.01,0.096,21.2,1.13,1938,0,0,0,0
5.0,12,3,retail,0.041,0.284,15.7,1.56,950,0,0,1,0
13.26,11,3,entertainment,0.097,0.116,2.8,0.76,3426,0,0,0,0
30.55,9,4,grocery,0.066,0.177,1.7,0.2,2010,0,0,1,0
13.65,15,3,gas_transport,0.029,0.142,18.5,0.33,1574,0,0,1,0
22.5,10,3,grocery,0.03,0.01,7.0,0.95,2778,0,0,1,0
97.58,13,2,gas_transport,0.152,0.202,12.7,0.8,270,0,0,0,0
193.37,11,2,retail,0.16,0.257,24.8,0.79,1774,0,0,1,0
11.43,10,1,dining,0.196,0.183,3.3,0.92,872,0,0,1,0
48.63,15,4,grocery,0.025,0.145,5.6,1.23,3311,0,0,1,0
86.37,8,2,gas_transport,0.059,0.284,4.0,0.46,1760,0,0,1,0
18.97,11,1,electronics,0.204,0.112,10.9,0.82,1352,0,0,0,0
81.58,12,1,utilities,0.248,0.399,14.8,1.33,1047,0,0,0,0
78.6,15,2,gas_transport,0.115,0.025,10.0,1.07,871,0,0,1,0
45.12,15,1,grocery,0.047,0.283,4.8,0.85,1510,0,0,1,0
491.62,9,9,electronics,0.861,0.745,1529.8,1.8,486,2,1,1,1
59.99,12,1,dining,0.166,0.036,34.8,0.95,2746,1,0,0,0
73.13,16,4,gas_transport,0.01,0.296,12.9,1.25,2206,0,0,1,0
15.29,9,2,gas_transport,0.152,0.076,43.8,1.11,1048,0,0,1,0
108.82,11,4,dining,0.223,0.203,10.5,0.88,680,0,0,1,0
33.48,0,1,grocery,0.073,0.352,36.8,0.8,2411,0,0,0,0
73.98,22,1,gas_transport,0.01,0.186,16.0,0.75,585,0,0,1,0
28.62,9,1,electronics,0.104,0.067,56.5,0.5,1175,0,0,1,0
40.62,14,2,dining,0.45,0.285,36.4,1.16,882,0,0,1,0
20.64,15,1,dining,0.209,0.159,8.1,1.05,3161,0,0,1,0
27.41,12,1,grocery,0.087,0.067,19.2,1.49,1380,0,0,1,0
30.22,17,1,electronics,0.273,0.046,25.0,1.16,2207,0,0,0,0
22.15,10,1,gas_transport,0.339,0.138,0.9,0.64,1536,0,1,1,0
89.82,17,3,grocery,0.271,0.267,18.5,0.81,3329,0,0,0,0
133.87,15,2,grocery,0.221,0.022,12.9,1.14,3236,0,0,1,0
22.32,15,3,gas_transport,0.23,0.13,16.8,1.56,2211,0,0,0,0
12.87,9,1,health_beauty,0.076,0.196,23.2,0.94,2337,0,0,0,0
2405.93,19,7,electronics,0.828,0.932,229.1,1.8,434,3,1,1,1
33.09,9,1,grocery,0.012,0.234,1.4,0.96,3223,0,0,0,0
77.85,12,2,grocery,0.039,0.021,3.2,1.38,1868,0,0,1,0
25.25,13,1,travel,0.139,0.053,9.5,0.84,322,0,0,1,0
49.28,19,1,grocery,0.142,0.325,15.0,1.03,1828,0,0,0,0
41.48,12,2,travel,0.049,0.296,34.2,0.86,1033,0,0,0,0
91.2,5,1,clothing,0.236,0.469,7.7,0.71,503,0,0,0,0
47.85,20,2,grocery,0.182,0.02,10.9,0.55,1298,0,0,1,0
57.23,4,1,dining,0.196,0.1,13.4,1.28,2553,0,0,1,0
65.05,16,4,grocery,0.255,0.379,12.9,1.47,2050,0,0,1,0
11.13,10,4,grocery,0.115,0.062,12.7,1.3,3048,0,0,1,0
108.11,17,1,dining,0.163,0.173,7.3,0.91,334,0,0,0,0
45.7,16,2,travel,0.106,0.079,1.8,1.55,1260,0,0,0,0
9.86,11,3,travel,0.086,0.133,15.1,1.44,3189,0,0,0,0
70.42,1,1,utilities,0.01,0.074,0.6,1.09,2299,0,0,0,0
1141.39,15,2,retail,0.837,0.765,959.4,1.92,428,2,1,1,1
100.05,13,2,health_beauty,0.039,0.01,22.5,0.73,3419,0,0,0,0
35.23,14,4,entertainment,0.377,0.359,20.5,1.09,446,0,0,0,0
14.76,14,1,grocery,0.224,0.102,20.2,1.2,2757,0,0,1,0
145.01,10,1,travel,0.128,0.023,23.2,1.56,2867,0,0,1,0
39.42,14,3,gas_transport,0.046,0.226,16.6,0.94,302,0,0,0,0
121.79,17,3,dining,0.054,0.26,16.3,0.84,457,0,0,0,0
58.1,5,2,travel,0.046,0.104,26.5,1.08,3369,2,0,0,0
34.2,9,4,grocery,0.099,0.37,27.0,1.35,2831,0,0,1,0
11.72,17,4,electronics,0.041,0.195,16.5,1.09,2527,0,0,0,0
32.05,12,1,dining,0.319,0.115,3.3,0.56,809,0,0,0,0
57.16,12,2,travel,0.137,0.046,18.7,0.74,320,0,0,1,0
77.21,8,2,utilities,0.167,0.418,4.9,1.14,2348,0,0,1,0
34.59,18,3,entertainment,0.117,0.471,17.0,1.1,2862,0,0,0,0
57.17,13,1,utilities,0.138,0.15,11.4,0.86,994,0,0,0,0
64.14,13,2,dining,0.361,0.141,11.1,0.83,505,0,0,1,0
54.86,7,3,retail,0.034,0.29,4.1,1.29,244,0,0,1,0
13.57,11,3,grocery,0.061,0.084,4.6,1.03,3478,0,0,1,0
48.49,20,5,travel,0.252,0.369,5.1,0.57,537,0,0,1,0
114.84,14,1,entertainment,0.075,0.291,2.3,0.9,840,0,0,1,0
19.22,16,2,utilities,0.063,0.157,8.8,1.49,3576,0,0,0,0
19.18,14,1,grocery,0.092,0.32,12.3,0.64,954,0,0,0,0
45.51,2,2,dining,0.328,0.5,28.4,1.3,3470,0,0,1,0
63.2,13,2,clothing,0.331,0.135,5.3,0.42,1927,1,0,1,0
71.24,19,2,health_beauty,0.113,0.26,2.0,1.03,3538,0,0,1,0
56.48,11,2,dining,0.032,0.11,30.3,1.78,2636,0,0,1,0
64.81,14,5,grocery,0.121,0.314,9.2,0.85,1091,0,0,0,0
30.39,17,1,utilities,0.01,0.217,2.1,0.8,1743,0,0,0,0
36.81,23,1,clothing,0.134,0.088,1.0,0.81,2072,0,0,1,0
22.96,8,2,travel,0.037,0.138,1.3,1.38,2824,0,0,1,0
40.83,11,5,travel,0.097,0.156,1.4,0.55,1712,0,0,0,0
35.44,14,3,travel,0.147,0.131,8.5,1.32,986,0,0,0,0
64.92,14,3,grocery,0.159,0.31,51.1,0.67,1187,0,0,0,0
75.93,17,3,retail,0.156,0.167,10.4,1.22,1723,0,0,0,0
92.34,11,1,electronics,0.105,0.083,46.3,0.76,471,0,1,1,0
49.94,7,2,dining,0.014,0.169,0.9,1.2,1952,0,0,1,0
74.92,11,1,utilities,0.285,0.473,6.3,1.28,2497,0,0,1,0
60.14,14,1,gas_transport,0.165,0.126,11.4,0.85,1468,0,0,0,0
10.02,9,3,electronics,0.027,0.386,13.5,1.18,3488,0,0,1,0
445.2,0,6,entertainment,0.848,0.712,207.8,6.74,184,4,0,0,1
74.94,16,1,electronics,0.192,0.248,38.4,0.94,3315,0,0,1,0
55.19,6,2,health_beauty,0.12,0.088,14.0,0.79,478,0,0,1,0
905.0,2,13,electronics,0.781,0.859,173.8,6.08,69,1,1,1,1
22.32,15,5,dining,0.1,0.072,6.1,1.28,1557,0,0,1,0
165.63,9,1,grocery,0.16,0.047,16.4,0.65,2799,1,0,1,0
45.98,21,2,health_beauty,0.181,0.127,21.0,1.44,1286,0,0,0,0
14.99,11,2,gas_transport,0.189,0.01,82.4,1.03,1107,0,0,1,0
43.76,16,2,grocery,0.291,0.111,6.6,1.17,3013,0,0,1,0
27.06,12,2,dining,0.221,0.178,5.4,1.18,2592,0,0,0,0
66.11,15,2,gas_transport,0.142,0.058,2.1,0.45,3261,2,0,0,0
82.11,23,2,entertainment,0.112,0.237,1.4,1.13,984,0,0,1,0
80.35,16,1,dining,0.102,0.116,8.8,1.18,253,0,0,1,0
32.04,4,2,dining,0.333,0.243,0.5,1.3,2528,0,0,0,0
12.59,13,1,clothing,0.096,0.5,53.0,0.65,978,0,0,1,0
18.51,16,2,clothing,0.123,0.036,3.5,1.44,2754,0,0,0,0
354.36,14,1,entertainment,0.034,0.264,1.0,0.81,3404,0,0,0,0
31.07,15,3,grocery,0.235,0.069,1.9,0.58,2039,0,0,1,0
159.36,9,1,health_beauty,0.017,0.254,5.6,0.34,2092,0,0,0,0
35.18,17,1,utilities,0.442,0.351,36.8,1.29,1111,0,0,1,0
36.45,19,2,gas_transport,0.048,0.181,1.0,1.1,2739,0,0,0,0
74.4,12,1,entertainment,0.128,0.205,29.8,1.55,1198,0,0,0,0
120.0,1,9,electronics,0.882,0.803,191.6,5.49,102,1,0,1,1
67.13,10,2,dining,0.044,0.135,26.2,1.28,255,0,0,0,0
20.02,5,4,health_beauty,0.113,0.221,7.5,0.9,2448,0,0,0,0
19.03,17,3,grocery,0.199,0.369,7.8,1.18,920,0,0,0,0
34.53,14,2,retail,0.098,0.441,0.5,1.72,1721,0,0,1,0
107.0,5,3,retail,0.091,0.419,1.3,1.1,1994,0,1,1,0
9.58,9,5,entertainment,0.098,0.01,7.8,0.78,368,0,0,1,0
18.58,7,1,grocery,0.271,0.037,9.0,1.19,1110,2,0,0,0
88.63,12,3,dining,0.27,0.088,16.0,1.26,568,0,0,0,0
103.61,15,1,electronics,0.084,0.205,22.5,1.31,208,0,0,1,0
18.6,12,1,dining,0.12,0.14,1.0,1.5,2382,0,0,0,0
17.37,20,1,grocery,0.07,0.097,7.7,1.09,1815,0,0,1,0
39.95,12,1,clothing,0.214,0.04,27.8,1.29,492,0,0,0,0
37.26,18,1,health_beauty,0.128,0.06,45.9,1.17,3018,0,0,1,0
39.59,15,2,clothing,0.035,0.213,7.9,0.95,1400,0,0,0,0
24.79,15,1,dining,0.01,0.01,6.9,1.3,469,0,0,0,0
46.0,16,1,dining,0.072,0.13,17.5,0.69,2000,0,0,1,0
37.81,4,1,travel,0.01,0.431,7.1,0.99,3491,0,0,1,0
11.35,8,2,gas_transport,0.108,0.192,3.6,0.78,3467,0,0,0,0
120.0,13,8,travel,0.779,0.449,1499.6,4.01,480,3,1,1,1
47.77,14,1,grocery,0.054,0.158,17.1,1.66,1041,0,0,0,0
19.57,15,2,grocery,0.052,0.102,2.4,0.85,2389,0,0,0,0
36.66,8,1,health_beauty,0.025,0.017,25.1,1.41,3131,1,0,0,0
101.65,12,2,gas_transport,0.185,0.177,24.6,0.95,555,0,0,0,0
79.25,9,1,dining,0.035,0.27,15.5,0.52,1999,2,0,1,0
28.4,6,3,grocery,0.125,0.272,5.4,0.78,955,0,1,0,0
24.97,19,1,dining,0.036,0.17,8.5,1.38,3283,0,0,1,0
57.75,12,1,electronics,0.153,0.03,16.0,0.75,2490,0,0,1,0
580.29,15,6,travel,0.866,0.803,41.6,1.8,177,2,1,1,1
91.08,15,2,grocery,0.049,0.183,0.9,0.91,1334,1,0,1,0
50.68,7,2,grocery,0.149,0.022,17.1,1.22,1578,0,0,0,0
77.83,15,1,grocery,0.064,0.29,2.2,1.17,852,0,0,0,0
52.2,15,1,grocery,0.092,0.234,16.6,1.19,1712,0,0,0,0
113.33,18,1,clothing,0.014,0.144,3.0,0.93,2302,0,0,0,0
27.6,13,1,entertainment,0.074,0.051,13.4,1.0,1705,0,0,0,0
52.4,7,1,grocery,0.153,0.319,8.9,1.02,2554,0,0,0,0
110.71,7,2,health_beauty,0.197,0.085,9.9,1.01,1874,0,0,1,0
7.83,15,2,clothing,0.279,0.042,5.9,1.28,953,0,0,1,0
43.63,15,1,dining,0.164,0.164,14.1,0.85,2904,0,0,1,0
286.84,3,5,clothing,0.955,0.762,540.9,6.67,67,2,1,1,1
11.09,14,2,clothing,0.231,0.249,31.2,1.21,1272,0,0,1,0
42.76,1,2,electronics,0.119,0.164,7.8,1.01,1032,0,0,1,0
25.19,11,3,entertainment,0.034,0.125,1.5,1.17,659,0,0,1,0
25.16,17,3,grocery,0.104,0.169,10.1,1.23,998,0,0,1,0
93.64,8,1,utilities,0.047,0.123,0.7,0.85,308,0,0,0,0
11.39,21,2,gas_transport,0.051,0.132,7.3,0.73,3091,0,0,1,0
48.68,15,2,grocery,0.06,0.158,3.0,1.01,669,0,0,0,0
15.74,21,1,gas_transport,0.021,0.167,1.9,1.01,2461,0,0,0,0
237.43,13,11,electronics,0.842,0.792,108.2,5.71,178,1,0,1,1
27.1,15,4,grocery,0.064,0.5,1.1,1.05,941,0,0,0,0
71.76,19,6,dining,0.219,0.286,27.3,0.96,1852,0,1,1,0
78.48,13,1,retail,0.085,0.371,7.4,1.35,816,0,0,1,0
48.42,8,1,gas_transport,0.2,0.29,0.8,1.22,2482,0,0,0,0
8.87,13,2,grocery,0.044,0.35,6.3,0.67,2906,0,0,0,0
41.39,6,4,gas_transport,0.264,0.165,7.1,0.91,1932,0,0,0,0
14.81,8,1,entertainment,0.45,0.14,0.1,1.19,2339,0,0,0,0
14.49,11,3,retail,0.123,0.05,0.1,0.82,1076,0,0,1,0
17.25,6,5,entertainment,0.022,0.169,2.6,1.07,1729,0,0,0,0
74.31,10,4,gas_transport,0.01,0.053,9.4,0.88,928,0,0,1,0
24.96,12,2,grocery,0.128,0.318,2.0,1.11,2888,0,0,1,0
23.14,8,5,dining,0.026,0.347,1.4,0.6,2908,0,0,0,0
10.33,11,1,grocery,0.056,0.171,35.6,1.15,438,0,0,0,0
51.02,11,1,health_beauty,0.175,0.024,13.2,0.75,1963,0,0,0,0
42.75,11,1,electronics,0.151,0.19,37.6,1.41,1852,0,0,0,0
14.15,14,1,gas_transport,0.238,0.028,2.2,0.69,3229,0,0,1,0
7.52,22,3,health_beauty,0.058,0.182,53.1,1.32,984,0,0,0,0
32.14,12,4,electronics,0.14,0.331,2.3,1.1,2623,0,0,1,0
16.43,19,3,gas_transport,0.05,0.013,5.2,0.84,3498,0,0,0,0
77.8,15,1,electronics,0.205,0.494,13.5,1.17,411,0,0,1,0
53.8,15,1,dining,0.122,0.152,8.3,0.31,1314,0,0,0,0
16.8,11,1,entertainment,0.029,0.347,10.3,1.17,1458,0,0,1,0
13.77,17,1,entertainment,0.122,0.08,30.8,0.63,1171,0,0,1,0
3617.45,3,5,clothing,0.805,0.885,1317.8,7.46,70,3,0,1,1
365.13,17,2,dining,0.09,0.149,10.8,1.24,2414,0,0,0,0
36.68,5,1,dining,0.241,0.5,13.2,0.94,615,0,0,1,0
96.53,11,1,retail,0.048,0.159,13.9,1.35,2297,0,0,0,0
86.7,20,3,utilities,0.181,0.059,11.1,1.38,2100,0,0,0,0
14.73,11,1,electronics,0.166,0.151,38.9,1.02,2063,0,0,0,0
32.01,10,2,utilities,0.016,0.301,22.4,0.84,2358,2,0,0,0
7.82,12,1,electronics,0.201,0.198,5.9,0.96,1345,0,0,0,0
113.37,6,1,utilities,0.077,0.115,9.3,1.34,1252,0,0,1,0
46.1,11,1,electronics,0.115,0.227,27.3,0.58,3545,0,0,0,0
4793.01,19,9,entertainment,0.646,0.757,116.4,3.98,466,0,0,1,1
132.21,16,1,travel,0.101,0.016,6.4,0.74,1153,0,0,0,0
18.44,10,5,gas_transport,0.235,0.118,57.8,1.04,1872,1,0,1,0
15.71,9,1,entertainment,0.221,0.5,3.8,0.96,922,0,0,0,0
39.35,22,1,travel,0.329,0.02,11.1,0.81,2092,0,0,0,0
12.16,15,1,grocery,0.258,0.234,1.8,1.33,1963,0,0,1,0
144.26,2,9,clothing,0.967,0.659,458.0,2.87,248,4,1,1,1
23.18,18,4,entertainment,0.053,0.5,3.3,1.17,1857,0,0,0,0
48.94,5,3,grocery,0.061,0.115,3.7,1.25,2749,0,0,1,0
56.74,8,2,health_beauty,0.143,0.179,33.3,0.88,2234,0,1,1,0
1546.15,18,3,entertainment,0.544,0.747,17.0,7.07,180,2,0,1,1
86.2,17,1,grocery,0.067,0.265,30.8,1.05,2174,0,0,0,0
109.47,11,2,health_beauty,0.087,0.134,44.4,0.93,2156,1,0,0,0
162.1,5,5,entertainment,0.072,0.296,5.3,1.07,1197,0,0,0,0
39.58,16,1,dining,0.018,0.108,20.5,1.12,1945,0,0,0,0
43.14,13,1,gas_transport,0.361,0.113,18.9,1.16,331,0,0,0,0
23.53,17,1,grocery,0.411,0.061,4.5,0.85,2268,0,0,0,0
270.95,12,2,dining,0.279,0.231,10.0,0.5,3528,0,0,1,0
27.53,10,1,grocery,0.241,0.078,0.2,1.21,379,0,0,0,0
40.97,9,1,retail,0.154,0.283,19.2,0.75,3228,1,0,1,0
149.5,22,2,grocery,0.129,0.164,45.4,0.78,1938,0,0,1,0
17.82,10,2,grocery,0.152,0.145,12.4,0.64,3548,0,0,1,0
37.28,17,1,electronics,0.194,0.067,36.8,1.48,2769,0,0,1,0
54.94,17,2,utilities,0.252,0.055,17.8,0.85,1654,0,0,1,0
118.53,14,2,retail,0.133,0.117,12.4,1.11,2405,0,0,0,0
42.8,16,2,electronics,0.045,0.198,51.2,0.75,2934,0,0,0,0
20.44,14,2,grocery,0.077,0.091,38.0,0.36,1817,1,0,1,0
17.43,12,3,health_beauty,0.048,0.058,14.3,1.0,2501,0,0,0,0
86.87,23,1,clothing,0.249,0.01,5.0,1.27,2222,0,0,1,0
45.08,13,1,dining,0.329,0.029,0.1,1.4,1618,0,0,1,0
60.64,22,3,entertainment,0.192,0.071,6.7,0.67,2025,0,0,0,0
221.75,10,1,electronics,0.063,0.096,0.5,0.75,666,0,1,1,0
61.08,11,1,grocery,0.103,0.021,21.1,0.74,1230,0,0,0,0
14.68,6,2,clothing,0.051,0.052,10.4,1.0,1930,0,0,0,0
39.93,14,2,entertainment,0.035,0.03,2.8,0.8,1692,0,0,1,0
51.37,12,1,retail,0.178,0.148,0.7,0.81,1063,0,0,0,0
38.66,6,1,entertainment,0.139,0.111,23.0,1.04,3399,0,0,1,0
137.69,16,3,retail,0.236,0.143,2.0,1.35,3106,2,0,1,0
72.17,10,3,dining,0.154,0.074,18.8,1.02,344,0,0,0,0
141.64,14,2,grocery,0.015,0.206,27.2,0.68,1449,0,0,0,0
71.6,14,1,dining,0.107,0.121,5.1,1.29,888,0,0,1,0
108.33,13,1,grocery,0.318,0.087,5.2,1.28,2065,0,0,0,0
5.9,19,3,dining,0.232,0.397,3.7,0.32,3095,0,0,0,0
68.85,11,1,dining,0.1,0.277,12.2,0.9,2631,0,0,1,0
36.95,11,2,retail,0.138,0.12,13.1,0.88,2096,1,0,0,0
32.4,11,1,dining,0.124,0.123,35.2,0.58,3023,0,0,1,0
23.95,14,1,grocery,0.066,0.01,6.4,0.65,580,0,0,0,0
16.06,9,3,health_beauty,0.176,0.026,1.4,1.42,1022,0,0,1,0
139.48,17,1,electronics,0.053,0.285,12.5,0.99,3060,0,0,0,0
48.97,13,4,travel,0.33,0.145,0.8,1.2,245,0,0,1,0
21.59,10,1,gas_transport,0.33,0.145,1.7,1.08,2722,0,0,1,0
18.17,14,1,dining,0.22,0.198,31.3,1.0,3285,0,0,0,0
37.39,19,4,entertainment,0.107,0.081,17.6,0.83,1072,0,1,0,0
96.73,16,2,health_beauty,0.139,0.435,4.9,0.9,452,0,0,0,0
12.24,4,2,grocery,0.187,0.07,2.5,1.29,359,0,0,1,0
87.49,10,1,grocery,0.063,0.034,5.4,0.38,905,0,0,0,0
17.73,9,1,gas_transport,0.039,0.025,3.1,1.09,1984,0,0,0,0
26.0,9,2,electronics,0.173,0.181,5.3,1.45,2420,0,1,1,0
47.44,13,1,gas_transport,0.023,0.074,32.6,1.59,2221,0,0,1,0
83.66,15,3,retail,0.105,0.154,4.9,0.65,3252,0,0,1,0
28.85,6,3,electronics,0.19,0.391,2.4,0.87,2209,0,0,0,0
43.38,22,1,clothing,0.01,0.159,30.8,1.32,2540,0,0,0,0
47.35,18,1,dining,0.054,0.018,62.8,1.05,1643,0,0,1,0
643.62,2,6,health_beauty,0.87,0.746,976.2,5.11,435,4,0,1,1
104.39,9,1,dining,0.102,0.219,19.2,0.86,182,0,0,0,0
241.71,1,9,clothing,0.739,0.775,527.9,6.05,137,1,0,0,1
28.95,8,3,grocery,0.029,0.149,12.3,1.18,3553,0,0,0,0
128.55,11,3,grocery,0.225,0.153,22.1,1.07,3207,0,0,1,0
48.65,15,2,clothing,0.158,0.5,1.1,1.11,813,0,0,1,0
45.01,12,1,entertainment,0.096,0.141,4.2,1.34,1171,0,0,1,0
41.31,18,3,grocery,0.232,0.178,3.3,0.73,1507,0,0,1,0
22.85,9,2,electronics,0.171,0.164,19.9,0.82,860,0,0,1,0
39.58,21,2,dining,0.051,0.122,3.9,1.29,2052,0,0,0,0
71.04,18,1,gas_transport,0.177,0.378,22.1,1.26,2021,0,0,0,0
37.67,8,1,electronics,0.184,0.012,9.7,1.01,1681,0,0,0,0
57.25,20,1,grocery,0.029,0.312,13.1,0.7,1006,0,0,1,0
29.72,9,4,dining,0.293,0.162,1.8,1.42,3155,0,0,1,0
181.76,15,2,grocery,0.288,0.038,6.8,0.92,1257,0,0,1,0
33.27,11,2,retail,0.139,0.073,12.3,0.86,217,0,0,1,0
40.92,18,2,grocery,0.196,0.206,10.4,0.86,902,0,0,0,0
37.17,11,2,clothing,0.267,0.186,34.3,0.92,3507,0,0,0,0
27.59,9,2,dining,0.149,0.063,37.2,0.89,833,0,0,1,0
353.82,10,2,dining,0.209,0.073,1.9,0.86,709,0,0,1,0
51.07,16,4,dining,0.129,0.219,10.3,1.1,1016,0,0,1,0
120.0,18,2,entertainment,0.838,0.953,107.1,3.08,184,0,1,1,1
67.64,16,1,dining,0.08,0.213,5.0,0.68,2304,0,0,0,0
48.02,11,1,grocery,0.013,0.05,1.4,1.08,1779,0,0,1,0
96.65,15,1,health_beauty,0.24,0.041,4.9,1.04,2234,0,0,0,0
26.07,22,4,grocery,0.085,0.34,20.8,0.57,1298,0,1,0,0
39.64,19,2,grocery,0.177,0.284,0.1,0.72,666,0,0,1,0
38.32,12,1,clothing,0.108,0.01,1.7,1.11,748,0,0,1,0
282.8,10,1,grocery,0.113,0.091,3.5,0.7,1591,0,0,1,0
42.69,0,2,gas_transport,0.142,0.019,3.9,0.9,1253,0,0,0,0
2253.99,16,10,electronics,0.958,0.573,390.8,2.69,331,0,0,1,1
185.21,21,10,health_beauty,0.909,0.905,340.5,8.23,84,2,0,0,1
266.72,21,9,gas_transport,0.697,0.852,214.6,5.21,31,2,1,1,1
74.58,14,1,entertainment,0.098,0.11,7.0,0.6,876,0,0,1,0
44.74,19,1,grocery,0.056,0.192,1.4,1.17,863,0,0,1,0
10.51,9,4,clothing,0.048,0.087,18.6,1.52,3302,0,0,1,0
36.52,5,3,clothing,0.136,0.187,21.4,1.02,559,0,0,1,0
74.51,10,3,gas_transport,0.022,0.112,2.3,1.15,1002,0,0,0,0
13.46,13,4,grocery,0.106,0.068,20.3,0.82,1311,0,0,0,0
27.88,1,2,grocery,0.038,0.205,20.9,0.63,1336,0,0,1,0
26.81,17,2,health_beauty,0.11,0.086,23.0,0.76,1530,0,0,1,0
16.98,10,1,dining,0.073,0.165,2.2,0.8,1519,0,0,1,0
49.07,8,1,gas_transport,0.021,0.259,42.4,1.24,3055,0,0,0,0
31.59,16,1,gas_transport,0.04,0.182,6.0,0.9,3107,0,0,0,0
30.46,5,1,dining,0.238,0.019,52.7,0.8,2022,0,0,1,0
59.98,16,2,clothing,0.041,0.011,0.7,0.42,2391,0,0,0,0
59.71,13,1,grocery,0.045,0.01,1.4,1.34,1006,0,0,1,0
47.83,9,1,grocery,0.104,0.145,26.4,1.04,3121,0,0,1,0
73.78,6,1,retail,0.104,0.198,2.4,1.03,1961,1,0,1,0
13.01,21,4,grocery,0.099,0.043,2.6,0.91,2558,0,0,0,0
31.95,12,1,entertainment,0.096,0.124,6.4,1.09,2504,0,0,1,0
39.29,15,2,health_beauty,0.109,0.203,4.6,1.13,1038,0,0,1,0
41.72,17,3,grocery,0.046,0.238,15.8,1.91,371,0,0,1,0
52.09,7,1,electronics,0.191,0.269,2.9,1.56,3154,0,0,0,0
12.37,0,1,health_beauty,0.15,0.236,3.8,0.53,532,0,0,0,0
55.63,13,3,grocery,0.218,0.061,4.5,1.08,1260,0,0,1,0
12.52,4,2,dining,0.01,0.135,6.1,1.02,1656,0,0,1,0
44.72,19,1,retail,0.324,0.236,1.0,0.85,651,0,0,0,0
153.28,14,2,gas_transport,0.231,0.323,6.0,1.6,638,0,0,1,0
11.53,20,1,dining,0.301,0.231,34.9,0.9,2724,0,0,0,0
6.09,8,3,clothing,0.169,0.01,14.6,0.84,1584,0,0,1,0
23.88,15,2,entertainment,0.077,0.093,2.8,1.05,606,0,0,1,0
20.8,7,1,health_beauty,0.082,0.147,62.4,0.89,778,0,0,0,0
24.88,17,2,gas_transport,0.081,0.353,2.7,0.85,1219,0,0,1,0
20.18,10,1,gas_transport,0.141,0.019,20.6,0.91,2324,0,0,1,0
61.98,12,3,travel,0.144,0.16,4.6,1.1,3436,0,0,1,0
55.34,17,5,grocery,0.112,0.306,8.5,0.26,1390,0,0,0,0
28.11,11,2,clothing,0.086,0.256,6.0,1.14,2511,0,0,1,0
52.93,16,4,grocery,0.118,0.027,25.9,1.23,3578,0,0,0,0
12.73,23,1,retail,0.108,0.053,6.6,0.76,1910,0,0,1,0
75.52,17,2,dining,0.131,0.042,5.0,0.84,1829,0,0,1,0
158.49,21,3,grocery,0.046,0.01,0.4,1.14,1808,0,0,1,0
24.37,12,2,grocery,0.01,0.011,24.7,0.95,2339,0,0,1,0
32.41,14,1,grocery,0.022,0.301,63.9,1.11,1694,0,0,0,0
28.59,19,1,gas_transport,0.016,0.091,22.6,0.68,1542,0,0,1,0
38.15,16,1,dining,0.107,0.015,13.1,1.17,1290,0,0,1,0
120.0,18,8,travel,0.709,0.911,1345.0,6.47,101,4,1,1,1
36.88,12,4,entertainment,0.081,0.174,27.9,0.79,2949,0,0,1,0
149.03,14,1,grocery,0.08,0.016,1.3,0.85,1106,0,0,1,0
32.07,19,2,entertainment,0.091,0.095,16.9,0.97,1861,0,0,0,0
72.1,2,1,health_beauty,0.347,0.37,9.0,0.6,3244,2,0,1,0
78.35,10,2,gas_transport,0.163,0.184,12.7,1.09,1001,0,0,1,0
57.43,1,2,grocery,0.163,0.127,12.2,1.12,1808,0,0,0,0
77.48,18,2,travel,0.127,0.093,27.7,1.32,1900,0,0,0,0
65.18,8,3,grocery,0.395,0.114,6.9,0.76,2900,0,0,0,0
24.13,17,2,grocery,0.027,0.079,11.4,1.04,2542,0,0,0,0
17.35,14,3,grocery,0.074,0.302,2.3,0.87,234,0,1,1,0
12.62,19,4,electronics,0.118,0.206,70.5,0.81,1250,0,0,1,0
10.71,6,1,health_beauty,0.103,0.042,12.9,1.59,962,0,0,0,0
57.16,12,4,dining,0.139,0.027,18.2,0.76,2378,1,0,1,0
29.89,9,2,grocery,0.023,0.159,2.1,1.67,1840,0,0,1,0
20.7,4,1,gas_transport,0.096,0.126,0.8,0.98,2413,0,0,1,0
102.1,7,4,dining,0.101,0.332,4.5,0.98,1273,0,0,1,0
43.84,0,2,electronics,0.082,0.074,0.1,1.06,1822,0,0,1,0
39.45,8,1,clothing,0.171,0.05,3.0,0.85,315,0,0,1,0
22.18,12,2,grocery,0.436,0.233,44.0,0.81,926,0,1,0,0
120.0,15,7,travel,0.713,0.734,394.3,8.85,46,0,0,1,1
114.41,13,3,gas_transport,0.099,0.048,11.4,1.16,1219,0,0,1,0
108.35,14,1,gas_transport,0.151,0.5,6.1,0.64,2259,0,0,1,0
66.51,16,2,travel,0.077,0.066,17.6,0.94,1169,0,0,0,0
31.1,12,3,retail,0.017,0.041,6.5,1.16,230,0,0,1,0
79.14,7,1,dining,0.057,0.062,4.2,0.76,1763,0,0,1,0
910.66,3,5,electronics,0.921,0.842,1711.2,1.8,140,4,1,1,1
94.74,18,1,clothing,0.243,0.125,8.0,1.02,950,0,0,1,0
472.19,4,8,electronics,0.615,0.566,212.5,4.93,99,4,1,1,1
15.16,11,1,grocery,0.04,0.215,27.5,1.48,1040,0,0,1,0
87.32,14,4,clothing,0.02,0.278,20.8,0.66,1943,0,0,0,0
122.21,11,2,travel,0.29,0.399,18.7,0.39,3490,0,0,1,0
32.11,8,2,utilities,0.106,0.339,3.6,1.08,2260,0,0,1,0
40.02,10,1,grocery,0.048,0.132,19.3,0.76,188,0,0,1,0
35.22,13,1,entertainment,0.01,0.354,50.2,0.79,2636,0,0,1,0
86.94,10,3,dining,0.044,0.326,10.7,0.9,2738,0,0,0,0
39.3,20,3,electronics,0.072,0.135,48.0,1.34,211,1,0,0,0
27.56,10,1,utilities,0.119,0.021,7.8,0.94,1391,0,0,0,0
3300.25,21,8,travel,0.727,0.391,949.4,4.03,46,0,1,1,1
40.82,12,4,clothing,0.239,0.148,9.2,1.24,2439,0,0,1,0
35.68,17,3,gas_transport,0.205,0.382,51.3,1.24,1311,0,0,1,0
71.31,6,1,entertainment,0.193,0.152,25.5,1.28,885,1,0,0,0
385.65,4,12,electronics,0.951,0.966,863.5,4.09,231,3,1,1,1
39.78,10,5,travel,0.229,0.053,14.7,1.37,493,0,0,0,0
32.64,6,1,utilities,0.062,0.479,9.3,1.43,2810,0,0,1,0
800.54,4,10,clothing,0.736,0.898,57.6,4.96,29,0,0,1,1
18.85,6,3,health_beauty,0.046,0.041,4.8,1.23,877,0,0,0,0
27.56,16,3,clothing,0.039,0.159,3.7,1.0,1908,0,0,1,0
18.39,15,1,electronics,0.156,0.39,0.8,0.96,3057,0,0,1,0
85.52,16,4,electronics,0.225,0.115,17.1,1.09,760,0,0,1,0
43.1,8,4,grocery,0.037,0.304,5.4,0.41,2124,0,0,0,0
73.61,11,1,grocery,0.178,0.143,17.1,1.24,2116,1,0,0,0
19.66,14,1,health_beauty,0.083,0.213,16.4,1.24,535,0,0,0,0
167.73,12,1,grocery,0.174,0.045,5.4,0.99,742,0,0,0,0
93.19,10,1,electronics,0.03,0.281,6.2,1.18,1030,0,0,0,0
48.42,8,1,retail,0.202,0.077,23.6,1.21,3566,0,0,1,0
19.23,15,2,clothing,0.148,0.105,3.9,1.08,718,0,0,0,0
58.17,11,2,grocery,0.265,0.075,7.8,1.89,2894,0,0,1,0
10.04,7,1,electronics,0.394,0.111,3.0,1.32,1651,0,0,0,0
61.29,18,1,dining,0.029,0.269,5.6,1.3,1902,0,0,0,0
87.65,17,1,dining,0.137,0.276,16.3,1.0,369,0,0,1,0
39.83,6,2,dining,0.214,0.179,7.7,0.68,206,0,0,1,0
115.55,11,2,grocery,0.1,0.229,1.2,1.2,3230,0,0,0,0
21.16,23,2,utilities,0.22,0.199,7.6,1.26,2769,0,0,0,0
12.19,17,5,clothing,0.095,0.197,14.8,0.69,405,0,0,1,0
56.23,13,1,clothing,0.035,0.05,11.7,0.83,2444,0,0,1,0
53.62,1,2,dining,0.042,0.067,7.7,1.47,3564,0,0,1,0
37.38,7,2,gas_transport,0.114,0.226,0.9,0.64,2859,0,0,1,0
120.0,3,9,travel,0.884,0.921,3433.2,5.68,79,2,1,1,1
32.57,4,1,grocery,0.319,0.14,43.1,1.08,1105,0,0,1,0
42.21,17,1,travel,0.231,0.039,14.0,0.86,662,0,0,1,0
99.04,12,1,utilities,0.186,0.381,1.6,0.71,560,0,0,1,0
19.03,6,2,dining,0.279,0.049,8.1,1.18,3363,0,0,1,0
20.96,8,4,electronics,0.345,0.037,15.8,0.95,3365,0,0,1,0
13.7,8,1,dining,0.01,0.433,17.4,0.93,2430,0,0,1,0
232.37,8,1,health_beauty,0.199,0.041,6.0,1.1,2594,0,0,0,0
1451.77,16,8,travel,0.894,0.655,1885.5,6.7,4,0,1,1,1
74.57,8,1,grocery,0.038,0.078,1.5,0.6,3263,0,0,1,0
44.01,20,3,dining,0.164,0.221,19.1,1.08,820,0,0,0,0
41.83,7,1,gas_transport,0.052,0.073,1.1,1.35,483,0,0,1,0
43.89,9,1,retail,0.193,0.039,24.9,1.02,3209,0,0,1,0
28.13,0,1,grocery,0.318,0.18,2.7,1.21,195,0,0,1,0
44.43,9,1,gas_transport,0.065,0.042,22.6,0.89,2731,0,0,1,0
21.8,19,2,clothing,0.013,0.375,12.1,1.0,3072,1,0,1,0
122.87,5,5,clothing,0.798,0.392,358.1,5.94,323,4,1,1,1
51.25,5,3,entertainment,0.188,0.127,8.4,1.06,1154,0,0,1,0
34.42,8,3,gas_transport,0.095,0.13,0.3,0.7,1543,0,0,1,0
16.16,13,2,grocery,0.122,0.044,16.6,0.94,3165,0,0,0,0
37.8,9,1,grocery,0.097,0.221,1.0,0.57,1872,0,0,1,0
15.51,17,5,electronics,0.105,0.134,3.3,0.95,3513,1,0,1,0
85.34,14,2,gas_transport,0.118,0.174,7.8,0.9,2856,0,0,1,0
298.74,7,3,clothing,0.115,0.294,32.7,0.93,3388,1,0,1,0
174.09,7,1,dining,0.148,0.069,2.3,0.95,1062,0,0,1,0
21.08,17,1,utilities,0.047,0.316,14.3,1.22,2384,0,0,1,0
49.01,11,1,grocery,0.019,0.28,9.0,1.06,779,0,0,0,0
12.73,19,3,health_beauty,0.244,0.15,2.0,0.93,211,0,0,1,0
57.15,9,2,clothing,0.01,0.075,16.7,1.05,213,0,0,1,0
19.84,14,2,clothing,0.115,0.251,23.4,1.02,1339,0,0,0,0
44.81,16,1,grocery,0.14,0.256,4.6,0.85,2879,0,0,0,0
195.84,0,2,health_beauty,0.063,0.177,28.7,0.93,876,0,0,1,0
37.07,12,1,electronics,0.066,0.183,81.7,1.59,3543,0,0,1,0
45.28,12,1,grocery,0.028,0.148,11.6,0.83,2033,0,0,1,0
33.59,11,5,health_beauty,0.084,0.083,11.1,1.45,1759,1,0,0,0
29.25,9,1,grocery,0.01,0.155,40.9,1.03,183,0,0,0,0
187.85,7,1,gas_transport,0.019,0.18,10.3,1.11,556,0,0,1,0
64.2,14,3,grocery,0.038,0.357,7.7,0.66,2959,0,0,0,0
16.67,17,1,clothing,0.138,0.096,9.2,0.87,2323,0,0,1,0
80.69,11,1,gas_transport,0.035,0.228,6.9,1.0,2274,0,1,0,0
770.36,2,11,electronics,0.799,0.603,1515.8,3.38,66,1,1,1,1
15.65,11,2,electronics,0.182,0.146,22.9,1.03,1823,0,0,1,0
32.17,10,1,health_beauty,0.191,0.068,6.0,0.79,3198,0,0,0,0
72.48,7,1,health_beauty,0.135,0.078,0.9,1.43,2359,0,0,0,0
93.54,2,2,electronics,0.073,0.195,21.6,1.08,374,0,0,0,0
39.91,8,2,health_beauty,0.01,0.105,2.9,0.68,3051,0,0,1,0
6.9,12,1,grocery,0.206,0.459,10.2,1.16,3345,0,0,0,0
600.84,16,10,travel,0.919,0.591,15.0,4.49,96,2,1,1,1
35.08,11,1,dining,0.374,0.01,2.1,0.96,3458,0,0,0,0
35.08,12,3,utilities,0.053,0.191,15.6,1.19,2403,0,0,1,0
24.05,9,2,grocery,0.035,0.077,12.5,1.42,1608,0,1,0,0
38.23,23,2,health_beauty,0.047,0.01,2.4,0.96,1784,0,0,1,0
51.75,18,1,gas_transport,0.087,0.185,2.0,0.8,1531,0,0,0,0
71.06,9,1,clothing,0.222,0.252,14.6,0.74,1418,0,0,1,0
905.94,13,6,clothing,0.753,0.472,831.5,3.2,487,1,1,0,1
43.1,19,4,grocery,0.091,0.283,2.6,1.1,2999,0,0,1,0
71.77,13,4,grocery,0.064,0.27,41.6,0.72,2685,0,0,1,0
24.12,9,2,clothing,0.019,0.185,13.6,0.96,2012,0,0,1,0
57.12,11,3,electronics,0.395,0.096,7.4,1.1,549,1,0,1,0
31.25,10,1,health_beauty,0.011,0.123,49.3,1.2,2408,0,0,0,0
4800.0,0,6,travel,0.777,0.35,186.4,8.83,54,2,1,0,1
196.49,13,1,utilities,0.19,0.109,3.9,0.89,2782,0,0,1,0
28.71,9,2,gas_transport,0.111,0.201,47.1,1.22,1294,0,0,0,0
30.56,16,1,entertainment,0.133,0.139,9.8,1.23,2604,0,0,1,0
15.76,8,2,retail,0.083,0.045,18.4,0.69,1012,1,0,0,0
63.95,14,1,entertainment,0.105,0.231,32.0,0.74,2826,0,0,1,0
15.22,10,1,travel,0.049,0.1,4.9,0.99,1313,0,0,1,0
17.36,7,1,grocery,0.241,0.216,14.2,0.81,1246,0,0,1,0
56.45,8,1,electronics,0.013,0.131,5.6,1.52,1834,0,0,0,0
77.42,17,1,dining,0.249,0.306,10.5,1.09,2746,0,1,0,0
169.58,19,1,dining,0.135,0.066,4.6,1.17,1850,0,1,1,0
5.62,13,2,dining,0.062,0.159,15.1,1.4,3598,0,0,0,0
82.13,7,1,grocery,0.04,0.162,0.5,1.57,1864,0,0,0,0
104.1,9,1,dining,0.028,0.12,7.8,0.67,851,0,0,0,0
9.04,8,4,grocery,0.396,0.032,2.7,0.8,1923,1,0,1,0
19.5,9,3,grocery,0.394,0.072,3.2,0.73,1016,0,0,1,0
34.6,13,5,utilities,0.186,0.189,6.8,0.63,708,0,0,0,0
120.87,10,1,grocery,0.237,0.099,11.4,1.24,2465,0,0,1,0
21.62,8,2,entertainment,0.261,0.05,8.2,0.89,1137,0,1,0,0
36.86,9,1,grocery,0.119,0.07,5.7,0.95,2124,0,0,1,0
70.66,8,2,retail,0.01,0.146,4.6,1.58,3346,0,0,0,0
62.61,8,5,dining,0.109,0.17,26.7,1.43,2513,0,0,0,0
14.4,15,4,dining,0.216,0.112,0.6,1.0,203,0,0,0,0
28.21,18,1,gas_transport,0.048,0.17,1.7,1.03,3070,0,0,1,0
84.42,12,1,travel,0.01,0.014,2.1,1.49,3270,0,0,1,0
34.71,8,6,grocery,0.28,0.098,10.0,0.91,3141,0,0,1,0
40.08,12,1,utilities,0.018,0.073,5.7,0.98,1551,0,0,1,0
95.77,6,3,dining,0.248,0.286,15.1,0.8,2012,0,0,1,0
115.21,22,1,dining,0.244,0.055,5.3,1.84,1355,0,0,0,0
36.49,10,3,gas_transport,0.032,0.156,12.8,1.4,2507,0,1,1,0
12.96,19,1,gas_transport,0.182,0.154,62.4,1.23,1075,0,0,0,0
25.75,22,1,entertainment,0.03,0.42,28.1,0.32,2945,1,0,1,0
75.57,10,3,grocery,0.278,0.067,39.7,0.89,2380,0,0,0,0
40.15,12,1,health_beauty,0.319,0.035,3.6,1.13,1194,1,0,1,0
47.98,9,2,utilities,0.014,0.248,2.7,1.21,1102,1,0,1,0
54.28,9,1,entertainment,0.044,0.114,20.7,0.75,1624,0,0,1,0
126.58,14,3,grocery,0.062,0.136,2.7,0.94,1720,0,0,0,0
147.67,6,4,retail,0.019,0.021,15.0,1.3,2972,1,0,1,0
47.16,12,1,gas_transport,0.045,0.119,0.7,0.95,3220,0,0,1,0
24.47,23,3,grocery,0.079,0.302,11.1,0.61,3370,0,0,1,0
36.96,10,2,clothing,0.175,0.258,11.1,0.98,3448,0,0,1,0
26.66,4,2,grocery,0.183,0.01,4.3,0.7,2598,0,0,1,0
71.96,9,3,travel,0.135,0.296,5.8,1.07,1862,0,0,0,0
103.17,14,2,travel,0.364,0.38,8.2,0.92,3361,0,0,1,0
30.04,14,3,grocery,0.035,0.089,6.5,1.39,3380,0,0,0,0
101.37,22,2,grocery,0.13,0.17,9.1,0.85,914,0,0,0,0
871.88,21,9,electronics,0.878,0.84,652.9,5.12,8,2,0,1,1
47.81,16,2,entertainment,0.029,0.157,12.3,0.87,503,0,0,0,0
15.16,17,1,clothing,0.023,0.5,18.9,0.78,1257,0,0,0,0
54.32,8,2,grocery,0.194,0.025,0.9,1.1,897,0,0,1,0
63.11,15,1,travel,0.031,0.023,22.0,0.96,581,1,0,1,0
16.1,18,1,gas_transport,0.055,0.307,9.9,1.23,1836,0,0,1,0
163.21,19,1,entertainment,0.063,0.239,0.5,1.08,802,0,0,0,0
92.34,19,4,dining,0.201,0.139,2.1,1.29,280,1,0,0,0
15.67,10,2,grocery,0.25,0.128,9.8,1.0,1224,0,0,0,0
19.7,10,3,entertainment,0.095,0.153,0.8,0.91,384,0,0,0,0
68.84,7,1,grocery,0.027,0.5,2.1,0.68,340,0,0,1,0
90.12,7,1,utilities,0.303,0.036,6.8,0.79,3116,1,0,0,0
31.16,12,3,grocery,0.027,0.051,20.3,0.98,911,0,0,1,0
1945.23,4,3,gas_transport,0.584,0.826,56.1,6.97,39,1,1,1,1
159.38,17,3,entertainment,0.146,0.111,1.6,1.32,2093,1,0,1,0
21.33,7,1,dining,0.032,0.123,2.5,1.39,1169,0,0,0,0
123.52,12,1,grocery,0.249,0.065,2.2,0.85,1675,0,0,0,0
22.45,14,1,entertainment,0.067,0.047,21.9,0.73,2739,0,0,1,0
57.27,11,2,clothing,0.025,0.314,1.3,1.22,3327,0,0,1,0
47.12,10,3,clothing,0.01,0.494,47.2,1.21,2086,0,0,0,0
31.57,21,2,grocery,0.221,0.231,6.3,1.18,1446,0,0,1,0
47.22,7,1,dining,0.017,0.107,21.8,1.0,1721,0,0,1,0
45.02,11,3,grocery,0.01,0.149,2.2,1.47,361,0,0,0,0
427.76,8,9,health_beauty,0.725,0.71,820.7,1.8,146,1,1,1,1
34.59,15,2,electronics,0.09,0.285,6.5,0.92,361,0,0,1,0
35.83,6,3,dining,0.071,0.181,7.5,1.22,757,0,0,0,0
52.46,8,3,electronics,0.061,0.089,8.8,0.75,616,0,0,1,0
60.47,13,2,grocery,0.04,0.095,8.0,0.37,2078,0,0,1,0
56.85,9,3,gas_transport,0.102,0.132,8.2,1.54,2449,0,0,0,0
33.73,7,1,utilities,0.083,0.079,49.4,1.37,1177,0,0,0,0
74.87,17,1,gas_transport,0.295,0.104,2.0,0.81,1887,0,0,1,0
213.05,10,6,dining,0.171,0.319,2.5,0.77,1074,0,0,1,0
178.04,19,1,dining,0.12,0.15,0.1,0.6,1888,0,0,1,0
45.57,2,1,utilities,0.102,0.158,1.9,1.0,3474,0,0,1,0
67.66,12,1,entertainment,0.082,0.198,53.3,0.72,2655,0,0,0,0
202.07,9,1,gas_transport,0.154,0.102,8.7,1.55,2146,0,0,0,0
28.75,5,2,gas_transport,0.13,0.104,0.8,0.9,1827,0,0,1,0
332.5,16,1,grocery,0.234,0.146,14.2,1.01,791,0,0,0,0
131.99,11,4,retail,0.191,0.01,21.7,0.84,916,0,0,0,0
60.79,13,1,dining,0.087,0.5,10.3,1.12,3589,0,0,1,0
145.79,19,2,electronics,0.06,0.42,7.5,0.98,2161,0,0,1,0
76.87,9,4,entertainment,0.324,0.095,21.1,0.39,270,0,0,1,0
99.75,8,1,dining,0.356,0.059,8.6,0.71,2388,0,0,1,0
727.0,3,12,clothing,0.916,0.478,262.5,1.8,71,1,1,0,1
60.87,8,2,health_beauty,0.379,0.282,8.3,1.15,264,0,0,1,0
52.55,10,2,gas_transport,0.01,0.105,22.7,1.39,2150,0,0,0,0
9.63,17,3,dining,0.15,0.386,3.6,1.07,3345,0,0,0,0
15.9,9,3,clothing,0.036,0.176,16.0,1.38,2288,0,0,1,0
44.06,20,2,dining,0.135,0.039,2.3,1.02,2877,0,0,1,0
59.98,11,1,health_beauty,0.22,0.025,26.9,0.5,458,0,0,1,0
41.29,20,1,grocery,0.01,0.192,1.0,1.17,3462,0,0,1,0
23.17,14,5,grocery,0.037,0.077,1.8,0.78,1658,0,0,0,0
52.79,17,1,retail,0.043,0.274,19.6,1.02,714,0,0,0,0
63.9,19,1,dining,0.103,0.313,6.6,1.26,1478,0,0,0,0
15.09,14,4,health_beauty,0.225,0.208,6.6,0.71,1023,0,0,0,0
125.97,14,2,electronics,0.122,0.154,8.4,0.87,2795,1,0,0,0
77.63,10,3,grocery,0.03,0.143,1.2,1.2,2749,0,0,1,0
44.17,12,1,gas_transport,0.136,0.133,1.0,0.6,526,0,0,0,0
37.5,12,2,grocery,0.011,0.029,2.9,0.95,2484,0,1,0,0
188.81,8,2,grocery,0.057,0.01,10.2,1.46,2046,0,0,1,0
41.17,8,1,grocery,0.142,0.3,13.6,0.98,1307,0,0,0,0
33.26,11,1,grocery,0.152,0.335,10.5,1.05,2315,0,0,1,0
64.54,9,2,travel,0.19,0.367,3.9,0.7,994,0,0,1,0
47.65,14,2,dining,0.103,0.076,1.9,0.95,1411,0,0,1,0
13.86,16,2,retail,0.253,0.033,15.4,1.07,2851,0,0,1,0
43.47,1,1,grocery,0.023,0.185,17.6,1.15,1438,0,0,0,0
63.77,9,2,dining,0.045,0.132,21.4,0.96,1362,0,0,0,0
17.99,8,2,health_beauty,0.058,0.064,0.5,1.18,1928,0,0,0,0
65.93,14,2,clothing,0.035,0.164,4.2,0.86,2263,0,0,1,0
42.32,16,2,gas_transport,0.01,0.036,36.1,1.1,1467,0,0,0,0
47.73,1,3,electronics,0.289,0.058,58.3,1.38,3304,0,0,1,0
21.03,5,4,grocery,0.074,0.492,7.4,0.81,1558,0,0,1,0
97.56,12,1,grocery,0.115,0.05,9.8,0.98,807,0,0,1,0
861.93,5,13,electronics,0.688,0.95,786.8,6.52,329,3,1,1,1
101.2,13,1,grocery,0.01,0.081,11.4,0.66,3461,0,0,1,0
27.27,11,1,utilities,0.061,0.044,27.2,1.01,1242,0,0,0,0
77.17,8,4,grocery,0.314,0.203,8.1,0.59,437,0,0,0,0
34.71,6,2,clothing,0.09,0.229,34.3,0.71,3517,0,0,1,0
9.78,7,1,utilities,0.182,0.369,0.1,1.37,3231,0,0,0,0
34.11,6,1,dining,0.312,0.434,18.3,0.48,772,0,0,0,0
44.36,17,1,grocery,0.196,0.467,9.4,1.26,1971,0,0,0,0
45.98,9,1,grocery,0.205,0.045,14.1,0.97,1761,0,0,1,0
32.33,13,1,grocery,0.202,0.227,2.6,0.91,935,0,0,0,0
33.51,21,3,utilities,0.193,0.276,8.0,0.82,1363,0,0,1,0
59.94,17,1,dining,0.067,0.119,5.2,0.82,2128,0,0,1,0
120.0,1,8,entertainment,0.794,0.415,160.7,7.43,29,2,1,1,1
28.65,12,1,grocery,0.074,0.095,7.5,1.72,3506,0,0,1,0
70.93,10,1,entertainment,0.14,0.125,9.8,0.33,1463,0,0,0,0
72.83,6,1,clothing,0.262,0.076,26.3,1.32,3195,0,0,1,0
20.18,14,3,gas_transport,0.158,0.091,6.2,1.08,732,0,0,0,0
38.27,11,1,gas_transport,0.03,0.085,4.0,1.45,876,0,0,1,0
40.79,10,1,gas_transport,0.138,0.08,32.3,1.24,2021,1,0,1,0
111.85,19,1,gas_transport,0.356,0.13,11.0,1.11,3448,0,0,0,0
12.74,10,1,clothing,0.36,0.156,15.7,0.91,2146,0,0,0,0
27.97,20,1,health_beauty,0.077,0.16,14.0,0.81,3458,0,0,0,0
142.42,23,2,clothing,0.304,0.227,24.9,0.72,3446,0,0,0,0
129.34,13,1,grocery,0.046,0.01,21.6,1.03,2264,0,0,0,0
15.93,17,1,travel,0.124,0.011,5.0,0.71,696,0,0,0,0
139.19,12,1,grocery,0.125,0.242,31.6,0.67,2262,0,0,0,0
22.11,14,3,gas_transport,0.055,0.103,5.9,1.52,3239,0,0,1,0
43.6,10,1,electronics,0.022,0.258,2.6,1.43,2707,0,0,0,0
6.37,10,2,clothing,0.016,0.175,21.5,1.13,3010,0,0,1,0
126.73,21,2,retail,0.11,0.272,6.8,1.15,1976,0,0,1,0
29.88,15,3,gas_transport,0.012,0.5,6.2,1.08,1000,0,0,1,0
152.94,16,2,travel,0.075,0.278,14.2,0.87,3275,0,0,0,0
44.27,18,2,grocery,0.189,0.063,6.6,0.52,2995,0,0,0,0
34.91,11,3,gas_transport,0.203,0.065,7.4,0.9,3058,0,0,0,0
142.25,14,3,dining,0.033,0.336,15.5,0.86,909,0,0,0,0
24.09,18,3,clothing,0.041,0.216,9.9,0.93,2594,0,0,1,0
120.0,15,14,travel,0.951,0.837,107.1,5.82,108,0,0,1,1
18.17,13,1,health_beauty,0.077,0.201,26.3,0.85,2814,0,0,0,0
78.77,14,1,clothing,0.01,0.066,13.8,1.13,1833,0,0,1,0
23.16,15,1,grocery,0.07,0.182,7.0,0.46,3318,0,0,0,0
50.87,13,1,grocery,0.065,0.13,18.3,1.61,781,1,0,1,0
15.56,17,1,entertainment,0.2,0.052,4.1,0.86,662,0,0,0,0
31.06,15,1,dining,0.07,0.181,1.4,1.51,2633,0,1,1,0
9.4,14,1,dining,0.45,0.086,19.2,0.7,2657,1,0,0,0
87.33,11,1,entertainment,0.064,0.121,6.8,1.22,2691,0,0,1,0
96.42,6,4,gas_transport,0.237,0.034,25.2,1.49,530,0,0,0,0
85.42,7,2,grocery,0.089,0.067,1.3,1.59,3109,1,0,1,0
61.35,6,1,grocery,0.221,0.088,14.8,0.93,685,0,0,1,0
361.45,4,5,travel,0.749,0.621,172.4,4.46,707,3,1,1,1
58.82,13,3,electronics,0.012,0.112,7.7,1.22,3553,0,0,0,0
230.82,1,2,entertainment,0.041,0.103,3.5,1.63,3130,0,0,0,0
13.39,19,4,clothing,0.062,0.247,0.1,0.81,3231,0,0,1,0
39.84,11,1,utilities,0.067,0.063,2.0,1.15,1863,0,1,0,0
44.75,9,1,entertainment,0.01,0.147,0.2,1.06,426,0,0,0,0
127.69,10,1,electronics,0.096,0.051,7.0,0.86,666,0,0,0,0
6.09,10,3,dining,0.033,0.314,15.1,1.16,2570,1,0,0,0
47.38,9,2,electronics,0.026,0.407,2.6,1.47,1163,0,0,0,0
119.79,10,2,grocery,0.028,0.025,1.6,1.29,3314,0,0,1,0
22.9,9,3,gas_transport,0.138,0.319,13.4,0.97,2096,0,0,1,0
447.4,1,6,dining,0.89,0.544,15.0,8.1,53,2,1,1,1
30.17,1,3,gas_transport,0.091,0.22,2.0,0.5,1638,0,0,1,0
31.54,12,2,grocery,0.27,0.087,8.9,1.12,2311,0,0,1,0
36.96,7,1,grocery,0.156,0.059,3.6,1.07,1347,1,0,1,0
69.53,2,3,dining,0.248,0.052,11.8,0.97,1323,1,0,1,0
19.92,9,1,grocery,0.104,0.114,1.9,1.0,3488,0,0,1,0
53.61,16,1,dining,0.071,0.123,5.7,1.31,1979,0,0,1,0
39.74,11,2,retail,0.158,0.126,2.5,1.05,2684,0,0,1,0
160.1,12,3,gas_transport,0.116,0.196,13.2,0.84,2700,0,1,0,0
238.55,11,1,dining,0.01,0.021,4.3,0.77,2785,0,0,1,0
43.32,20,2,travel,0.094,0.036,5.6,1.19,2896,0,0,0,0
48.09,17,4,health_beauty,0.166,0.091,12.7,0.89,1118,0,0,1,0
11.25,19,2,health_beauty,0.291,0.063,19.2,1.29,1020,0,0,1,0
21.75,15,1,utilities,0.017,0.32,23.4,1.31,1804,0,0,0,0
13.07,20,6,gas_transport,0.138,0.219,12.8,0.42,1882,1,1,0,0
85.1,20,5,utilities,0.069,0.172,1.1,1.46,2983,0,0,1,0
47.56,12,2,dining,0.061,0.495,6.7,1.35,1119,0,0,1,0
141.78,3,9,electronics,0.831,0.942,1641.8,4.63,286,1,0,1,1
133.81,13,1,electronics,0.22,0.1,10.1,1.03,3081,0,0,0,0
25.73,11,1,dining,0.027,0.186,2.0,0.87,3355,0,0,1,0
28.29,18,3,health_beauty,0.296,0.202,20.5,0.61,2115,0,0,0,0
64.75,9,1,gas_transport,0.171,0.311,16.1,1.2,183,0,0,0,0
6.82,17,1,dining,0.041,0.012,4.6,0.79,899,0,0,0,0
118.46,8,3,gas_transport,0.249,0.065,7.1,1.21,1773,0,0,1,0
85.23,8,3,entertainment,0.267,0.167,8.2,1.17,3050,0,1,0,0
33.8,8,3,dining,0.053,0.062,12.0,1.09,1373,0,0,1,0
47.8,20,4,entertainment,0.208,0.271,8.3,1.05,3502,0,0,1,0
20.57,10,2,gas_transport,0.03,0.323,9.7,1.25,599,0,0,1,0
44.85,18,1,grocery,0.062,0.032,18.7,1.04,1451,0,0,0,0
12.24,14,1,grocery,0.015,0.039,5.2,0.81,1151,0,0,0,0
33.53,19,3,dining,0.07,0.04,1.4,0.93,2742,2,0,0,0
22.14,7,1,dining,0.068,0.153,3.5,0.9,2222,0,0,1,0
17.62,9,2,dining,0.038,0.015,30.6,0.61,2706,0,0,1,0
135.29,17,3,health_beauty,0.03,0.093,7.1,0.58,690,0,0,0,0
174.47,12,1,clothing,0.147,0.058,5.2,0.96,197,0,0,1,0
29.83,7,1,retail,0.01,0.176,0.9,1.47,1705,0,0,0,0
5.0,17,1,grocery,0.195,0.023,7.3,1.51,2420,0,0,0,0
11.23,4,1,entertainment,0.043,0.109,45.7,0.86,3125,0,0,1,0
24.51,14,1,grocery,0.257,0.077,10.1,0.96,1662,0,0,1,0
53.27,14,4,dining,0.182,0.254,15.3,1.34,2137,0,0,0,0
115.97,12,1,clothing,0.065,0.051,43.1,1.08,1000,0,0,1,0
77.36,18,2,grocery,0.07,0.187,11.7,1.46,1465,1,0,0,0
33.97,6,1,dining,0.135,0.191,6.7,0.42,2577,0,0,0,0
189.53,13,2,utilities,0.065,0.258,12.4,1.26,835,0,0,0,0
113.72,11,1,utilities,0.066,0.17,22.0,0.41,525,0,0,0,0
62.39,12,1,health_beauty,0.292,0.323,16.4,1.02,2412,0,0,1,0
33.13,8,4,gas_transport,0.167,0.138,4.6,0.97,1265,0,0,0,0
94.39,19,3,entertainment,0.01,0.024,0.1,0.62,2440,0,0,1,0
92.67,10,2,utilities,0.118,0.287,7.5,0.49,2938,0,0,0,0
39.26,14,1,clothing,0.116,0.18,3.8,0.93,473,0,0,0,0
24.06,13,1,clothing,0.148,0.114,5.1,0.86,711,0,0,0,0
97.41,18,3,entertainment,0.373,0.127,3.6,1.03,566,0,1,0,0
1225.84,1,12,retail,0.414,0.482,172.2,2.31,172,0,0,1,1
14.55,18,3,dining,0.088,0.345,5.3,1.31,449,0,0,1,0
66.49,16,1,clothing,0.083,0.053,9.7,1.06,1222,0,0,0,0
74.91,14,2,dining,0.342,0.027,32.4,0.95,1752,0,0,0,0
58.56,12,4,electronics,0.023,0.137,22.0,1.08,415,0,0,1,0
27.76,8,1,dining,0.027,0.194,5.9,1.08,3357,0,0,0,0
42.49,7,5,clothing,0.085,0.094,0.1,0.85,3389,0,0,1,0
33.85,17,2,gas_transport,0.213,0.048,32.1,1.17,3037,0,0,0,0
38.29,17,1,clothing,0.279,0.257,4.6,1.13,3523,0,0,1,0
20.43,0,1,grocery,0.172,0.5,3.4,0.96,1842,0,0,1,0
51.83,20,1,grocery,0.016,0.044,2.1,0.38,1913,0,0,0,0
7.96,10,2,health_beauty,0.291,0.066,7.4,0.94,465,0,0,1,0
48.23,6,1,retail,0.054,0.264,25.2,0.52,1103,0,0,1,0
107.88,15,1,grocery,0.108,0.402,7.9,1.07,1641,0,0,1,0
331.16,10,2,dining,0.284,0.425,3.3,1.28,3039,0,0,0,0
26.86,16,1,dining,0.088,0.096,15.0,1.06,2870,0,0,0,0
63.3,17,2,clothing,0.057,0.123,3.6,1.26,1940,0,1,1,0
66.82,11,2,gas_transport,0.063,0.189,4.3,1.06,1413,0,0,1,0
74.45,13,4,entertainment,0.222,0.115,18.1,0.87,1756,0,0,1,0
1201.81,16,12,travel,0.623,0.65,34.9,5.65,50,2,1,1,1
27.51,6,2,grocery,0.126,0.117,23.1,0.69,1408,0,0,0,0
18.24,9,1,grocery,0.132,0.037,14.7,0.83,3351,0,0,0,0
37.51,19,3,grocery,0.035,0.097,0.4,0.98,2664,0,0,0,0
21.72,9,1,electronics,0.01,0.044,3.0,1.28,1414,0,0,0,0
10.78,21,3,grocery,0.133,0.1,0.4,0.89,1716,0,0,0,0
55.34,18,2,utilities,0.148,0.202,7.7,0.85,354,0,0,1,0
67.51,10,3,gas_transport,0.01,0.171,1.2,0.84,1213,0,0,0,0
131.86,8,3,grocery,0.184,0.187,41.2,0.77,977,0,0,0,0
108.69,11,2,grocery,0.171,0.032,9.2,1.02,184,0,0,1,0
30.06,6,2,grocery,0.057,0.154,10.0,0.99,3393,0,0,0,0
55.62,19,2,grocery,0.164,0.086,19.2,1.45,2826,0,0,0,0
11.09,11,4,dining,0.215,0.238,0.5,0.74,1192,0,0,1,0
46.96,12,2,grocery,0.033,0.15,4.1,1.02,218,1,0,1,0
59.7,10,1,gas_transport,0.08,0.343,13.8,0.81,648,0,0,0,0
113.52,11,1,electronics,0.051,0.129,14.3,1.06,3304,0,0,0,0
5.0,11,1,grocery,0.401,0.16,17.0,1.0,3031,0,0,1,0
150.34,10,2,clothing,0.193,0.297,10.5,1.39,2269,0,0,0,0
74.98,19,1,grocery,0.047,0.07,8.4,1.03,3598,0,0,1,0
20.1,12,5,utilities,0.016,0.175,41.5,0.55,632,0,0,1,0
146.91,17,1,dining,0.01,0.271,1.7,1.1,2264,0,0,1,0
19.93,17,2,grocery,0.022,0.396,3.2,0.84,3518,0,0,0,0
183.44,15,2,utilities,0.125,0.5,21.1,1.09,413,0,0,0,0
54.66,11,3,clothing,0.093,0.194,12.0,1.34,1504,0,0,0,0
46.9,8,2,dining,0.04,0.456,27.9,1.04,1139,0,0,1,0
77.41,14,1,grocery,0.198,0.267,10.5,1.72,3157,0,0,1,0
52.74,8,2,dining,0.065,0.118,0.3,0.52,2387,0,0,0,0
22.8,9,2,grocery,0.254,0.144,23.6,0.82,473,0,0,1,0
34.21,12,1,electronics,0.218,0.341,24.9,1.19,269,0,0,0,0
104.71,1,1,utilities,0.084,0.141,21.3,1.21,3319,0,0,1,0
100.06,13,3,entertainment,0.148,0.473,5.5,0.71,2716,0,0,0,0
35.61,7,1,gas_transport,0.137,0.175,17.1,1.11,1582,0,0,0,0
24.82,10,4,clothing,0.03,0.135,18.4,0.96,1208,0,0,1,0
14.64,7,1,grocery,0.024,0.223,0.3,0.6,3206,0,0,0,0
42.04,6,1,gas_transport,0.216,0.109,12.7,0.73,3410,0,0,1,0
83.37,7,3,grocery,0.047,0.177,4.5,1.14,2186,0,0,0,0
56.14,7,1,grocery,0.03,0.11,5.3,0.99,2452,0,1,1,0
33.21,16,1,clothing,0.157,0.24,4.4,0.87,794,0,0,1,0
120.98,5,1,entertainment,0.188,0.122,12.1,0.58,314,0,0,1,0
52.19,14,2,grocery,0.035,0.235,9.6,1.17,2526,0,0,1,0
23.7,9,2,grocery,0.11,0.174,4.4,1.01,1480,0,0,0,0
28.52,11,1,dining,0.028,0.307,8.1,1.6,3302,0,0,0,0
64.14,11,1,dining,0.133,0.129,14.0,1.09,204,0,0,1,0
67.89,8,1,dining,0.081,0.089,10.2,0.51,904,0,1,1,0
66.82,8,1,grocery,0.072,0.078,1.9,1.26,1725,0,1,1,0
67.45,10,3,gas_transport,0.169,0.075,10.3,0.81,3355,0,0,1,0
196.27,15,1,grocery,0.425,0.01,11.4,0.72,1459,0,0,1,0
50.14,0,4,dining,0.111,0.112,6.2,0.97,957,0,0,0,0
46.17,18,1,clothing,0.029,0.172,19.9,1.48,224,0,0,1,0
177.88,20,7,travel,0.563,0.77,343.4,4.37,316,0,1,1,1
38.49,13,1,health_beauty,0.45,0.133,1.1,1.53,227,0,0,1,0
23.62,19,2,grocery,0.144,0.092,8.2,1.23,3229,0,0,0,0
122.01,21,9,travel,0.801,0.985,983.5,7.17,242,1,1,1,1
203.94,9,1,retail,0.313,0.17,6.0,0.76,1015,0,0,1,0
159.42,22,2,electronics,0.144,0.01,3.7,1.01,1882,0,0,0,0
681.99,14,6,electronics,0.748,0.573,15.0,4.21,168,3,0,1,1
1104.53,10,5,electronics,0.971,0.475,2678.5,7.9,249,3,1,1,1
138.57,6,1,grocery,0.01,0.01,32.6,1.03,1529,0,0,1,0
1633.14,20,6,electronics,0.717,0.728,158.8,6.49,363,2,0,1,1
81.25,9,1,grocery,0.118,0.063,36.9,1.13,2017,0,0,1,0
61.19,16,1,health_beauty,0.096,0.414,7.2,1.29,807,0,0,0,0
56.79,5,2,gas_transport,0.05,0.314,0.5,0.75,3293,0,0,1,0
9.74,7,1,retail,0.043,0.231,13.8,1.06,3562,0,0,1,0
102.59,12,1,retail,0.079,0.18,56.3,0.67,2187,0,0,1,0
39.24,15,2,retail,0.191,0.151,24.8,1.69,728,0,0,1,0
83.67,16,1,gas_transport,0.176,0.266,0.3,0.67,1450,0,0,0,0
18.49,12,1,clothing,0.06,0.198,9.6,1.58,1175,0,0,1,0
46.35,15,2,grocery,0.035,0.085,14.5,1.22,1895,0,0,1,0
18.9,11,1,dining,0.07,0.231,14.2,1.62,1394,0,0,0,0
31.29,15,2,gas_transport,0.182,0.425,6.0,0.58,2549,0,1,1,0
48.04,14,1,clothing,0.149,0.177,5.3,0.71,2703,0,0,0,0
20.12,10,1,grocery,0.069,0.134,18.4,0.91,3100,0,0,0,0
252.65,12,1,clothing,0.224,0.163,10.7,0.58,1180,0,0,0,0
38.33,7,1,travel,0.075,0.133,4.1,0.94,2728,0,0,1,0
70.55,11,3,entertainment,0.01,0.468,14.1,1.12,3039,0,0,0,0
190.42,23,1,grocery,0.292,0.028,5.7,0.8,2885,0,0,1,0
24.92,9,1,gas_transport,0.276,0.297,2.0,0.98,2795,0,0,0,0
112.32,16,4,gas_transport,0.15,0.138,0.9,0.88,1577,0,0,0,0
111.81,21,1,health_beauty,0.12,0.223,4.5,1.22,1539,0,0,0,0
104.07,13,4,gas_transport,0.286,0.103,7.0,1.53,1279,0,0,1,0
54.22,9,1,grocery,0.084,0.117,34.9,0.78,3593,0,0,0,0
14.99,17,2,gas_transport,0.077,0.016,2.7,0.86,986,0,0,1,0
169.4,11,2,dining,0.206,0.327,3.5,0.82,1245,0,0,0,0
118.73,7,2,dining,0.305,0.408,2.5,0.65,2535,0,0,1,0
85.97,21,2,dining,0.033,0.242,1.3,0.89,950,0,0,1,0
120.0,16,4,electronics,0.984,0.817,491.6,4.14,13,4,0,1,1
34.74,11,1,retail,0.051,0.067,12.5,0.36,2814,0,0,0,0
897.63,3,5,entertainment,0.689,0.35,582.7,7.35,23,3,1,1,1
12.7,13,1,gas_transport,0.15,0.255,15.5,0.99,314,0,1,0,0
78.22,17,3,clothing,0.255,0.069,5.4,0.97,1974,0,0,0,0
1122.86,0,8,entertainment,0.836,0.543,60.7,4.21,870,3,1,0,1
207.79,4,9,electronics,0.94,0.448,964.8,5.21,517,1,1,1,1
43.11,18,1,electronics,0.144,0.243,8.9,0.94,720,0,0,1,0
27.26,16,1,health_beauty,0.069,0.102,1.8,1.05,1007,0,0,1,0
10.78,18,2,grocery,0.03,0.256,11.7,0.92,3243,0,0,1,0
38.69,18,1,health_beauty,0.196,0.176,7.9,0.55,2236,0,0,1,0
112.41,9,1,dining,0.177,0.234,9.4,1.37,971,1,1,0,0
13.52,10,1,travel,0.017,0.08,9.4,0.95,433,0,0,1,0
40.79,18,2,gas_transport,0.155,0.141,5.9,1.1,2799,0,0,1,0
26.28,17,5,entertainment,0.13,0.132,1.5,0.73,1479,0,0,0,0
111.04,16,5,grocery,0.082,0.469,5.4,1.31,2886,0,0,1,0
27.62,15,2,electronics,0.28,0.409,4.5,0.6,2031,0,0,1,0
22.04,8,2,clothing,0.1,0.152,11.9,1.03,193,0,0,0,0
42.1,6,1,grocery,0.023,0.04,40.8,0.75,2355,0,0,1,0
47.86,15,3,clothing,0.135,0.112,3.3,1.19,1762,0,0,1,0
26.49,10,1,grocery,0.238,0.213,4.9,0.91,2174,0,1,0,0
46.84,15,2,dining,0.138,0.338,14.0,1.07,3412,0,0,0,0
56.81,8,5,dining,0.028,0.147,24.0,0.67,1553,0,0,0,0
43.48,12,1,grocery,0.084,0.081,11.9,0.85,1823,0,0,1,0
23.92,17,1,grocery,0.258,0.302,5.3,1.01,2346,0,0,1,0
20.22,13,1,gas_transport,0.195,0.235,4.0,1.37,882,0,0,0,0
1744.8,22,8,clothing,0.934,0.866,1091.1,5.64,93,3,1,1,1
50.7,9,3,electronics,0.067,0.017,7.4,1.43,603,0,0,1,0
101.42,18,1,dining,0.015,0.185,8.3,1.1,2895,0,0,1,0
35.72,23,1,grocery,0.068,0.219,3.1,1.35,3203,0,0,0,0
90.78,15,1,grocery,0.264,0.158,6.0,0.68,2021,0,0,1,0
101.87,19,2,electronics,0.113,0.139,14.6,0.64,1234,0,0,0,0
45.42,12,1,travel,0.07,0.042,5.8,0.83,539,0,0,0,0
46.72,11,4,dining,0.133,0.165,11.8,0.53,3530,0,0,0,0
52.15,14,1,health_beauty,0.292,0.12,0.3,0.93,319,0,0,1,0
61.51,10,1,grocery,0.256,0.109,1.7,1.04,1277,0,0,0,0
161.27,9,3,health_beauty,0.116,0.251,14.3,1.2,697,0,0,1,0
23.21,8,2,electronics,0.045,0.084,0.1,1.29,1887,0,0,0,0
1299.12,7,10,electronics,0.722,0.794,705.0,3.46,117,1,0,1,1
55.15,14,3,gas_transport,0.251,0.384,5.3,1.26,1473,0,0,0,0
64.34,1,1,clothing,0.023,0.077,9.6,0.97,2617,0,0,0,0
66.79,8,4,grocery,0.128,0.05,3.7,0.76,727,0,0,0,0
30.38,19,1,grocery,0.186,0.16,4.4,1.28,350,0,0,1,0
45.46,17,1,health_beauty,0.131,0.122,3.2,0.74,681,0,0,0,0
39.85,7,2,entertainment,0.062,0.151,4.3,1.24,483,0,0,1,0
379.88,12,9,electronics,0.821,0.595,113.0,4.92,115,2,1,1,1
54.95,13,3,retail,0.082,0.052,0.9,1.28,2996,0,1,0,0
22.23,10,1,retail,0.04,0.23,1.0,1.22,360,0,0,0,0
58.71,8,1,dining,0.056,0.324,15.7,0.78,2116,0,0,1,0
52.6,14,3,travel,0.203,0.342,3.1,1.17,2149,0,0,0,0
21.61,11,4,gas_transport,0.056,0.112,0.6,1.02,1678,0,0,1,0
35.03,14,1,grocery,0.018,0.257,7.0,1.19,972,0,0,0,0
37.72,6,1,dining,0.068,0.133,9.8,0.92,195,0,1,1,0
104.83,8,2,gas_transport,0.033,0.261,10.3,0.78,2056,0,0,0,0
27.01,10,2,grocery,0.44,0.275,3.3,1.87,374,0,0,1,0
2189.66,16,3,travel,0.782,0.671,27.6,9.11,1,3,1,0,1
34.97,10,2,dining,0.245,0.122,9.0,0.94,550,0,0,0,0
17.27,16,1,grocery,0.014,0.116,6.3,0.87,2922,0,1,1,0
35.54,15,1,gas_transport,0.129,0.083,7.2,0.69,197,0,0,0,0
23.27,8,2,dining,0.044,0.018,18.8,0.65,2025,2,0,0,0
44.71,5,1,utilities,0.16,0.211,18.0,0.89,2850,0,1,1,0
37.99,8,1,grocery,0.05,0.171,1.9,1.04,3165,0,0,0,0
48.6,13,1,entertainment,0.087,0.207,41.4,1.33,1749,1,0,1,0
1026.09,1,4,electronics,0.852,0.593,830.9,7.32,90,2,0,1,1
120.0,1,8,entertainment,0.425,0.772,576.2,6.64,44,1,0,1,1
20.19,11,3,health_beauty,0.157,0.222,3.6,1.43,2132,0,0,1,0
146.29,16,4,health_beauty,0.166,0.17,26.8,1.28,438,0,0,1,0
16.25,17,2,health_beauty,0.044,0.061,0.2,1.23,720,0,0,0,0
22.42,8,1,grocery,0.042,0.11,15.6,1.15,1203,1,0,1,0
15.31,15,2,entertainment,0.277,0.025,9.5,0.94,220,0,0,1,0
143.23,12,4,clothing,0.069,0.25,1.0,0.61,2452,0,0,0,0
559.04,17,1,utilities,0.038,0.071,10.3,1.25,467,0,0,1,0
166.47,15,3,entertainment,0.279,0.165,6.1,1.11,3580,0,0,1,0
24.53,7,2,dining,0.091,0.361,89.2,0.56,2256,0,0,0,0
418.79,1,5,travel,0.694,0.822,1293.4,5.45,43,1,1,1,1
170.91,6,1,grocery,0.019,0.178,4.2,0.53,223,0,0,0,0
26.71,19,1,health_beauty,0.011,0.047,2.6,1.24,3050,0,1,1,0
14.79,18,1,travel,0.014,0.192,8.6,0.97,1591,0,1,0,0
5.36,15,3,gas_transport,0.011,0.061,19.3,0.97,3026,0,0,0,0
480.88,19,1,grocery,0.07,0.058,15.3,0.81,835,0,0,1,0
48.66,9,2,clothing,0.198,0.382,8.1,0.56,924,0,0,1,0
76.12,5,2,dining,0.022,0.042,6.5,0.79,3232,0,0,0,0
27.09,14,4,grocery,0.194,0.01,0.1,0.82,1018,0,0,1,0
67.44,14,1,grocery,0.032,0.061,18.7,0.89,3523,0,0,1,0
88.91,18,3,grocery,0.018,0.194,4.1,0.9,1929,0,0,0,0
413.22,17,1,electronics,0.158,0.043,4.0,0.63,1496,0,1,1,0
73.88,12,3,clothing,0.188,0.169,4.0,0.94,2382,0,0,1,0
72.84,12,2,dining,0.066,0.416,16.0,0.57,3242,0,1,1,0
23.53,14,1,dining,0.08,0.5,22.3,0.92,3255,0,0,1,0
108.61,22,3,electronics,0.057,0.395,29.9,1.43,3441,0,0,1,0
9.25,10,1,utilities,0.058,0.491,4.4,0.73,2897,0,0,1,0
21.54,15,2,gas_transport,0.318,0.179,5.0,0.8,2013,0,0,1,0
24.04,10,3,dining,0.127,0.122,7.3,0.87,3152,0,1,1,0
64.36,16,4,grocery,0.089,0.11,12.3,0.88,901,0,0,0,0
47.73,10,5,clothing,0.217,0.196,1.6,1.7,2043,0,1,0,0
105.95,5,1,retail,0.22,0.119,4.9,1.1,1419,0,0,1,0
54.11,8,1,utilities,0.138,0.069,16.4,1.04,3301,0,0,1,0
48.11,14,3,grocery,0.12,0.325,16.1,1.53,2804,0,0,0,0
51.82,17,1,gas_transport,0.01,0.093,2.3,1.54,1755,0,0,0,0
41.12,13,3,dining,0.06,0.032,2.6,1.15,3119,0,0,1,0
71.56,6,1,retail,0.296,0.158,3.5,0.84,743,0,0,0,0
56.15,12,3,clothing,0.112,0.014,7.7,0.54,2636,0,0,0,0
35.33,15,1,dining,0.284,0.247,18.8,1.55,2031,0,0,0,0
39.64,18,2,gas_transport,0.086,0.028,57.0,0.68,2986,0,0,0,0
8.69,13,1,retail,0.216,0.143,33.3,0.89,1133,0,0,1,0
13.17,11,1,health_beauty,0.027,0.475,3.7,1.27,1580,0,0,1,0
12.6,17,2,gas_transport,0.096,0.146,2.0,0.82,2694,0,0,0,0
31.92,9,1,health_beauty,0.148,0.351,4.5,1.39,1840,0,0,0,0
24.63,14,2,gas_transport,0.201,0.175,6.0,0.76,812,0,0,0,0
18.76,11,2,retail,0.137,0.431,2.3,0.97,1076,0,0,0,0
129.43,9,1,clothing,0.094,0.112,22.0,1.09,285,0,0,1,0
76.17,9,3,grocery,0.093,0.317,7.3,0.74,3521,0,0,0,0
30.04,6,1,retail,0.011,0.11,4.3,1.48,3361,0,0,0,0
32.0,18,4,clothing,0.295,0.048,0.7,1.22,3278,0,0,1,0
30.75,7,1,electronics,0.195,0.317,8.2,1.01,426,0,0,0,0
30.26,13,3,health_beauty,0.12,0.052,10.1,1.51,1662,0,0,0,0
122.04,3,10,retail,0.62,0.35,808.8,8.41,31,0,0,1,1
105.47,11,4,gas_transport,0.025,0.35,21.3,0.54,193,0,0,1,0
34.95,7,2,gas_transport,0.101,0.134,1.7,1.12,2347,0,1,1,0
23.05,16,4,clothing,0.067,0.126,11.0,0.91,1338,0,0,1,0
54.79,18,1,grocery,0.01,0.024,12.1,1.01,2740,0,0,0,0
166.19,18,5,retail,0.306,0.226,3.3,0.9,389,0,0,1,0
79.58,16,1,gas_transport,0.018,0.163,15.1,0.76,202,0,0,0,0
63.81,16,1,utilities,0.073,0.052,46.3,1.11,1804,0,0,1,0
166.71,11,4,dining,0.094,0.038,4.6,0.82,2959,0,0,0,0
68.23,14,1,grocery,0.118,0.037,20.1,1.54,1568,0,0,1,0
43.52,11,1,electronics,0.015,0.459,4.3,1.52,3272,0,0,1,0
32.3,14,2,retail,0.025,0.152,0.1,1.32,1887,0,0,0,0
50.26,9,3,retail,0.056,0.208,10.2,0.87,923,0,0,1,0
39.16,10,2,electronics,0.012,0.131,16.1,1.23,2954,0,0,1,0
17.27,19,2,dining,0.45,0.219,4.4,1.01,1225,0,0,0,0
170.91,10,3,gas_transport,0.123,0.151,6.1,1.46,2143,0,0,1,0
46.22,7,3,dining,0.031,0.119,1.3,0.42,1724,0,0,0,0
39.73,21,1,grocery,0.108,0.119,10.0,0.97,745,0,0,1,0
69.34,0,3,gas_transport,0.022,0.019,6.0,1.02,1223,0,0,0,0
304.53,0,1,electronics,0.342,0.385,28.5,0.82,3239,0,0,1,0
54.29,14,3,grocery,0.262,0.052,5.3,0.56,2997,0,0,1,0
19.52,19,4,dining,0.093,0.073,2.7,0.89,192,0,0,0,0
23.28,14,1,clothing,0.166,0.048,6.6,1.15,648,0,0,1,0
91.74,11,3,dining,0.132,0.092,24.2,1.48,3280,0,0,0,0
58.24,8,1,grocery,0.066,0.029,5.4,0.42,905,0,0,1,0
232.43,13,1,health_beauty,0.205,0.133,35.3,0.79,3505,0,0,0,0
65.67,12,3,utilities,0.312,0.096,20.4,0.94,375,0,1,0,0
60.23,14,4,dining,0.099,0.5,2.3,0.51,2403,0,0,0,0
131.93,13,1,grocery,0.01,0.285,34.9,1.07,303,0,0,0,0
232.57,15,1,entertainment,0.044,0.17,18.3,0.81,1816,0,0,1,0
12.67,12,3,clothing,0.131,0.068,29.2,0.77,1591,0,0,1,0
53.2,14,2,grocery,0.196,0.09,0.8,1.07,1928,0,0,1,0
34.9,8,2,clothing,0.022,0.13,2.2,1.01,1295,0,0,0,0
22.97,12,3,travel,0.037,0.018,11.8,1.34,361,0,0,1,0
272.87,4,5,electronics,0.729,0.565,159.0,7.85,6,0,0,1,1
53.9,7,2,clothing,0.28,0.092,3.0,1.21,1814,0,0,1,0
48.08,9,3,entertainment,0.01,0.123,0.6,1.46,2644,0,0,1,0
45.14,19,1,health_beauty,0.15,0.386,28.4,1.03,3571,0,0,1,0
15.88,6,1,dining,0.192,0.01,4.1,1.2,1101,0,0,1,0
47.08,10,1,dining,0.059,0.075,22.3,1.1,2654,0,0,0,0
120.0,21,11,travel,0.853,0.91,173.3,6.77,149,1,0,1,1
27.12,22,1,gas_transport,0.268,0.421,5.7,1.32,2850,0,0,1,0
16.81,17,2,clothing,0.09,0.086,19.9,1.01,661,0,0,1,0
32.52,11,3,gas_transport,0.142,0.034,3.9,1.24,2162,0,0,0,0
115.93,6,4,grocery,0.1,0.202,11.2,0.82,1006,1,0,1,0
193.89,18,3,grocery,0.031,0.068,32.2,0.68,1030,0,0,1,0
29.55,12,1,gas_transport,0.129,0.215,0.1,1.43,1445,0,1,1,0
64.19,14,1,grocery,0.066,0.106,17.8,1.13,1318,1,0,1,0
11.12,16,1,dining,0.074,0.086,27.0,1.04,1712,0,0,0,0
41.95,16,2,dining,0.106,0.176,2.1,0.61,3302,0,0,1,0
64.75,10,1,entertainment,0.054,0.101,1.4,0.88,3297,0,1,0,0
51.4,15,3,grocery,0.261,0.2,20.7,1.01,229,0,0,1,0
24.05,15,3,clothing,0.366,0.085,26.0,0.83,288,0,0,1,0
45.15,23,6,dining,0.01,0.335,7.7,1.14,2552,0,0,0,0
29.63,9,2,clothing,0.16,0.01,4.7,1.12,886,0,0,0,0
154.61,12,1,dining,0.013,0.207,19.3,0.56,765,0,0,0,0
103.32,18,1,grocery,0.198,0.075,1.3,1.26,3026,0,0,1,0
23.98,5,1,grocery,0.218,0.245,12.8,0.87,436,0,0,0,0
15.21,17,1,clothing,0.043,0.165,16.1,1.12,1219,0,0,1,0
13.48,5,2,gas_transport,0.205,0.221,1.8,0.67,602,0,0,1,0
73.01,13,1,gas_transport,0.201,0.14,1.4,1.13,203,0,0,0,0
15.81,16,1,entertainment,0.338,0.045,6.9,1.85,3083,0,0,0,0
11.52,12,1,entertainment,0.09,0.059,11.6,0.99,814,0,0,1,0
18.44,8,4,dining,0.039,0.143,1.4,1.01,2122,0,0,1,0
42.49,16,1,dining,0.105,0.204,37.6,0.95,1056,0,0,0,0
91.12,7,2,grocery,0.137,0.159,12.0,0.95,250,0,0,0,0
27.12,16,1,dining,0.174,0.105,7.6,1.0,2813,0,0,1,0
41.33,15,2,retail,0.19,0.264,10.8,0.81,2829,0,0,0,0
121.25,13,1,grocery,0.021,0.182,4.6,1.02,526,0,0,0,0
23.65,13,1,grocery,0.17,0.307,0.4,0.85,3122,0,0,0,0
38.72,10,4,entertainment,0.162,0.242,7.1,1.13,2690,0,0,1,0
227.84,20,11,clothing,0.838,0.666,713.1,4.99,397,2,1,1,1
55.5,15,2,dining,0.079,0.04,15.3,1.21,1492,0,0,1,0
29.42,8,2,travel,0.089,0.182,0.3,1.23,2564,0,0,1,0
23.93,14,4,travel,0.168,0.143,12.9,0.92,1369,0,0,0,0
20.75,17,1,gas_transport,0.402,0.5,24.7,1.53,799,0,0,0,0
31.36,10,4,travel,0.057,0.09,28.2,1.07,762,0,0,1,0
18.25,18,1,clothing,0.074,0.155,11.2,1.55,504,0,0,1,0
61.23,17,1,health_beauty,0.085,0.065,8.6,0.9,1404,0,0,1,0
72.25,9,2,entertainment,0.327,0.085,7.9,1.13,973,0,0,0,0
85.26,9,3,gas_transport,0.058,0.292,2.3,1.07,918,0,0,1,0
34.39,13,2,electronics,0.303,0.174,23.8,0.92,2483,0,0,0,0
52.33,19,4,dining,0.217,0.166,9.4,0.96,273,1,0,0,0
44.93,16,2,utilities,0.144,0.316,0.6,0.87,2370,0,0,1,0
32.28,23,3,grocery,0.03,0.176,40.4,0.86,1583,0,0,0,0
80.22,20,2,grocery,0.161,0.143,9.5,0.79,2154,0,0,1,0
62.85,15,2,electronics,0.113,0.16,0.2,1.17,1310,0,0,1,0
32.35,20,1,grocery,0.126,0.469,54.3,0.94,2712,0,0,1,0
58.51,19,3,clothing,0.033,0.219,6.9,0.83,3307,0,0,0,0
112.12,12,1,clothing,0.013,0.139,15.9,1.33,1312,0,0,0,0
55.21,12,2,grocery,0.144,0.075,6.5,0.25,2797,0,0,1,0
222.19,19,1,dining,0.061,0.048,4.1,0.72,1481,0,0,1,0
112.18,23,1,grocery,0.053,0.19,14.2,1.11,2972,0,0,0,0
24.42,16,4,dining,0.174,0.275,11.0,1.32,1819,0,0,0,0
43.29,10,5,gas_transport,0.279,0.05,6.4,1.09,2563,0,0,0,0
15.39,17,2,entertainment,0.01,0.132,7.4,0.73,1446,0,0,1,0
16.62,6,2,health_beauty,0.246,0.474,20.1,1.13,213,0,0,0,0
14.03,11,3,health_beauty,0.058,0.045,15.4,0.92,2279,0,1,1,0
72.77,9,1,gas_transport,0.099,0.234,5.4,0.51,879,0,0,1,0
111.47,9,2,health_beauty,0.103,0.405,48.6,1.47,718,1,0,1,0
117.82,17,1,gas_transport,0.281,0.167,1.7,1.54,2755,0,0,1,0
166.66,11,3,grocery,0.147,0.214,1.7,0.86,3100,0,0,1,0
66.01,18,3,grocery,0.205,0.089,9.6,1.11,629,0,1,0,0
54.06,14,2,clothing,0.1,0.051,24.1,0.87,1443,0,0,0,0
22.91,8,1,gas_transport,0.032,0.099,38.1,1.11,457,0,0,1,0
110.8,9,2,grocery,0.116,0.197,5.7,0.57,1240,0,0,0,0
40.77,6,2,electronics,0.211,0.077,4.0,0.68,2685,1,0,0,0
23.23,18,2,dining,0.085,0.296,9.3,0.44,1014,0,0,1,0
1306.62,16,5,entertainment,0.939,0.495,102.6,6.48,96,3,1,1,1
32.68,18,2,grocery,0.183,0.154,17.3,1.36,2814,0,0,0,0
58.07,16,3,grocery,0.083,0.144,8.1,1.11,1292,0,0,1,0
67.41,9,1,utilities,0.204,0.077,5.1,1.28,271,0,0,1,0
42.13,20,3,travel,0.194,0.5,24.3,1.14,767,0,0,1,0
13.9,6,1,retail,0.157,0.111,6.1,0.89,2165,0,0,1,0
198.4,7,2,utilities,0.392,0.198,10.3,1.59,3282,0,0,1,0
81.69,7,3,clothing,0.045,0.045,7.6,0.85,1463,0,0,1,0
86.62,10,1,electronics,0.039,0.066,29.2,1.13,3172,0,0,0,0
25.92,12,4,dining,0.05,0.278,7.3,1.28,2731,0,0,0,0
83.11,14,2,travel,0.107,0.294,1.9,0.81,3024,0,0,0,0
115.92,17,3,grocery,0.24,0.012,14.7,0.56,2070,0,0,0,0
17.28,12,1,dining,0.168,0.369,13.1,1.48,2370,0,0,1,0
18.85,0,1,dining,0.082,0.394,24.7,1.24,1835,0,0,0,0
51.12,10,1,entertainment,0.072,0.169,31.9,1.06,2033,0,1,0,0
75.0,7,1,health_beauty,0.023,0.102,0.3,1.42,3358,0,0,0,0
24.22,8,2,gas_transport,0.017,0.042,6.0,1.36,1022,0,0,1,0
38.09,14,2,dining,0.168,0.076,11.4,1.11,2206,0,0,1,0
31.71,10,1,gas_transport,0.011,0.291,12.5,1.54,1579,0,0,1,0
130.74,10,2,electronics,0.031,0.089,9.2,1.01,562,0,0,0,0
21.84,10,1,dining,0.311,0.273,1.7,1.31,713,0,0,1,0
104.19,8,2,grocery,0.027,0.042,10.9,1.24,586,0,0,1,0
46.49,18,2,travel,0.196,0.163,14.7,0.76,2376,0,0,0,0
52.83,8,2,gas_transport,0.286,0.282,12.0,1.24,2175,1,0,0,0
66.82,12,4,dining,0.14,0.417,5.5,1.14,1214,0,0,0,0
36.41,8,3,travel,0.049,0.381,9.3,1.36,1090,0,0,1,0
12.75,8,2,dining,0.082,0.352,20.9,0.91,2678,0,0,0,0
14.14,17,1,electronics,0.056,0.175,6.3,0.48,1905,1,0,1,0
65.66,17,1,grocery,0.01,0.251,25.0,1.09,1052,0,0,0,0
41.03,7,5,gas_transport,0.286,0.2,5.5,0.51,1139,0,0,1,0
28.81,15,2,health_beauty,0.059,0.028,15.6,1.0,1864,0,0,1,0
28.81,9,3,grocery,0.234,0.013,4.4,1.34,537,0,0,1,0
37.61,12,1,dining,0.127,0.155,21.8,1.05,585,0,0,0,0
30.62,20,3,grocery,0.165,0.208,36.4,0.93,409,0,0,1,0
40.49,17,2,gas_transport,0.072,0.197,2.1,0.94,191,0,0,1,0
10.44,12,1,grocery,0.179,0.169,2.5,0.97,306,0,0,1,0
42.18,7,1,grocery,0.245,0.038,18.4,1.44,902,0,0,1,0
18.49,8,1,clothing,0.146,0.171,0.5,1.54,1473,0,0,1,0
26.4,12,1,grocery,0.132,0.01,4.7,0.82,1080,0,1,0,0
130.12,10,6,grocery,0.187,0.095,5.3,0.94,209,0,0,1,0
22.71,7,2,clothing,0.058,0.083,1.4,1.09,3522,0,0,1,0
25.09,13,3,grocery,0.32,0.037,17.7,1.2,3571,0,0,1,0
54.99,15,4,retail,0.039,0.109,8.2,0.48,2073,0,1,1,0
355.21,4,10,travel,0.928,0.916,932.2,8.64,83,3,0,1,1
30.26,13,1,gas_transport,0.055,0.328,1.8,0.66,318,0,0,1,0
52.86,3,2,dining,0.182,0.112,9.4,1.57,1885,0,0,1,0
97.53,16,1,dining,0.096,0.039,8.7,1.3,2294,0,0,1,0
23.56,16,1,grocery,0.18,0.115,19.3,0.97,1934,0,0,1,0
180.53,14,1,clothing,0.132,0.266,10.5,1.01,3546,0,0,1,0
103.29,5,1,gas_transport,0.042,0.11,14.7,1.66,379,0,0,1,0
34.29,19,2,retail,0.267,0.253,32.6,1.49,2667,0,1,1,0
56.88,13,1,utilities,0.333,0.23,5.6,0.76,2817,0,0,0,0
129.35,11,1,grocery,0.01,0.203,47.4,0.81,2556,0,0,1,0
58.45,6,4,gas_transport,0.286,0.161,15.1,1.52,2583,0,0,1,0
93.01,11,2,grocery,0.061,0.147,4.5,1.04,3341,0,0,1,0
42.84,6,4,gas_transport,0.045,0.051,10.0,0.85,2316,0,0,1,0
15.31,2,5,entertainment,0.325,0.192,6.4,0.89,535,1,0,0,0
120.99,18,1,travel,0.29,0.068,32.6,0.99,2840,0,0,0,0
1931.9,2,8,travel,0.506,0.712,1409.6,8.62,30,0,1,1,1
120.0,2,4,grocery,0.723,0.641,31.1,5.2,82,0,1,1,1
55.96,11,3,grocery,0.25,0.138,44.0,1.25,498,0,0,1,0
70.58,14,1,grocery,0.22,0.103,3.1,0.8,1925,0,0,0,0
51.85,6,1,entertainment,0.131,0.071,58.0,1.19,1024,0,0,1,0
10.82,15,1,electronics,0.072,0.38,29.2,0.97,1964,2,0,1,0
120.0,3,9,clothing,0.583,0.35,1208.9,7.12,458,4,0,0,1
110.08,19,3,dining,0.174,0.13,29.4,1.52,2580,0,0,0,0
146.54,15,1,gas_transport,0.046,0.219,16.9,1.15,1495,0,0,0,0
31.53,16,2,travel,0.126,0.227,34.0,0.64,1960,0,0,1,0
76.3,9,2,grocery,0.122,0.479,3.2,0.87,526,0,0,0,0
15.22,17,1,grocery,0.112,0.374,6.0,1.52,2299,0,0,1,0
46.9,17,2,dining,0.155,0.228,3.3,1.05,220,0,0,0,0
75.54,11,3,electronics,0.097,0.139,15.4,1.05,1159,0,0,1,0
279.37,2,10,gas_transport,0.629,0.79,679.1,9.55,226,2,0,1,1
36.92,7,1,clothing,0.097,0.072,15.8,0.76,3215,0,0,1,0
63.54,14,1,entertainment,0.068,0.344,27.4,0.86,2689,0,0,1,0
155.54,15,1,clothing,0.11,0.39,10.7,0.87,2210,0,0,1,0
66.63,17,3,clothing,0.254,0.08,1.1,0.78,1828,0,0,1,0
21.66,12,1,grocery,0.033,0.02,41.2,1.07,600,0,0,0,0
96.76,10,3,gas_transport,0.036,0.054,6.7,0.78,318,0,0,1,0
135.8,6,2,gas_transport,0.142,0.01,20.0,0.95,2822,0,0,1,0
37.2,13,1,clothing,0.134,0.056,3.4,1.07,2673,0,1,0,0
99.08,9,5,clothing,0.165,0.216,23.0,1.11,326,0,0,1,0
53.57,23,1,dining,0.032,0.5,18.5,0.78,567,0,0,0,0
24.79,1,4,dining,0.02,0.165,9.8,0.23,906,0,0,0,0
18.52,6,1,clothing,0.18,0.103,20.3,1.14,3197,0,0,0,0
150.36,12,2,grocery,0.034,0.054,14.6,1.13,988,0,0,1,0
24.41,6,1,health_beauty,0.134,0.138,32.5,1.13,3030,0,0,0,0
97.6,17,1,gas_transport,0.138,0.079,2.0,1.3,2979,0,0,1,0
117.36,13,2,gas_transport,0.101,0.154,3.2,0.86,2856,0,0,1,0
44.01,8,1,clothing,0.145,0.29,8.6,0.73,1955,1,0,0,0
32.3,9,1,entertainment,0.091,0.224,10.7,1.62,3244,0,0,0,0
44.47,5,2,health_beauty,0.041,0.206,19.2,0.84,1556,0,0,0,0
34.66,17,3,entertainment,0.259,0.018,9.0,1.02,2287,0,0,1,0
57.96,6,2,grocery,0.171,0.094,35.9,1.32,2481,0,0,1,0
81.91,16,1,dining,0.108,0.071,1.8,1.59,2094,1,0,1,0
61.96,8,3,entertainment,0.111,0.081,27.6,1.09,303,0,0,1,0
19.67,16,1,health_beauty,0.085,0.024,6.4,1.02,1517,0,0,1,0
190.08,9,3,health_beauty,0.201,0.057,4.5,0.46,3189,0,0,0,0
58.25,19,1,gas_transport,0.046,0.124,18.2,1.03,1792,0,0,1,0
60.25,7,2,entertainment,0.218,0.182,4.0,1.1,844,2,0,1,0
61.91,13,2,dining,0.18,0.207,1.0,1.28,679,0,0,0,0
33.26,16,1,dining,0.173,0.148,12.7,0.92,2074,0,0,1,0
23.63,11,1,dining,0.093,0.11,14.7,0.84,1332,0,0,0,0
150.73,6,4,dining,0.119,0.05,10.0,1.15,1292,0,0,0,0
430.84,13,12,electronics,0.562,0.931,402.2,3.62,747,2,1,1,1
24.59,9,2,grocery,0.147,0.113,1.3,1.16,1783,0,0,0,0
34.19,16,3,gas_transport,0.01,0.082,8.4,1.11,718,0,0,0,0
22.66,18,2,electronics,0.02,0.151,31.5,0.99,953,0,0,0,0
19.51,6,1,entertainment,0.17,0.05,7.0,0.85,2624,0,0,1,0
54.61,12,1,grocery,0.118,0.259,8.3,0.68,3568,0,0,1,0
202.5,7,4,gas_transport,0.06,0.12,19.0,0.65,3270,0,0,0,0
134.42,13,3,dining,0.277,0.012,0.2,0.48,2126,0,0,1,0
144.87,18,1,clothing,0.323,0.384,9.3,0.85,3183,0,0,1,0
74.16,17,1,grocery,0.021,0.208,13.2,1.19,1090,0,0,1,0
14.09,10,3,grocery,0.057,0.131,21.3,0.41,710,0,0,0,0
120.0,0,8,clothing,0.816,0.35,393.4,8.55,67,2,1,1,1
33.42,13,2,entertainment,0.01,0.213,2.6,0.45,1456,0,0,1,0
1670.65,20,8,clothing,0.602,0.444,1383.7,1.8,33,4,0,1,1
39.75,11,1,grocery,0.098,0.136,21.8,0.97,1603,0,0,1,0
346.56,8,5,dining,0.066,0.119,5.2,1.18,1301,0,0,1,0
37.53,20,2,gas_transport,0.087,0.226,2.4,1.02,790,0,0,0,0
18.46,10,2,grocery,0.01,0.07,28.3,0.74,2066,0,0,0,0
18.36,6,1,clothing,0.01,0.233,29.8,1.02,991,0,0,1,0
44.15,12,1,gas_transport,0.09,0.043,15.2,1.18,3410,0,1,1,0
50.2,16,3,travel,0.01,0.091,23.5,1.17,1016,1,0,1,0
55.41,9,1,electronics,0.053,0.209,0.8,1.06,2203,0,0,1,0
169.42,16,1,dining,0.021,0.406,9.9,0.92,1977,0,0,1,0
86.77,13,1,dining,0.055,0.133,2.3,0.95,1903,0,0,1,0
88.21,16,2,clothing,0.39,0.393,0.7,1.2,3459,0,0,1,0
5.0,16,2,gas_transport,0.143,0.093,0.9,0.34,1863,0,0,0,0
21.65,14,2,health_beauty,0.154,0.231,30.6,1.31,1874,0,0,1,0
42.24,12,4,gas_transport,0.147,0.226,3.7,1.12,2575,0,0,0,0
85.41,18,1,grocery,0.209,0.054,27.5,0.7,423,1,0,1,0
17.41,11,2,entertainment,0.016,0.238,32.0,1.56,3156,0,0,0,0
363.65,1,6,electronics,0.793,0.786,950.3,5.21,166,1,1,1,1
48.39,16,2,clothing,0.247,0.283,6.0,1.12,2760,0,0,1,0
161.91,9,1,health_beauty,0.074,0.054,2.6,1.0,1927,0,0,1,0
77.36,17,1,grocery,0.155,0.204,12.5,1.33,3399,0,0,1,0
21.36,7,1,dining,0.194,0.5,4.7,0.58,3382,0,1,0,0
244.03,11,1,dining,0.019,0.223,7.1,0.68,990,0,0,0,0
131.2,19,2,utilities,0.01,0.247,23.5,0.57,2497,0,0,0,0
669.04,9,2,electronics,0.804,0.865,260.8,8.78,24,3,0,1,1
25.93,12,3,entertainment,0.087,0.345,1.2,1.24,2102,0,0,0,0
37.85,13,3,dining,0.048,0.095,0.1,0.63,1396,0,0,1,0
120.0,1,4,travel,0.916,0.722,597.4,1.8,34,3,1,0,1
8.29,10,3,grocery,0.033,0.128,9.6,1.24,1116,0,0,0,0
50.07,10,1,dining,0.036,0.455,16.2,1.09,3580,0,0,0,0
174.61,3,1,gas_transport,0.041,0.063,6.3,1.26,2766,0,0,1,0
49.34,15,2,retail,0.301,0.037,7.9,0.64,2882,1,0,1,0
54.81,12,3,entertainment,0.086,0.137,35.8,1.14,2370,0,0,0,0
17.39,15,3,electronics,0.012,0.26,0.7,1.49,1298,0,1,1,0
38.85,14,2,grocery,0.045,0.224,5.9,1.12,2322,1,0,0,0
87.81,12,4,gas_transport,0.202,0.039,17.0,0.49,1518,1,0,0,0
14.8,15,1,entertainment,0.103,0.161,2.7,0.67,2910,0,0,1,0
58.56,16,1,gas_transport,0.198,0.112,8.9,1.15,3009,0,0,1,0
77.03,5,1,clothing,0.052,0.134,4.1,0.73,2957,0,0,0,0
29.72,16,2,health_beauty,0.298,0.069,33.2,0.96,1141,0,0,0,0
67.42,10,2,clothing,0.014,0.26,5.0,0.74,2352,0,0,1,0
50.87,23,1,grocery,0.108,0.133,21.5,0.7,1536,0,0,1,0
70.74,9,3,gas_transport,0.346,0.128,5.9,0.86,2174,0,0,1,0
29.93,13,2,health_beauty,0.165,0.132,39.4,1.29,3173,0,0,1,0
22.02,21,3,entertainment,0.01,0.099,21.7,1.34,3198,2,0,0,0
10.25,16,2,grocery,0.041,0.109,1.4,0.79,3264,0,0,0,0
48.33,17,5,dining,0.163,0.12,10.9,1.15,2851,0,0,0,0
142.97,14,2,entertainment,0.031,0.234,9.3,0.95,2113,0,0,1,0
69.41,21,1,gas_transport,0.061,0.228,0.4,0.92,3225,0,0,0,0
18.18,17,3,entertainment,0.101,0.364,19.9,1.81,3153,0,0,0,0
134.52,0,2,gas_transport,0.044,0.264,52.0,1.23,3581,0,0,1,0
84.39,7,1,dining,0.032,0.059,31.1,1.35,1954,0,0,0,0
56.47,17,2,dining,0.01,0.145,6.3,0.6,1556,0,0,0,0
24.13,19,3,clothing,0.02,0.489,29.5,0.98,2172,1,0,0,0
72.64,19,6,health_beauty,0.097,0.077,6.2,0.57,1730,0,0,1,0
109.01,8,1,grocery,0.068,0.187,10.6,1.27,1782,0,0,0,0
93.15,14,1,dining,0.01,0.091,12.1,0.65,3280,0,0,1,0
54.74,17,1,health_beauty,0.127,0.287,4.3,1.87,1493,0,1,1,0
52.19,10,1,utilities,0.055,0.028,1.7,1.01,2647,0,0,1,0
50.12,9,2,health_beauty,0.075,0.352,4.0,1.3,3216,0,0,1,0
107.64,8,2,grocery,0.06,0.01,5.1,0.76,1536,0,1,0,0
8.77,7,3,dining,0.078,0.106,5.9,0.64,2041,0,0,0,0
54.57,13,2,electronics,0.282,0.088,53.9,0.46,474,0,0,1,0
30.08,14,3,clothing,0.18,0.043,0.8,0.45,2549,0,0,1,0
14.82,11,1,grocery,0.187,0.074,7.9,1.2,904,0,0,1,0
77.38,6,1,grocery,0.063,0.072,16.1,1.07,1189,0,0,1,0
121.95,15,2,grocery,0.114,0.274,11.7,1.17,3023,0,0,0,0
56.57,16,1,entertainment,0.053,0.216,28.7,0.69,290,0,0,0,0
109.59,16,2,electronics,0.057,0.277,10.8,1.29,2252,0,0,0,0
42.52,14,2,grocery,0.01,0.133,18.1,1.0,2078,0,0,1,0
89.97,8,3,entertainment,0.059,0.137,16.9,1.24,2505,1,0,0,0
65.58,11,2,dining,0.072,0.061,6.9,0.75,3146,0,0,1,0
94.74,14,4,entertainment,0.298,0.026,5.7,1.17,2982,0,0,0,0
10.49,19,4,dining,0.192,0.14,23.4,1.25,3383,0,0,0,0
35.88,8,1,travel,0.226,0.166,7.9,1.57,3030,0,0,0,0
16.68,7,1,gas_transport,0.057,0.457,4.1,0.52,2224,0,0,0,0
1303.96,0,8,electronics,0.691,0.781,101.2,7.17,13,0,1,1,1
45.76,9,3,clothing,0.21,0.032,14.8,1.03,2482,0,0,1,0
69.93,10,2,gas_transport,0.114,0.348,9.1,1.4,442,0,0,1,0
329.89,15,1,retail,0.127,0.5,21.0,1.3,2970,0,0,0,0
27.73,19,4,grocery,0.099,0.19,23.3,1.11,1251,0,0,1,0
147.89,16,5,gas_transport,0.21,0.451,10.1,1.08,2233,0,0,1,0
283.25,6,1,travel,0.015,0.188,0.2,0.92,1360,0,0,0,0
8.5,14,1,electronics,0.115,0.081,6.6,1.28,2130,0,0,1,0
108.38,13,3,dining,0.098,0.128,9.4,1.08,2575,0,0,1,0
11.9,17,1,entertainment,0.072,0.399,2.1,1.26,3461,0,0,0,0
500.46,4,6,electronics,0.497,0.762,208.8,10.72,104,3,1,1,1
23.34,17,6,entertainment,0.151,0.102,19.9,0.99,2984,0,0,1,0
89.74,7,1,gas_transport,0.015,0.01,5.9,1.05,2845,0,0,1,0
21.36,18,1,dining,0.024,0.159,0.7,0.79,1746,0,0,0,0
132.22,12,1,gas_transport,0.03,0.139,3.5,1.05,3335,1,0,0,0
34.17,12,1,grocery,0.01,0.156,5.7,0.98,987,0,0,1,0
69.23,8,2,health_beauty,0.108,0.142,11.2,1.17,3260,0,0,1,0
9.72,16,1,retail,0.269,0.01,38.4,0.74,963,0,0,1,0
20.54,22,1,grocery,0.129,0.112,2.1,0.53,2746,0,0,0,0
56.03,7,2,clothing,0.217,0.091,10.6,0.98,3047,0,1,1,0
9.6,8,2,utilities,0.235,0.16,11.1,0.65,2307,2,0,0,0
86.82,16,1,grocery,0.198,0.5,22.0,1.15,1420,0,0,1,0
33.79,16,2,health_beauty,0.087,0.069,4.0,0.65,2776,0,1,0,0
52.69,5,3,gas_transport,0.03,0.051,2.6,1.22,2020,0,1,1,0
10.31,16,1,grocery,0.012,0.074,17.2,0.73,2147,0,0,1,0
199.35,16,1,entertainment,0.02,0.252,6.2,1.51,2522,0,0,1,0
11.58,2,2,grocery,0.183,0.143,12.2,1.22,2950,1,0,0,0
76.12,16,1,grocery,0.217,0.103,15.2,0.88,1114,0,0,1,0
29.13,17,2,gas_transport,0.115,0.159,7.7,0.83,1518,0,0,1,0
894.96,3,8,electronics,0.603,0.35,172.5,7.44,67,0,1,1,1
1245.98,4,12,electronics,0.663,0.699,1228.2,3.41,382,1,1,1,1
64.78,10,1,gas_transport,0.103,0.031,37.9,0.78,1913,0,0,1,0
16.09,19,3,health_beauty,0.097,0.258,1.1,1.29,1932,0,0,0,0
12.73,7,3,clothing,0.203,0.097,12.4,0.6,843,0,0,0,0
25.87,0,1,health_beauty,0.049,0.094,0.3,0.99,2216,0,0,1,0
157.98,17,1,grocery,0.154,0.22,9.2,0.79,2383,0,0,1,0
32.72,15,3,health_beauty,0.121,0.238,8.7,0.37,1519,0,0,0,0
1940.39,4,9,clothing,0.611,0.83,170.8,6.75,129,1,1,1,1
67.01,18,1,grocery,0.05,0.113,2.9,0.44,560,0,0,0,0
73.74,12,2,clothing,0.106,0.146,3.1,1.19,3396,1,0,1,0
201.12,23,1,gas_transport,0.018,0.109,1.8,1.14,2254,0,0,0,0
42.64,9,3,dining,0.128,0.313,1.0,1.12,3521,0,0,0,0
41.95,15,1,travel,0.093,0.089,20.9,1.05,2422,0,0,1,0
239.79,11,1,entertainment,0.156,0.234,8.6,0.8,1195,0,0,0,0
66.81,12,1,clothing,0.157,0.035,3.2,0.72,1887,0,0,1,0
134.23,9,3,electronics,0.024,0.282,32.5,0.57,496,0,0,1,0
114.23,15,1,dining,0.082,0.11,7.4,1.07,2794,0,0,1,0
119.0,10,1,utilities,0.18,0.058,6.7,1.08,2027,0,0,1,0
40.4,18,2,electronics,0.01,0.475,12.2,0.6,1491,0,0,1,0
199.3,10,4,dining,0.15,0.068,11.1,0.86,2247,0,0,1,0
67.17,6,1,clothing,0.177,0.117,18.4,1.23,2966,0,0,0,0
26.43,16,1,dining,0.419,0.468,12.5,0.78,2675,0,0,0,0
30.51,7,4,grocery,0.084,0.054,3.8,0.7,3190,0,0,0,0
33.95,12,1,clothing,0.19,0.247,0.7,1.62,422,0,0,0,0
9.84,10,1,dining,0.037,0.5,12.8,0.79,1063,0,0,1,0
18.61,18,1,clothing,0.192,0.309,0.9,1.04,2579,0,0,1,0
20.44,13,4,gas_transport,0.15,0.183,2.0,0.51,1925,0,0,0,0
17.38,16,3,gas_transport,0.064,0.146,20.9,1.23,1800,0,0,1,0
16.96,12,1,gas_transport,0.028,0.248,44.1,1.09,1216,0,0,1,0
41.22,17,1,dining,0.218,0.304,1.7,1.02,386,0,0,1,0
45.94,11,1,dining,0.326,0.206,6.0,0.9,1988,0,0,0,0
22.34,0,3,grocery,0.221,0.073,5.3,0.75,2222,0,0,1,0
16.53,9,1,electronics,0.015,0.24,6.3,0.63,1721,0,0,1,0
50.59,23,1,entertainment,0.32,0.095,1.2,1.0,2864,0,0,1,0
33.8,8,2,dining,0.107,0.036,4.8,1.13,3317,0,0,0,0
32.28,7,1,travel,0.364,0.148,0.9,1.28,2923,0,0,1,0
38.6,15,1,grocery,0.015,0.268,11.1,1.74,1663,0,0,1,0
23.08,8,2,travel,0.303,0.483,28.0,1.57,800,0,0,0,0
38.49,10,3,gas_transport,0.109,0.1,5.6,0.51,3590,0,0,0,0
19.47,21,1,dining,0.115,0.323,12.6,0.93,3183,0,0,1,0
27.9,16,4,clothing,0.051,0.374,4.5,1.16,2502,0,0,1,0
41.2,6,3,utilities,0.148,0.173,22.9,0.67,2169,0,0,0,0
68.12,9,1,grocery,0.024,0.293,30.5,0.8,1943,0,0,1,0
26.09,13,2,health_beauty,0.318,0.136,29.4,1.17,1195,0,0,1,0
54.42,14,1,dining,0.241,0.096,3.8,1.83,3248,0,0,0,0
26.83,13,6,travel,0.026,0.015,5.3,0.88,2594,0,0,0,0
26.19,7,2,clothing,0.031,0.5,42.5,1.33,3341,0,0,1,0
128.79,9,3,entertainment,0.111,0.018,2.3,1.1,3022,0,0,0,0
84.22,13,1,grocery,0.301,0.019,4.3,1.06,1630,0,0,1,0
39.11,15,3,clothing,0.066,0.045,1.7,1.12,2282,0,0,1,0
632.8,19,10,travel,0.921,0.902,933.7,2.82,92,0,1,1,1
25.49,12,2,grocery,0.18,0.208,9.0,0.98,799,0,0,1,0
39.31,7,2,clothing,0.246,0.459,20.5,0.99,1587,0,0,0,0
72.28,11,2,retail,0.068,0.318,5.0,1.32,2411,0,0,1,0
28.44,17,2,entertainment,0.063,0.078,28.9,0.8,1916,0,0,0,0
171.13,16,1,electronics,0.056,0.151,21.6,1.5,1782,0,0,1,0
18.52,22,2,dining,0.342,0.331,3.0,1.09,1996,0,0,0,0
289.0,20,1,grocery,0.232,0.136,0.4,1.6,2998,0,0,1,0
12.02,9,2,electronics,0.258,0.144,7.0,0.82,401,0,0,1,0
15.34,14,3,utilities,0.02,0.099,15.3,1.05,2267,0,0,0,0
100.97,21,2,grocery,0.161,0.278,23.7,0.73,1227,0,0,0,0
183.0,23,8,clothing,0.658,0.703,97.7,2.69,239,0,1,1,1
13.32,10,4,entertainment,0.083,0.069,17.1,0.83,2966,1,0,0,0
115.78,10,1,dining,0.024,0.113,14.2,0.63,1409,0,0,1,0
29.86,22,2,dining,0.137,0.069,4.6,1.0,292,0,0,1,0
40.3,23,2,dining,0.08,0.25,36.4,1.07,1215,0,0,1,0
23.21,16,1,gas_transport,0.037,0.114,1.5,0.98,309,0,0,0,0
75.81,16,1,clothing,0.12,0.207,26.5,1.47,303,0,0,0,0
60.68,7,1,travel,0.078,0.217,5.3,0.75,452,0,0,1,0
34.87,18,4,entertainment,0.063,0.16,4.3,0.83,459,0,0,1,0
36.85,7,4,grocery,0.197,0.189,0.5,0.98,3543,0,0,1,0
34.01,14,2,grocery,0.028,0.207,16.6,0.88,530,0,0,1,0
104.24,11,3,clothing,0.133,0.227,9.8,0.6,2948,0,0,0,0
29.68,18,1,clothing,0.243,0.418,14.7,0.54,1423,0,0,0,0
46.62,22,1,gas_transport,0.211,0.047,30.4,1.32,1359,0,0,1,0
70.76,14,2,retail,0.135,0.01,3.5,0.83,575,0,0,1,0
67.06,18,2,dining,0.061,0.072,14.3,0.5,797,0,0,0,0
148.64,7,4,dining,0.038,0.058,10.4,0.73,341,0,0,0,0
648.73,22,6,electronics,0.892,0.934,882.8,3.54,344,4,0,1,1
73.53,8,1,gas_transport,0.068,0.302,5.0,1.04,2630,0,0,1,0
153.29,11,1,retail,0.281,0.233,7.5,0.56,1385,0,0,0,0
47.46,9,4,clothing,0.13,0.127,5.9,1.39,449,0,0,1,0
120.1,14,3,utilities,0.027,0.247,14.6,1.32,3031,0,0,0,0
49.22,7,3,grocery,0.033,0.263,11.9,0.89,3439,0,1,1,0
155.45,13,3,retail,0.158,0.232,13.0,1.21,1080,0,0,1,0
540.14,2,6,travel,0.752,0.79,149.1,7.43,73,2,1,1,1
57.89,15,3,grocery,0.079,0.097,5.5,1.23,2822,0,0,0,0
57.54,8,3,grocery,0.14,0.206,9.8,1.0,2637,0,0,0,0
24.77,12,2,gas_transport,0.139,0.054,1.3,0.64,1593,0,0,0,0
53.37,14,1,grocery,0.232,0.081,28.8,0.92,1977,0,0,0,0
74.7,20,1,travel,0.253,0.308,25.0,0.99,2868,0,0,1,0
44.76,11,1,grocery,0.077,0.393,4.6,0.54,3595,1,0,1,0
97.09,12,2,grocery,0.09,0.046,5.4,1.18,753,0,0,1,0
27.28,15,3,health_beauty,0.256,0.107,23.7,1.19,1878,0,0,1,0
1002.26,3,6,entertainment,0.472,0.88,87.8,8.44,60,1,0,1,1
20.66,7,1,health_beauty,0.012,0.159,4.2,0.84,1242,0,0,0,0
54.31,14,2,grocery,0.014,0.067,20.3,0.97,3559,0,0,1,0
54.9,10,1,health_beauty,0.218,0.178,1.6,0.82,2838,0,0,1,0
42.08,14,1,dining,0.048,0.35,2.3,0.84,1796,0,0,1,0
34.94,14,2,grocery,0.017,0.193,23.7,1.41,1623,0,0,0,0
54.21,12,3,grocery,0.05,0.185,12.4,1.29,3551,0,0,1,0
35.17,8,2,grocery,0.094,0.101,10.9,1.67,1105,0,0,1,0
231.33,16,2,entertainment,0.21,0.047,0.2,1.31,532,0,0,0,0
22.62,18,1,grocery,0.293,0.195,6.0,1.19,714,0,0,1,0
79.69,18,3,grocery,0.038,0.322,17.9,1.04,3024,0,0,0,0
110.65,10,1,dining,0.022,0.064,9.4,1.17,2870,0,0,0,0
66.99,12,3,utilities,0.032,0.086,14.0,0.95,2519,0,0,1,0
32.78,17,1,grocery,0.191,0.123,17.5,0.9,2550,0,0,1,0
47.26,12,2,entertainment,0.123,0.118,7.1,1.33,3114,0,0,1,0
30.57,13,2,grocery,0.074,0.117,16.6,1.09,3451,0,0,0,0
4409.56,2,8,travel,0.724,0.788,456.1,6.6,15,3,1,1,1
23.64,5,3,grocery,0.066,0.144,33.9,1.37,1060,0,0,0,0
105.43,9,1,utilities,0.034,0.042,27.1,1.02,3069,0,0,1,0
876.28,3,6,clothing,0.893,0.925,221.2,13.79,195,2,1,1,1
32.63,7,1,electronics,0.077,0.456,16.3,0.69,1753,0,0,0,0
104.83,16,2,grocery,0.149,0.414,32.0,0.78,2400,0,0,1,0
23.81,12,2,entertainment,0.065,0.184,4.3,0.95,2094,0,0,0,0
28.01,5,5,clothing,0.086,0.065,4.2,1.14,1919,0,0,0,0
1143.02,16,9,clothing,0.74,0.5,108.0,1.8,103,0,1,1,1
10.15,7,2,gas_transport,0.091,0.253,0.2,1.56,394,0,0,0,0
315.47,8,5,travel,0.817,0.727,330.0,7.42,128,1,0,1,1
76.74,9,3,gas_transport,0.01,0.243,24.2,1.08,1492,0,0,0,0
36.29,10,1,grocery,0.055,0.202,1.4,1.21,2885,0,0,1,0
358.41,20,15,electronics,0.792,0.403,134.4,4.96,30,2,0,1,1
33.43,17,2,health_beauty,0.085,0.186,1.1,0.98,3493,0,0,0,0
67.46,18,1,dining,0.046,0.016,2.5,1.46,401,0,0,1,0
15.41,13,1,travel,0.271,0.414,5.9,1.52,2226,0,0,0,0
18.72,13,1,grocery,0.059,0.078,0.1,1.19,1905,1,0,1,0
18.94,19,4,travel,0.084,0.192,2.2,1.19,1339,0,0,1,0
21.92,11,1,clothing,0.031,0.086,20.6,1.24,2468,0,0,1,0
87.84,14,1,dining,0.052,0.02,5.3,0.92,1340,0,0,1,0
163.79,9,3,gas_transport,0.01,0.034,3.4,1.01,1323,0,0,0,0
43.39,10,3,grocery,0.04,0.283,5.3,1.14,2522,0,1,1,0
15.15,15,1,entertainment,0.143,0.218,16.0,0.74,2045,0,0,0,0
156.29,14,5,grocery,0.116,0.086,11.8,0.79,3590,0,0,1,0
27.72,9,1,grocery,0.03,0.127,30.2,0.91,587,0,0,1,0
178.3,17,4,utilities,0.236,0.384,0.7,0.81,2733,0,0,1,0
34.07,18,3,utilities,0.393,0.335,0.6,1.1,1554,0,0,0,0
32.9,17,1,dining,0.051,0.485,29.3,1.1,2041,0,0,0,0
105.83,8,2,dining,0.162,0.063,16.7,0.93,1003,0,0,1,0
120.0,6,11,electronics,0.77,0.869,430.5,5.59,42,1,0,1,1
30.13,16,1,grocery,0.039,0.201,42.4,1.51,615,1,0,1,0
34.87,20,1,clothing,0.01,0.225,6.0,1.18,2895,0,0,0,0
165.9,17,2,grocery,0.083,0.42,5.0,0.94,3293,1,0,1,0
32.69,7,3,clothing,0.046,0.283,13.9,1.17,609,0,0,0,0
26.74,8,2,dining,0.082,0.138,43.8,0.42,3461,0,0,0,0
20.22,19,2,grocery,0.015,0.044,0.9,0.9,2810,1,0,1,0
142.88,6,2,dining,0.181,0.452,8.7,1.42,1263,0,0,1,0
19.45,15,1,dining,0.065,0.033,1.5,1.46,2317,0,0,0,0
42.58,16,4,electronics,0.026,0.087,18.8,0.61,3188,0,0,0,0
31.92,10,5,clothing,0.091,0.01,29.1,1.12,2616,0,0,1,0
79.71,12,2,dining,0.01,0.202,0.2,0.86,536,0,0,1,0
12.28,5,2,gas_transport,0.117,0.216,31.1,0.84,940,0,0,0,0
38.38,15,1,dining,0.106,0.216,0.7,0.61,1423,0,0,0,0
57.94,8,3,grocery,0.016,0.046,7.3,0.92,2745,0,0,0,0
42.49,6,2,utilities,0.045,0.015,9.5,0.63,3594,0,0,1,0
23.65,4,3,retail,0.14,0.015,11.1,0.94,531,0,0,1,0
21.4,15,2,health_beauty,0.029,0.092,0.3,0.87,3291,0,0,0,0
14.23,9,3,entertainment,0.075,0.046,4.2,1.11,1708,0,0,0,0
63.66,10,1,retail,0.06,0.072,27.7,0.79,939,0,0,1,0
25.38,7,2,dining,0.159,0.143,3.6,0.92,3041,0,0,1,0
18.56,17,3,electronics,0.158,0.447,5.7,1.0,3351,0,0,0,0
62.59,14,1,clothing,0.028,0.316,12.0,0.65,2174,0,1,0,0
32.38,12,2,grocery,0.042,0.166,1.1,1.28,2247,0,0,1,0
55.03,12,1,grocery,0.102,0.116,16.4,1.64,1191,0,0,0,0
18.98,0,2,dining,0.117,0.179,15.1,1.27,866,0,0,1,0
21.82,17,2,retail,0.054,0.135,0.5,0.87,875,0,1,1,0
11.74,17,3,utilities,0.041,0.069,13.8,0.89,2202,0,0,1,0
18.12,10,2,gas_transport,0.108,0.066,9.0,1.52,2095,0,0,0,0
36.13,1,1,dining,0.143,0.113,28.0,1.03,929,0,0,1,0
20.0,16,2,entertainment,0.024,0.253,0.5,1.02,2033,0,0,0,0
13.15,15,1,grocery,0.107,0.119,0.1,0.92,2388,0,0,0,0
24.01,15,2,health_beauty,0.3,0.196,3.2,0.81,2291,0,0,0,0
132.7,10,1,grocery,0.171,0.17,8.0,1.27,2157,0,0,0,0
29.31,16,2,gas_transport,0.34,0.06,16.0,1.22,1705,0,0,1,0
44.68,14,1,retail,0.052,0.204,7.5,1.09,3377,0,0,1,0
53.69,13,3,grocery,0.142,0.172,2.1,1.02,3451,0,0,0,0
36.81,10,1,grocery,0.046,0.06,31.7,1.31,3524,0,0,0,0
78.77,22,1,grocery,0.117,0.338,12.9,1.23,2205,0,0,1,0
12.99,7,1,gas_transport,0.028,0.258,9.4,0.77,983,0,0,1,0
29.92,7,2,grocery,0.063,0.049,17.7,1.25,3330,0,0,1,0
31.47,13,1,clothing,0.31,0.151,0.2,0.64,2022,0,0,0,0
248.67,17,1,grocery,0.081,0.165,24.8,1.29,3232,0,0,1,0
39.04,9,3,electronics,0.084,0.099,15.9,1.06,1336,0,0,1,0
56.34,14,1,utilities,0.061,0.217,11.4,1.05,1573,0,0,1,0
22.98,14,1,electronics,0.054,0.014,6.5,0.94,2570,2,0,0,0
18.73,10,1,retail,0.038,0.166,25.0,0.88,3013,0,0,0,0
31.26,18,1,health_beauty,0.202,0.03,6.9,0.58,2297,0,0,1,0
12.18,14,1,electronics,0.027,0.086,8.9,1.38,1085,0,0,0,0
18.16,19,5,clothing,0.109,0.15,38.0,0.97,2894,0,0,0,0
156.71,17,4,electronics,0.478,0.708,282.2,6.64,174,3,1,1,1
58.76,8,2,grocery,0.173,0.063,15.4,0.28,1120,0,0,0,0
192.58,2,5,electronics,0.907,0.907,457.3,3.27,170,0,1,1,1
102.52,15,2,grocery,0.168,0.017,10.3,1.25,3221,0,1,0,0
5.0,21,1,travel,0.033,0.113,54.6,0.58,1783,0,0,1,0
37.31,10,2,dining,0.1,0.105,0.3,0.97,191,0,0,1,0
14.05,8,1,grocery,0.335,0.047,33.0,1.0,3567,0,0,1,0
74.83,17,1,entertainment,0.218,0.186,31.7,1.18,3357,0,0,0,0
1986.87,19,10,electronics,0.634,0.653,21.4,5.89,23,0,1,1,1
15.45,8,1,grocery,0.01,0.097,14.7,1.09,2824,0,0,0,0
185.49,22,6,travel,0.617,0.603,1066.6,3.65,5,2,1,1,1
1929.86,23,11,travel,0.738,0.87,1043.7,2.41,17,2,1,1,1
1525.77,4,11,grocery,0.653,0.641,2172.0,5.94,307,0,1,1,1
38.53,13,3,grocery,0.156,0.463,10.8,0.81,1691,0,0,0,0
16.91,10,3,dining,0.337,0.089,1.2,1.11,2850,0,0,1,0
37.88,9,2,entertainment,0.282,0.111,12.5,0.84,3107,0,0,1,0
33.17,17,1,grocery,0.151,0.07,10.3,0.9,1504,0,0,1,0
12.66,20,1,clothing,0.026,0.208,16.5,0.99,791,0,0,1,0
54.39,21,2,utilities,0.177,0.057,6.8,0.97,3112,0,0,0,0
111.34,15,3,health_beauty,0.299,0.175,13.2,0.5,676,0,0,1,0
67.18,9,4,entertainment,0.046,0.281,14.4,0.29,972,0,0,1,0
101.73,7,1,gas_transport,0.025,0.178,12.5,1.26,1633,0,0,0,0
82.95,14,4,clothing,0.03,0.065,6.9,1.07,1607,0,0,0,0
38.62,13,6,gas_transport,0.028,0.115,18.1,1.06,1937,0,0,0,0
43.47,10,1,grocery,0.211,0.091,1.0,1.29,3558,0,0,0,0
21.27,14,2,grocery,0.083,0.066,30.8,0.8,1071,0,0,0,0
120.0,4,10,travel,0.629,0.47,2052.4,5.03,284,0,0,1,1
68.73,11,1,gas_transport,0.068,0.293,6.4,0.69,2317,0,0,1,0
45.14,3,1,travel,0.2,0.11,10.5,0.76,3078,0,0,0,0
39.56,18,4,dining,0.081,0.213,21.5,0.65,1411,0,0,1,0
122.57,18,1,gas_transport,0.164,0.11,13.5,0.65,1906,0,0,1,0
29.4,14,3,electronics,0.017,0.011,3.6,1.22,2956,2,0,0,0
70.51,10,4,dining,0.127,0.254,22.3,1.03,3347,0,0,1,0
13.3,9,3,gas_transport,0.109,0.323,21.9,0.99,3328,0,0,1,0
124.35,8,3,entertainment,0.022,0.196,2.5,0.74,553,0,0,0,0
10.04,8,4,retail,0.031,0.116,37.8,1.21,3503,0,0,1,0
179.67,10,3,dining,0.167,0.084,5.8,1.01,480,0,0,1,0
15.0,18,3,gas_transport,0.063,0.192,8.0,1.08,454,1,0,0,0
80.3,18,1,dining,0.222,0.023,18.8,0.74,1487,0,0,1,0
135.92,4,8,travel,0.62,0.893,299.6,5.07,323,4,0,1,1
51.69,17,1,dining,0.027,0.331,14.8,1.55,779,1,0,0,0
31.5,8,3,dining,0.095,0.358,23.7,1.0,1172,0,0,0,0
23.8,11,1,grocery,0.035,0.316,13.3,0.95,3340,0,0,1,0
100.89,16,1,grocery,0.323,0.365,4.1,0.8,1992,0,0,0,0
56.25,13,1,grocery,0.058,0.107,3.7,1.0,1194,0,0,0,0
134.17,13,4,clothing,0.216,0.131,24.9,0.88,2337,0,0,0,0
46.96,9,4,retail,0.353,0.19,10.7,0.82,2358,0,0,1,0
23.97,10,1,health_beauty,0.381,0.071,4.8,0.84,853,0,0,1,0
78.08,16,1,dining,0.117,0.283,14.2,1.02,2335,0,0,0,0
221.31,16,8,clothing,0.931,0.646,596.7,5.35,153,2,0,1,1
13.69,18,2,dining,0.183,0.066,7.0,0.96,411,0,0,0,0
24.51,17,1,dining,0.045,0.161,7.3,0.27,2099,0,0,0,0
79.97,15,4,dining,0.14,0.208,8.2,1.15,1990,0,0,1,0
63.17,12,1,travel,0.033,0.048,7.2,0.57,3547,0,0,1,0
72.19,9,1,dining,0.016,0.333,17.1,0.87,2867,0,0,1,0
18.81,14,2,retail,0.193,0.153,1.4,1.7,672,0,0,1,0
278.95,6,4,dining,0.136,0.164,2.3,0.64,180,0,0,1,0
26.03,8,1,dining,0.028,0.191,0.6,1.31,1506,0,0,0,0
146.05,17,2,grocery,0.048,0.035,11.4,1.17,338,0,0,0,0
160.66,20,1,grocery,0.195,0.067,2.8,1.22,2501,0,0,1,0
135.58,6,3,travel,0.043,0.227,0.1,1.27,1267,0,0,0,0
107.68,14,1,dining,0.253,0.066,13.6,0.89,774,0,0,0,0
293.31,17,5,clothing,0.671,0.871,22.1,7.03,6,1,1,1,1
12.05,9,1,travel,0.048,0.356,7.7,0.9,1567,0,0,1,0
18.17,14,2,dining,0.124,0.383,10.2,0.2,1155,1,0,1,0
28.42,10,1,gas_transport,0.096,0.044,14.1,0.64,2569,0,0,0,0
691.75,3,4,electronics,0.835,0.718,1258.1,6.82,90,0,1,1,1
86.43,22,5,grocery,0.199,0.208,21.9,0.76,3277,0,0,1,0
132.96,16,4,dining,0.064,0.291,0.4,0.51,679,0,1,0,0
38.72,11,1,electronics,0.016,0.153,5.1,0.67,227,0,0,1,0
51.19,10,2,grocery,0.104,0.047,22.8,1.28,881,0,0,1,0
37.07,9,1,utilities,0.27,0.27,13.8,0.9,1975,0,0,0,0
13.29,22,3,health_beauty,0.11,0.369,5.1,1.19,2887,0,0,1,0
73.32,14,3,entertainment,0.04,0.5,4.8,0.91,371,0,0,1,0
868.12,18,6,gas_transport,0.789,0.893,520.1,7.54,35,0,1,1,1
45.83,11,1,dining,0.067,0.022,3.8,0.64,2842,0,0,1,0
22.14,11,1,entertainment,0.139,0.174,2.5,1.1,3055,0,0,0,0
88.82,6,2,grocery,0.147,0.074,21.0,0.87,541,0,0,0,0
23.69,12,1,health_beauty,0.01,0.05,13.4,0.71,2650,0,0,0,0
64.69,14,2,gas_transport,0.155,0.253,4.4,1.06,2108,0,0,1,0
47.13,13,1,retail,0.118,0.15,15.5,0.51,231,0,0,0,0
21.38,19,3,dining,0.168,0.062,44.3,0.75,2961,0,0,1,0
129.96,17,2,dining,0.289,0.053,8.8,0.87,928,0,0,0,0
18.66,1,4,dining,0.048,0.19,4.5,1.35,862,0,0,0,0
122.86,8,3,grocery,0.113,0.163,6.4,0.8,2867,0,0,0,0
20.46,22,1,dining,0.145,0.043,29.2,0.74,181,0,0,1,0
236.54,17,6,travel,0.01,0.285,0.3,0.51,2826,0,0,1,0
17.59,17,1,grocery,0.235,0.01,7.1,0.95,2279,0,0,1,0
160.6,18,2,dining,0.073,0.34,5.1,1.08,1796,0,0,1,0
226.99,18,2,electronics,0.052,0.102,9.4,1.35,549,0,0,1,0
52.59,4,3,clothing,0.062,0.104,1.4,1.08,2912,2,0,1,0
987.38,2,5,retail,0.574,0.671,563.8,2.73,9,1,1,1,1
38.87,19,1,travel,0.048,0.042,3.2,1.34,1284,0,0,1,0
56.73,9,1,grocery,0.163,0.032,8.0,0.91,2141,0,0,0,0
96.1,7,2,gas_transport,0.038,0.388,1.8,1.18,1196,0,0,1,0
1437.38,3,9,travel,0.616,0.442,351.2,3.93,81,3,0,1,1
92.39,7,3,clothing,0.06,0.062,2.3,0.75,2581,0,0,1,0
37.26,13,1,grocery,0.022,0.232,5.1,0.73,321,0,0,1,0
110.89,19,1,retail,0.174,0.139,0.4,1.05,920,0,0,1,0
2341.93,1,10,gas_transport,0.637,0.63,41.5,2.42,27,0,0,1,1
26.38,12,3,grocery,0.166,0.291,5.5,1.6,874,0,0,1,0
121.21,10,2,entertainment,0.102,0.426,41.2,0.61,2857,0,0,0,0
108.06,17,2,grocery,0.366,0.041,13.5,1.31,1946,0,0,0,0
14.01,17,2,dining,0.134,0.161,1.4,1.13,441,0,0,1,0
29.19,18,3,gas_transport,0.169,0.045,0.7,0.99,3482,0,0,1,0
219.16,7,2,grocery,0.198,0.351,4.4,1.12,1486,0,0,1,0
1117.47,21,3,clothing,0.92,0.712,1137.2,7.47,35,4,1,1,1
52.5,17,1,clothing,0.439,0.101,17.6,1.26,464,0,0,0,0
72.01,13,1,grocery,0.028,0.07,0.9,0.76,1035,0,0,0,0
30.07,14,4,grocery,0.093,0.276,16.0,0.84,2058,0,0,1,0
40.38,13,2,dining,0.04,0.068,15.3,0.68,2459,0,0,0,0
46.62,13,2,clothing,0.096,0.042,15.5,0.84,1393,0,0,0,0
70.08,6,3,grocery,0.171,0.101,12.8,0.82,3243,0,0,0,0
33.28,11,2,gas_transport,0.068,0.131,3.6,1.07,3242,0,0,1,0
87.46,9,1,clothing,0.101,0.021,2.0,0.76,1276,0,0,1,0
18.89,7,2,grocery,0.342,0.23,0.5,0.47,1548,0,0,0,0
26.48,12,2,gas_transport,0.07,0.248,27.0,0.81,2090,0,0,0,0
90.7,16,3,electronics,0.102,0.175,10.4,1.21,1762,0,0,0,0
51.45,12,2,grocery,0.036,0.218,22.8,1.2,2625,0,0,0,0
33.79,10,4,clothing,0.131,0.298,8.6,0.96,1652,0,0,0,0
66.67,9,1,entertainment,0.096,0.469,0.2,1.29,2134,0,0,0,0
113.27,18,1,travel,0.029,0.036,10.0,1.0,2428,0,0,1,0
112.19,9,1,entertainment,0.12,0.216,2.7,1.23,472,0,0,1,0
948.09,1,5,electronics,0.811,0.591,718.7,5.03,66,4,1,1,1
49.26,8,3,entertainment,0.207,0.27,12.7,0.9,2379,0,0,1,0
145.83,3,2,electronics,0.248,0.099,2.5,0.83,2721,0,0,1,0
26.27,15,4,health_beauty,0.361,0.442,15.6,0.88,228,0,0,0,0
52.05,17,1,health_beauty,0.15,0.017,42.6,0.49,1974,0,0,1,0
331.74,22,1,grocery,0.129,0.01,1.1,0.65,198,1,0,1,0
40.96,13,2,utilities,0.258,0.18,39.9,1.5,385,0,0,0,0
20.89,10,1,dining,0.077,0.23,5.0,1.15,2075,0,1,0,0
14.25,9,2,travel,0.122,0.183,6.7,0.73,1525,0,0,0,0
126.91,6,2,gas_transport,0.147,0.059,18.8,1.35,534,0,0,0,0
30.19,7,1,entertainment,0.331,0.111,5.7,1.03,1147,0,0,1,0
27.18,15,1,dining,0.032,0.079,8.2,1.46,792,0,0,1,0
55.45,17,1,grocery,0.047,0.109,1.4,0.62,3176,0,0,1,0
52.76,10,2,clothing,0.104,0.335,16.3,1.22,2517,0,0,1,0
45.26,15,1,grocery,0.155,0.063,2.3,1.21,2546,0,0,1,0
15.53,13,1,grocery,0.101,0.096,4.7,1.03,2953,0,0,1,0
613.37,22,4,gas_transport,0.744,0.782,504.5,2.81,59,0,0,1,1
64.9,11,2,clothing,0.087,0.357,10.1,1.1,906,0,0,1,0
11.45,15,1,gas_transport,0.103,0.085,15.7,1.17,273,0,0,1,0
73.73,8,2,gas_transport,0.081,0.178,27.3,0.87,855,0,0,0,0
95.1,12,4,dining,0.11,0.5,6.8,0.54,3561,0,0,0,0
21.09,9,1,dining,0.385,0.01,28.1,0.39,1223,0,0,1,0
7.99,7,5,dining,0.025,0.308,1.1,1.07,3307,0,0,1,0
54.14,13,1,electronics,0.357,0.161,22.9,1.1,2387,0,0,0,0
78.34,18,3,travel,0.209,0.13,12.9,1.4,2284,0,0,0,0
141.05,11,2,grocery,0.129,0.104,0.8,0.74,2101,0,0,0,0
375.61,5,9,travel,0.827,0.704,88.8,3.76,29,1,0,1,1
271.47,0,4,electronics,0.893,0.402,1531.8,6.33,504,3,0,1,1
394.46,10,1,retail,0.313,0.075,13.6,0.77,2114,0,1,0,0
131.12,7,2,grocery,0.355,0.132,2.7,0.3,1350,1,0,1,0
65.99,14,1,utilities,0.106,0.075,14.6,1.54,2335,0,0,1,0
262.82,6,2,electronics,0.01,0.139,5.7,0.73,1482,0,0,0,0
39.25,7,1,dining,0.175,0.11,17.9,0.75,2122,0,1,0,0
45.88,19,2,grocery,0.098,0.159,3.9,1.11,979,0,0,0,0
21.72,15,1,dining,0.043,0.335,0.1,0.36,620,0,0,1,0
21.98,11,3,grocery,0.01,0.052,1.8,1.1,3023,0,0,1,0
49.82,5,6,gas_transport,0.095,0.058,54.7,0.65,1674,0,0,1,0
34.5,17,2,grocery,0.026,0.145,17.4,1.5,1958,0,0,0,0
41.84,8,2,dining,0.431,0.147,13.5,1.18,1187,0,1,0,0
120.0,3,9,travel,0.763,0.918,97.4,9.42,400,2,1,1,1
222.13,18,7,electronics,0.77,0.735,977.0,1.8,64,0,0,1,1
47.49,13,5,utilities,0.204,0.048,36.8,0.93,929,0,0,0,0
44.27,12,4,gas_transport,0.086,0.324,19.8,0.39,1100,0,0,1,0
11.78,7,1,dining,0.01,0.049,1.8,0.65,399,0,0,1,0
10.31,10,1,clothing,0.103,0.058,21.3,1.45,1515,0,0,1,0
46.11,7,2,gas_transport,0.062,0.104,16.6,0.99,675,0,0,1,0
115.26,11,3,grocery,0.13,0.177,21.5,1.13,1710,0,0,0,0
306.73,21,7,dining,0.943,0.35,47.9,1.8,687,0,0,1,1
171.15,12,1,dining,0.127,0.223,4.7,0.75,707,1,0,0,0
6.08,18,2,gas_transport,0.083,0.36,32.7,1.1,945,0,0,0,0
64.55,9,5,grocery,0.123,0.227,5.2,0.37,2306,0,0,1,0
10.76,10,1,grocery,0.207,0.179,6.0,0.88,2338,0,0,1,0
442.38,12,2,gas_transport,0.183,0.103,7.5,0.42,3593,0,0,1,0
35.87,10,2,grocery,0.139,0.272,17.4,1.01,1616,0,0,0,0
42.71,10,2,dining,0.259,0.071,4.4,0.88,3192,0,0,0,0
1715.39,2,8,clothing,0.643,0.675,1486.3,6.28,5,4,1,1,1
95.25,11,2,grocery,0.112,0.248,15.4,0.84,307,0,0,0,0
72.54,12,4,dining,0.037,0.22,0.5,1.38,257,0,0,0,0
76.48,21,2,clothing,0.147,0.097,23.2,0.65,812,0,0,0,0
89.75,17,2,grocery,0.036,0.483,10.1,0.91,3461,0,0,1,0
26.56,13,2,health_beauty,0.161,0.132,8.1,0.76,2479,0,0,1,0
35.48,17,3,clothing,0.231,0.06,0.6,1.11,1176,0,0,0,0
90.55,2,1,grocery,0.347,0.476,0.2,0.86,268,0,0,0,0
22.44,7,1,gas_transport,0.216,0.13,21.2,1.04,1114,0,0,0,0
248.24,16,3,gas_transport,0.185,0.01,7.9,1.57,653,0,0,1,0
65.3,18,2,retail,0.064,0.298,14.3,0.91,315,0,0,0,0
62.5,13,1,utilities,0.118,0.235,2.8,1.0,1107,0,0,0,0
120.0,17,9,travel,0.52,0.868,426.5,5.69,198,3,1,1,1
22.64,7,3,gas_transport,0.066,0.087,14.1,1.3,2742,0,0,0,0
75.33,8,2,gas_transport,0.094,0.01,9.1,0.99,2102,0,0,0,0
44.37,6,1,gas_transport,0.168,0.155,10.8,0.85,2653,0,0,1,0
79.26,10,2,retail,0.023,0.215,7.2,0.98,2153,0,0,0,0
4800.0,3,4,electronics,0.419,0.676,68.3,7.4,469,3,0,1,1
97.23,0,4,grocery,0.038,0.063,18.3,0.92,3071,0,0,0,0
36.55,12,2,travel,0.162,0.389,4.2,0.81,3244,0,0,1,0
47.96,6,2,utilities,0.087,0.116,4.3,0.54,1565,0,0,1,0
34.03,13,1,grocery,0.028,0.267,2.3,0.54,1106,0,0,0,0
30.09,16,1,retail,0.068,0.226,0.4,0.6,2983,0,0,0,0
141.47,6,1,clothing,0.07,0.198,19.2,1.42,575,0,0,0,0
185.01,12,5,electronics,0.071,0.19,12.9,0.62,2164,0,0,1,0
9.45,15,1,utilities,0.019,0.131,4.1,0.87,2105,0,0,1,0
14.0,11,1,electronics,0.053,0.282,11.1,1.01,2762,0,0,1,0
41.14,13,2,entertainment,0.102,0.034,29.8,1.09,1133,0,0,1,0
55.95,9,1,utilities,0.105,0.017,17.3,0.75,3354,0,0,1,0
11.44,8,3,utilities,0.288,0.193,20.2,0.83,3221,0,0,1,0
19.46,17,2,dining,0.212,0.011,4.8,0.88,2476,0,0,1,0
9.73,11,3,travel,0.116,0.195,8.5,1.08,763,0,0,0,0
38.69,14,1,dining,0.101,0.366,49.3,0.65,2681,0,0,1,0
121.87,11,5,clothing,0.23,0.13,0.1,1.01,2510,0,0,0,0
42.91,9,1,health_beauty,0.066,0.246,20.0,1.59,770,0,0,0,0
29.19,13,1,grocery,0.038,0.183,13.6,0.81,2364,0,0,0,0
839.81,17,5,electronics,0.776,0.35,27.7,7.53,48,4,1,1,1
84.02,23,2,grocery,0.127,0.035,15.8,0.64,1391,0,0,1,0
86.04,12,1,grocery,0.183,0.479,7.7,1.1,1393,0,0,1,0
81.94,16,2,utilities,0.286,0.322,3.1,0.9,1400,0,0,0,0
196.16,11,1,dining,0.025,0.144,8.6,0.89,2791,0,0,0,0
18.66,11,3,dining,0.07,0.052,8.3,0.65,532,0,0,1,0
66.33,9,1,health_beauty,0.01,0.043,39.8,0.86,998,0,0,1,0
44.11,6,5,electronics,0.247,0.296,16.0,2.0,820,0,0,1,0
18.69,10,2,electronics,0.048,0.283,3.1,0.2,1814,0,0,1,0
81.89,18,4,dining,0.168,0.074,13.8,1.46,3538,0,1,0,0
42.21,7,1,grocery,0.203,0.142,17.3,0.94,1162,1,0,0,0
25.94,20,2,grocery,0.194,0.304,27.3,0.27,1548,0,0,1,0
15.4,8,3,gas_transport,0.011,0.102,7.4,0.68,1780,0,0,1,0
15.17,19,4,travel,0.189,0.162,7.4,0.78,2930,0,0,1,0
22.93,16,5,electronics,0.117,0.097,0.8,0.85,1727,0,0,1,0
29.7,16,2,clothing,0.071,0.247,15.3,1.21,284,0,1,0,0
75.4,15,1,dining,0.249,0.35,0.3,1.2,973,0,0,0,0
145.03,6,1,grocery,0.062,0.238,10.3,1.21,1473,0,0,1,0
27.14,7,1,retail,0.025,0.078,8.9,0.93,1845,0,0,0,0
84.33,4,3,entertainment,0.298,0.275,4.9,1.13,2601,0,0,0,0
47.36,21,3,travel,0.01,0.063,10.3,0.85,2085,0,0,1,0
12.2,2,1,utilities,0.031,0.03,8.8,0.53,1163,0,1,0,0
25.2,21,1,electronics,0.286,0.068,7.2,0.91,2252,0,0,0,0
30.59,18,2,travel,0.153,0.241,7.0,0.9,3435,0,0,0,0
25.76,9,5,travel,0.114,0.065,10.0,0.9,3211,0,0,1,0
34.07,6,1,clothing,0.246,0.167,21.2,0.77,523,0,0,0,0
11.63,21,3,utilities,0.13,0.295,17.8,1.43,1366,1,0,0,0
632.36,2,9,electronics,0.86,0.708,954.4,6.53,171,1,1,1,1
130.99,4,10,clothing,0.704,0.616,281.0,2.7,127,0,1,1,1
19.71,19,1,clothing,0.1,0.161,2.0,0.82,3263,1,0,1,0
103.6,8,1,dining,0.044,0.298,12.5,1.43,2267,0,0,0,0
47.42,16,1,health_beauty,0.012,0.215,2.1,1.26,342,0,0,1,0
25.85,12,1,dining,0.086,0.13,9.8,0.64,1431,0,0,0,0
102.49,15,1,utilities,0.145,0.146,4.3,0.88,2774,1,0,1,0
505.14,5,7,dining,0.743,0.559,357.3,6.7,143,3,1,1,1
52.38,11,1,gas_transport,0.071,0.278,6.2,0.91,1118,0,0,1,0
105.93,11,2,dining,0.08,0.187,5.7,0.2,3441,0,0,1,0
14.31,8,1,clothing,0.17,0.421,1.9,0.67,3107,1,0,1,0
60.99,7,1,dining,0.298,0.097,7.6,0.98,3028,0,0,1,0
120.3,12,1,travel,0.029,0.423,14.4,1.27,1837,0,0,0,0
1379.38,6,2,retail,0.858,0.697,2957.0,10.2,57,2,1,1,1
34.6,20,2,grocery,0.035,0.083,4.9,1.76,348,0,0,1,0
69.04,6,1,dining,0.14,0.215,12.9,0.72,1756,0,0,0,0
4065.37,5,2,electronics,0.912,0.89,191.8,1.8,238,2,1,1,1
88.98,12,1,grocery,0.139,0.016,1.6,0.46,3084,0,0,0,0
35.01,20,4,utilities,0.165,0.483,1.4,1.2,3541,0,0,1,0
59.87,9,6,grocery,0.237,0.108,9.4,0.87,3524,0,0,1,0
61.52,10,2,grocery,0.162,0.044,9.2,0.97,3423,0,0,1,0
19.65,0,2,clothing,0.108,0.132,1.1,0.99,1054,0,0,1,0
22.92,0,2,utilities,0.01,0.073,0.7,0.81,2170,0,0,0,0
87.71,10,1,travel,0.141,0.205,12.2,1.36,749,0,0,1,0
119.6,11,2,gas_transport,0.303,0.024,4.8,1.32,843,0,0,0,0
22.29,16,4,dining,0.296,0.27,2.8,1.48,2682,0,0,1,0
741.94,1,7,clothing,0.814,0.544,27.6,6.42,45,1,0,1,1
165.62,16,1,electronics,0.095,0.039,4.4,0.9,2380,0,0,1,0
18.66,14,2,grocery,0.302,0.345,0.7,1.19,3297,1,0,1,0
58.5,21,2,gas_transport,0.01,0.154,5.8,1.79,618,0,0,0,0
103.73,7,3,gas_transport,0.128,0.263,39.2,1.52,1122,0,0,0,0
34.16,11,2,electronics,0.121,0.163,7.6,1.14,987,0,0,1,0
370.73,18,2,grocery,0.09,0.388,1.4,1.02,1325,0,0,0,0
133.74,15,2,clothing,0.089,0.5,7.1,0.9,1395,0,0,1,0
64.93,8,1,clothing,0.29,0.123,2.9,1.78,2273,0,0,1,0
63.36,20,2,grocery,0.372,0.059,15.3,1.21,1120,0,0,0,0
65.77,14,2,electronics,0.157,0.01,14.3,1.11,287,0,1,0,0
381.34,17,1,entertainment,0.103,0.392,9.3,0.99,3459,0,0,0,0
24.63,10,2,grocery,0.204,0.386,27.2,1.1,989,0,0,1,0
133.55,22,1,grocery,0.073,0.405,5.4,0.67,674,0,0,1,0
532.33,16,2,gas_transport,0.024,0.366,17.5,1.06,1576,0,0,1,0
63.53,17,2,entertainment,0.063,0.107,46.4,0.55,1583,0,0,1,0
44.9,9,2,health_beauty,0.237,0.37,7.2,0.52,2137,0,0,1,0
22.5,7,3,grocery,0.028,0.105,4.8,1.39,1291,0,0,0,0
56.64,20,5,dining,0.055,0.176,10.2,0.97,2748,0,0,1,0
237.18,13,1,dining,0.341,0.214,14.4,1.35,346,0,0,1,0
35.68,23,3,gas_transport,0.152,0.072,29.3,0.59,679,0,0,1,0
131.03,5,2,health_beauty,0.011,0.207,3.3,0.63,1885,0,0,1,0
64.7,8,3,entertainment,0.151,0.282,58.1,0.49,842,0,0,0,0
175.52,5,2,health_beauty,0.208,0.096,6.2,0.43,2622,0,0,0,0
79.58,13,1,retail,0.037,0.199,19.4,1.34,1189,0,0,1,0
9.89,8,2,dining,0.109,0.03,4.6,0.87,1690,0,0,1,0
156.57,4,1,health_beauty,0.078,0.164,6.5,0.75,350,0,0,0,0
37.06,9,1,utilities,0.052,0.172,10.3,1.38,2380,0,0,1,0
20.03,6,2,utilities,0.06,0.168,36.3,1.51,1284,0,0,0,0
108.74,19,1,retail,0.07,0.126,5.7,0.67,2481,0,0,0,0
20.85,8,1,gas_transport,0.112,0.093,19.7,1.02,1972,0,0,1,0
37.49,13,2,grocery,0.096,0.051,6.9,1.16,1519,0,0,1,0
100.52,14,2,entertainment,0.121,0.413,6.6,1.28,1206,0,0,1,0
96.54,9,1,dining,0.36,0.018,4.1,0.91,3248,1,0,1,0
29.34,10,4,clothing,0.113,0.134,0.2,1.56,790,0,0,1,0
60.68,21,2,travel,0.174,0.079,3.1,1.31,452,0,0,1,0
23.57,10,1,dining,0.202,0.224,2.8,0.84,3151,0,0,0,0
169.87,15,1,gas_transport,0.048,0.406,22.6,1.1,3507,0,1,1,0
801.67,4,8,travel,0.77,0.53,386.0,5.46,63,1,0,1,1
150.12,14,4,gas_transport,0.014,0.046,0.3,0.96,2194,0,0,1,0
59.02,7,2,dining,0.128,0.228,24.6,0.61,1709,0,0,1,0
62.01,14,1,grocery,0.141,0.328,24.4,1.06,412,0,0,1,0
36.79,13,3,travel,0.01,0.118,29.3,0.97,1949,0,0,1,0
41.12,10,1,gas_transport,0.148,0.298,3.0,0.26,3336,1,0,1,0
118.25,10,1,entertainment,0.015,0.063,21.4,1.2,3526,0,0,1,0
76.6,15,1,grocery,0.219,0.058,13.3,1.02,1547,0,0,0,0
271.74,17,8,electronics,0.864,0.879,892.2,5.58,416,2,1,1,1
27.35,9,4,dining,0.018,0.064,2.9,1.13,2854,0,0,0,0
31.47,12,1,electronics,0.073,0.228,4.0,1.02,2889,0,0,0,0
36.79,11,2,grocery,0.01,0.124,8.4,1.02,1874,0,0,0,0
18.54,10,2,utilities,0.048,0.097,15.5,1.26,1445,1,0,1,0
35.98,19,1,health_beauty,0.192,0.367,27.9,0.68,1722,0,0,0,0
26.32,7,3,utilities,0.412,0.215,1.1,0.89,2186,0,0,1,0
117.88,5,3,grocery,0.09,0.022,4.9,0.98,1789,0,0,0,0
36.68,12,2,dining,0.283,0.31,2.7,1.26,2553,0,0,0,0
71.38,11,1,grocery,0.031,0.046,4.7,1.2,2435,0,0,0,0
35.49,9,1,gas_transport,0.043,0.144,19.3,0.37,2830,0,0,0,0
33.87,7,2,entertainment,0.066,0.04,6.6,0.7,3495,0,0,1,0
77.21,7,2,dining,0.272,0.264,2.4,0.56,1237,0,0,1,0
50.17,11,3,dining,0.256,0.169,30.1,0.99,823,0,0,1,0
29.05,20,3,entertainment,0.097,0.044,15.9,1.51,1333,0,0,0,0
21.42,20,3,utilities,0.057,0.042,4.2,1.29,197,0,1,0,0
78.47,7,1,entertainment,0.115,0.147,13.3,0.47,2864,0,0,0,0
23.46,22,2,utilities,0.295,0.046,0.5,1.09,2694,0,0,0,0
19.47,17,2,gas_transport,0.45,0.12,8.9,0.7,1864,0,0,1,0
1581.62,14,6,travel,0.418,0.91,1505.5,8.04,425,3,0,1,1
98.33,20,1,utilities,0.175,0.18,13.1,1.66,3010,0,0,1,0
39.5,18,3,gas_transport,0.025,0.106,6.0,1.39,1554,0,0,0,0
57.96,17,2,utilities,0.244,0.278,25.0,1.44,2945,1,0,1,0
45.78,21,2,utilities,0.056,0.325,8.6,0.72,196,0,0,1,0
126.46,13,3,travel,0.131,0.418,22.6,1.04,2034,0,0,1,0
36.67,8,2,grocery,0.047,0.157,17.1,0.69,621,1,0,0,0
106.17,10,1,dining,0.12,0.126,1.4,1.19,2008,0,0,1,0
77.39,8,1,dining,0.073,0.128,39.1,0.96,266,0,0,1,0
32.34,8,1,retail,0.107,0.014,16.1,0.87,1024,0,0,1,0
171.08,9,3,entertainment,0.289,0.419,34.9,0.61,3336,0,0,0,0
15.0,16,3,health_beauty,0.019,0.268,5.1,1.63,2706,1,0,1,0
218.83,11,2,travel,0.204,0.208,1.9,1.18,1892,0,0,0,0
49.89,15,2,clothing,0.143,0.275,12.2,0.43,934,0,0,0,0
14.94,11,2,clothing,0.272,0.109,23.2,1.42,2297,0,0,0,0
23.34,7,1,retail,0.331,0.149,2.2,1.42,361,0,0,1,0
50.13,12,1,retail,0.01,0.178,12.2,0.93,3083,0,0,1,0
22.02,11,1,grocery,0.041,0.142,23.8,0.71,2505,0,0,1,0
42.28,16,2,clothing,0.157,0.035,9.0,0.85,839,0,0,0,0
16.98,23,2,retail,0.221,0.083,18.4,0.81,2662,0,0,1,0
22.62,14,1,entertainment,0.046,0.232,7.4,1.45,3317,0,0,0,0
28.78,7,4,gas_transport,0.059,0.118,18.3,0.93,3492,0,0,0,0
20.91,11,1,electronics,0.064,0.024,13.1,1.34,1183,0,0,1,0
805.26,4,5,electronics,0.634,0.618,929.7,2.98,477,2,0,1,1
22.08,19,1,clothing,0.117,0.267,12.9,1.39,425,0,0,0,0
78.67,10,1,dining,0.028,0.143,5.8,0.75,2807,0,0,0,0
52.67,9,5,clothing,0.198,0.083,5.7,0.92,550,0,1,0,0
68.54,0,1,dining,0.15,0.259,17.7,1.35,1707,0,1,1,0
86.32,22,1,grocery,0.109,0.205,8.5,0.82,1868,0,0,0,0
43.38,12,1,retail,0.128,0.094,12.3,1.73,2994,0,0,1,0
28.6,14,1,grocery,0.157,0.045,9.0,0.96,3476,0,0,0,0
5.9,13,2,grocery,0.027,0.161,1.7,0.2,1402,0,0,0,0
18.19,7,3,clothing,0.042,0.212,16.5,0.79,1403,0,0,1,0
252.75,18,3,clothing,0.052,0.119,12.7,1.09,353,0,0,1,0
51.23,7,1,retail,0.051,0.463,1.1,0.85,2207,0,0,1,0
58.32,14,1,dining,0.266,0.156,0.1,1.09,822,0,0,1,0
47.83,9,3,gas_transport,0.188,0.209,1.2,0.56,3312,0,0,0,0
40.34,11,2,clothing,0.284,0.076,9.7,0.92,3443,0,0,1,0
91.99,12,1,grocery,0.114,0.162,7.5,0.88,2502,0,0,0,0
12.73,10,1,grocery,0.3,0.458,3.4,0.82,3384,2,0,0,0
36.51,17,3,grocery,0.05,0.096,41.7,0.77,1164,0,0,0,0
47.03,19,1,entertainment,0.269,0.054,4.6,0.76,3051,0,0,0,0
14.01,10,1,electronics,0.121,0.031,1.0,1.6,2203,0,0,1,0
89.82,6,4,entertainment,0.183,0.01,13.4,1.35,2142,0,0,0,0
19.22,13,3,electronics,0.024,0.106,1.9,1.15,1813,2,0,1,0
77.66,9,4,travel,0.019,0.023,2.4,1.39,1440,0,0,0,0
7.83,16,1,grocery,0.33,0.16,10.4,0.99,1440,0,0,0,0
127.55,11,2,clothing,0.12,0.212,8.2,0.92,2130,0,0,0,0
4800.0,22,8,clothing,0.547,0.734,605.5,1.8,5,4,1,1,1
56.96,10,4,clothing,0.392,0.033,4.5,0.54,3277,0,0,1,0
58.3,9,3,entertainment,0.062,0.072,9.6,0.35,554,0,0,1,0
68.36,11,1,grocery,0.104,0.147,13.4,1.17,2849,0,0,1,0
108.71,11,1,grocery,0.047,0.055,23.1,1.22,444,0,0,1,0
27.67,11,1,health_beauty,0.08,0.23,8.4,1.19,2770,0,1,1,0
43.36,19,3,health_beauty,0.147,0.399,2.9,0.9,290,0,0,0,0
50.98,13,1,dining,0.168,0.09,11.6,0.75,1457,0,0,1,0
41.42,12,3,grocery,0.117,0.184,3.8,0.4,2389,0,0,0,0
31.29,11,3,retail,0.076,0.367,7.0,1.24,2024,0,0,0,0
31.03,9,1,grocery,0.142,0.068,3.3,0.94,1261,0,0,0,0
143.22,9,2,grocery,0.102,0.111,14.4,0.63,2917,0,0,1,0
66.51,18,1,retail,0.041,0.071,3.3,1.04,1331,0,0,0,0
400.36,5,7,travel,0.583,0.394,1289.2,5.88,96,1,0,1,1
57.48,11,5,dining,0.021,0.289,3.7,0.53,2726,0,0,0,0
57.63,19,7,gas_transport,0.068,0.256,4.9,0.97,2570,0,0,1,0
33.34,17,2,dining,0.145,0.023,45.8,1.04,2525,0,0,1,0
237.64,9,1,dining,0.046,0.12,14.3,0.63,1541,0,0,1,0
10.95,9,3,grocery,0.076,0.16,27.8,0.77,2808,0,0,0,0
51.08,15,1,grocery,0.065,0.319,3.8,1.45,2958,0,0,1,0
95.14,15,3,utilities,0.011,0.116,14.5,1.24,2334,0,0,1,0
115.16,13,1,gas_transport,0.033,0.19,5.5,0.87,1098,0,0,1,0
22.01,12,2,electronics,0.122,0.042,57.7,1.13,3559,0,1,0,0
46.57,4,3,dining,0.153,0.174,2.3,0.74,544,0,0,1,0
69.11,8,1,clothing,0.292,0.072,7.9,0.81,2896,0,0,0,0
39.81,8,2,dining,0.053,0.055,26.3,1.27,426,0,0,1,0
106.36,14,2,gas_transport,0.205,0.034,4.9,0.97,3087,0,1,0,0
79.3,18,1,entertainment,0.117,0.065,0.8,0.81,1977,0,0,0,0
77.14,21,3,electronics,0.175,0.049,0.6,1.15,666,0,0,1,0
76.15,12,2,electronics,0.107,0.091,14.0,1.51,544,0,0,1,0
67.2,18,1,health_beauty,0.066,0.196,3.8,0.9,2715,0,0,1,0
32.47,15,4,grocery,0.075,0.088,34.3,1.28,1130,0,0,0,0
27.53,8,4,retail,0.122,0.061,2.9,0.85,3143,0,0,1,0
74.32,17,3,grocery,0.206,0.035,4.6,1.33,2747,0,0,1,0
42.81,13,2,grocery,0.345,0.226,52.3,1.13,373,0,0,1,0
69.51,15,2,dining,0.01,0.139,0.7,0.8,580,0,0,1,0
44.23,9,2,clothing,0.071,0.052,5.8,0.69,2195,0,0,0,0
23.4,8,3,clothing,0.063,0.176,0.6,1.29,2082,0,0,0,0
98.51,12,3,health_beauty,0.351,0.211,1.8,1.2,936,0,0,0,0
50.31,10,2,electronics,0.026,0.044,12.0,0.74,1181,0,0,1,0
14.81,14,1,grocery,0.025,0.108,53.5,1.13,2214,0,0,1,0
24.99,7,3,travel,0.321,0.17,39.3,0.24,3349,0,0,0,0
71.64,10,4,dining,0.065,0.445,12.5,0.8,3455,0,0,1,0
12.72,19,2,dining,0.06,0.205,0.7,0.48,452,0,1,0,0
24.65,15,1,retail,0.053,0.02,19.5,1.33,937,0,0,1,0
49.03,15,1,clothing,0.016,0.288,36.4,1.08,3567,0,1,1,0
159.67,12,1,health_beauty,0.151,0.034,14.1,1.21,3421,0,0,1,0
66.92,11,1,dining,0.01,0.216,7.5,0.66,2955,0,0,1,0
468.03,19,1,travel,0.044,0.33,13.6,1.01,3351,0,0,1,0
46.74,7,2,dining,0.078,0.315,9.0,1.1,1798,1,0,1,0
23.54,12,3,electronics,0.033,0.14,5.6,0.79,272,0,0,1,0
98.41,12,1,dining,0.171,0.243,10.6,1.22,3395,0,0,1,0
55.66,15,1,dining,0.18,0.1,2.2,0.26,3387,0,0,0,0
96.26,8,1,clothing,0.103,0.026,10.9,1.54,1908,0,0,1,0
85.11,14,1,health_beauty,0.041,0.144,17.6,0.76,2413,0,0,1,0
24.09,11,1,grocery,0.263,0.068,6.2,1.01,1246,0,0,0,0
98.0,6,1,grocery,0.338,0.075,5.8,1.0,3162,0,0,1,0
29.52,8,1,gas_transport,0.277,0.411,6.6,0.96,1030,0,0,0,0
184.98,12,3,dining,0.189,0.061,8.0,1.03,1385,0,0,1,0
25.82,11,3,health_beauty,0.09,0.044,28.5,1.16,2820,0,0,1,0
32.78,10,2,grocery,0.223,0.137,22.4,1.29,1352,0,0,1,0
331.33,4,8,travel,0.486,0.463,657.6,10.22,77,2,1,0,1
56.19,6,2,electronics,0.032,0.155,1.7,0.81,625,0,0,1,0
62.41,14,1,dining,0.109,0.239,15.8,0.94,1648,0,0,1,0
35.13,11,2,travel,0.01,0.151,7.0,0.94,3202,0,0,0,0
57.48,15,1,utilities,0.096,0.088,34.0,1.16,3269,0,0,1,0
24.56,12,2,utilities,0.017,0.23,12.1,0.5,2145,0,0,1,0
52.79,11,1,grocery,0.125,0.231,13.7,1.0,397,0,0,1,0
27.83,16,1,grocery,0.1,0.255,12.2,1.26,3400,0,0,1,0
49.46,19,2,electronics,0.01,0.156,19.1,1.13,2408,0,0,0,0
10.94,15,2,grocery,0.26,0.133,6.6,1.75,2466,0,0,1,0
50.81,16,2,health_beauty,0.044,0.149,8.0,1.25,3582,0,0,0,0
19.65,11,4,grocery,0.205,0.16,26.9,1.5,3384,0,0,0,0
241.18,15,2,clothing,0.015,0.043,26.1,0.22,2268,0,0,0,0
39.2,15,2,travel,0.012,0.211,9.9,1.23,280,0,0,0,0
231.2,8,1,grocery,0.064,0.174,4.6,0.86,2729,0,0,1,0
115.28,6,3,gas_transport,0.023,0.205,25.6,0.98,2202,0,0,0,0
25.42,11,2,travel,0.395,0.128,3.2,0.53,1481,0,0,1,0
65.56,17,2,electronics,0.217,0.029,20.5,1.04,2080,0,0,1,0
11.07,7,3,gas_transport,0.274,0.282,1.3,1.35,2891,0,0,0,0
43.41,10,2,dining,0.085,0.056,0.3,1.0,2521,1,0,0,0
60.57,13,3,grocery,0.012,0.034,0.1,1.31,2127,0,0,0,0
20.0,6,2,clothing,0.294,0.126,25.0,1.23,2705,0,0,0,0
49.76,13,1,grocery,0.274,0.286,0.1,0.7,638,0,0,1,0
16.49,15,2,utilities,0.171,0.478,2.0,1.33,2081,0,0,0,0
103.4,6,1,grocery,0.085,0.213,5.9,0.86,2134,0,0,0,0
104.56,20,1,entertainment,0.042,0.01,1.7,1.38,3530,0,0,0,0
50.06,11,1,gas_transport,0.046,0.206,5.3,0.54,2567,0,0,0,0
54.21,13,1,electronics,0.042,0.066,3.7,0.8,1499,0,0,1,0
88.24,11,3,electronics,0.24,0.266,8.5,1.12,1536,0,0,0,0
300.5,3,10,travel,0.726,0.799,531.9,3.66,95,1,0,1,1
65.6,6,3,travel,0.094,0.348,8.6,1.07,2486,0,0,1,0
69.87,23,1,gas_transport,0.068,0.5,5.3,1.34,1740,0,0,0,0
104.49,10,4,dining,0.023,0.151,16.5,1.37,3414,0,0,0,0
83.07,9,2,health_beauty,0.422,0.104,3.6,0.62,189,1,0,0,0
10.63,19,1,grocery,0.142,0.146,10.4,0.57,1779,0,0,0,0
41.63,12,2,health_beauty,0.139,0.171,11.0,0.57,327,0,0,1,0
138.56,15,4,grocery,0.255,0.227,16.6,0.5,884,0,0,1,0
1197.71,0,9,electronics,0.806,0.939,661.2,4.56,152,2,1,1,1
20.92,10,4,health_beauty,0.145,0.134,10.3,1.11,363,0,0,0,0
42.4,12,1,dining,0.029,0.138,2.3,0.88,3571,0,0,1,0
198.61,11,1,retail,0.083,0.217,21.0,0.89,2036,0,0,0,0
80.15,14,3,retail,0.053,0.179,5.4,0.78,2585,0,0,1,0
37.84,10,3,clothing,0.029,0.246,26.2,0.83,996,0,0,0,0
65.61,8,3,gas_transport,0.151,0.01,1.6,0.77,1561,0,0,0,0
1817.99,23,10,travel,0.937,0.695,25.4,6.57,255,2,0,1,1
1102.22,2,4,retail,0.4,0.702,546.8,8.77,13,2,1,1,1
815.14,4,8,electronics,0.872,0.538,621.4,5.61,149,1,0,1,1
35.1,22,2,gas_transport,0.022,0.065,7.5,1.01,415,0,0,0,0
56.83,10,2,entertainment,0.151,0.136,7.4,1.45,510,0,0,1,0
17.35,9,1,grocery,0.09,0.153,3.8,0.67,3348,0,0,1,0
109.41,1,2,health_beauty,0.15,0.178,1.3,1.1,1789,0,0,1,0
70.35,11,4,grocery,0.197,0.316,2.4,0.77,1758,0,0,0,0
77.98,16,2,gas_transport,0.02,0.209,41.5,1.48,2447,0,0,0,0
27.82,14,1,travel,0.037,0.142,9.6,1.67,2667,0,0,0,0
34.65,20,1,dining,0.039,0.056,4.5,1.29,426,0,0,0,0
44.27,13,2,grocery,0.057,0.187,4.7,1.36,1927,0,0,0,0
82.82,16,2,dining,0.038,0.225,21.7,1.01,738,0,0,1,0
120.0,2,8,electronics,0.737,0.63,779.7,8.05,260,2,0,0,1
69.52,20,1,electronics,0.136,0.036,2.2,0.48,3352,0,0,1,0
16.82,8,1,gas_transport,0.077,0.377,1.1,1.22,353,0,0,1,0
37.0,13,2,travel,0.12,0.034,16.8,0.91,3579,0,0,1,0
60.38,10,1,grocery,0.031,0.154,3.5,0.44,2499,1,0,0,0
242.02,8,1,grocery,0.211,0.181,7.3,0.64,1021,0,0,0,0
668.58,23,4,travel,0.706,0.62,1264.0,3.67,9,4,1,1,1
28.78,14,1,clothing,0.187,0.308,1.4,0.93,1025,0,0,1,0
129.98,11,4,health_beauty,0.075,0.031,28.5,0.81,301,0,0,1,0
67.43,17,1,grocery,0.098,0.176,19.4,0.64,1388,1,0,1,0
49.28,8,3,retail,0.065,0.32,14.8,1.15,730,1,0,0,0
31.16,7,3,dining,0.287,0.141,18.5,1.08,644,0,0,0,0
14.2,7,5,retail,0.218,0.1,25.0,0.71,1216,0,0,1,0
43.31,18,2,gas_transport,0.117,0.016,3.7,0.85,1470,0,0,1,0
125.35,6,3,travel,0.2,0.051,26.4,1.2,1633,0,0,1,0
32.79,11,2,health_beauty,0.021,0.151,16.2,1.2,189,0,0,1,0
83.8,17,1,dining,0.063,0.287,4.9,1.28,1980,0,0,0,0
41.2,16,3,grocery,0.162,0.303,12.6,1.32,1698,0,0,1,0
26.64,20,2,utilities,0.083,0.052,24.6,1.69,1126,0,0,0,0
114.72,8,5,health_beauty,0.058,0.05,2.2,0.99,343,0,0,1,0
31.36,20,2,clothing,0.274,0.068,11.5,1.01,2370,0,0,0,0
231.66,16,2,grocery,0.048,0.182,0.7,0.92,1180,0,0,0,0
64.29,12,3,health_beauty,0.059,0.294,21.6,1.19,1192,0,0,1,0
14.85,6,1,health_beauty,0.09,0.116,9.1,0.58,306,0,0,0,0
721.49,6,9,electronics,0.9,0.537,114.8,1.96,4,0,0,1,1
32.68,15,1,utilities,0.039,0.215,20.1,0.96,1923,0,0,1,0
19.18,11,2,clothing,0.019,0.185,15.8,1.12,2558,0,0,0,0
80.78,10,1,utilities,0.251,0.013,31.4,1.1,3199,0,0,1,0
1252.14,2,4,electronics,0.703,0.879,794.7,7.37,195,1,1,1,1
40.18,20,2,health_beauty,0.343,0.127,5.9,0.68,2615,0,0,1,0
139.71,22,1,clothing,0.023,0.024,4.9,1.23,1079,0,0,1,0
53.53,11,1,electronics,0.113,0.014,8.5,0.87,2602,0,0,1,0
32.28,9,1,grocery,0.049,0.104,8.6,1.38,2235,0,0,1,0
976.02,10,5,electronics,0.691,0.35,1486.7,1.8,79,3,0,1,1
58.6,15,1,clothing,0.021,0.143,16.3,0.87,2805,1,0,1,0
49.98,16,6,grocery,0.058,0.348,3.2,0.51,1557,0,0,0,0
34.68,15,3,grocery,0.079,0.03,3.9,1.54,1717,0,0,0,0
162.44,15,1,health_beauty,0.129,0.287,15.0,1.24,1631,0,0,0,0
25.04,15,1,gas_transport,0.043,0.095,1.4,0.85,596,0,0,0,0
30.5,15,4,dining,0.139,0.466,0.1,1.26,2222,0,0,0,0
40.47,10,2,electronics,0.113,0.245,2.8,1.45,3003,0,0,1,0
9.67,17,4,dining,0.441,0.232,12.5,0.85,1918,0,0,1,0
69.89,10,2,dining,0.057,0.182,41.2,1.38,1915,0,0,1,0
30.97,15,1,clothing,0.151,0.267,3.4,0.59,666,0,0,1,0
46.2,13,1,clothing,0.155,0.491,7.4,0.87,3276,0,0,1,0
13.5,20,3,dining,0.107,0.327,9.8,1.27,1761,0,0,1,0
7.57,16,3,entertainment,0.18,0.029,1.5,1.26,2400,0,0,0,0
26.63,13,7,grocery,0.241,0.062,12.2,0.76,3474,0,0,1,0
45.55,18,1,dining,0.076,0.215,0.4,0.71,1905,0,0,1,0
113.85,9,1,dining,0.181,0.052,0.4,0.98,2527,0,0,1,0
74.14,12,3,travel,0.043,0.141,15.6,1.36,1613,0,0,0,0
54.29,10,1,grocery,0.131,0.162,6.3,1.14,1353,0,0,1,0
83.98,16,1,gas_transport,0.144,0.155,1.1,0.94,2184,0,0,0,0
43.32,0,1,grocery,0.161,0.18,17.1,0.7,2632,0,0,0,0
123.87,13,1,electronics,0.078,0.362,1.5,1.12,2907,2,1,0,0
34.04,5,2,utilities,0.068,0.106,1.7,0.97,2888,0,0,1,0
30.22,12,1,electronics,0.083,0.157,5.2,1.35,2309,1,0,1,0
72.38,13,2,clothing,0.09,0.196,14.8,2.18,2114,0,0,1,0
195.8,13,3,grocery,0.292,0.277,0.8,1.14,1113,0,0,0,0
53.65,7,1,electronics,0.01,0.294,12.7,0.59,764,0,1,1,0
74.75,8,2,dining,0.106,0.422,11.8,0.86,903,0,1,1,0
31.68,2,2,utilities,0.217,0.335,11.9,0.72,723,0,0,1,0
65.96,12,1,health_beauty,0.111,0.074,13.3,0.9,1190,0,0,1,0
73.44,19,3,gas_transport,0.212,0.018,9.5,0.8,284,0,0,1,0
59.08,6,1,clothing,0.026,0.016,5.7,0.81,2675,1,1,0,0
103.06,15,2,grocery,0.119,0.102,10.2,1.13,2826,1,0,1,0
47.42,12,1,grocery,0.096,0.01,6.9,0.79,2792,0,0,1,0
28.54,16,3,retail,0.112,0.061,8.0,1.11,2016,0,0,1,0
98.74,16,1,grocery,0.152,0.29,16.0,1.12,3118,0,0,0,0
176.89,15,2,grocery,0.114,0.096,18.3,1.12,3531,0,0,1,0
32.21,18,2,grocery,0.033,0.257,6.1,0.72,1994,0,0,1,0
38.47,12,2,health_beauty,0.105,0.02,3.1,1.34,3490,0,0,1,0
22.88,10,2,dining,0.074,0.163,0.1,0.74,3354,0,1,0,0
18.58,15,1,health_beauty,0.206,0.148,3.7,1.34,1052,0,0,0,0
42.95,15,4,clothing,0.01,0.038,5.1,0.79,3156,0,0,0,0
39.95,23,1,electronics,0.206,0.038,0.9,1.66,829,1,0,1,0
120.0,2,6,travel,0.749,0.854,1659.4,8.61,234,3,1,1,1
59.69,3,1,retail,0.048,0.408,16.4,1.23,2634,0,1,1,0
36.06,6,1,dining,0.011,0.454,24.3,1.19,2871,0,0,0,0
78.85,16,1,gas_transport,0.222,0.157,7.7,0.59,912,0,0,1,0
12.59,17,2,clothing,0.136,0.5,12.8,1.24,497,0,0,0,0
13.64,10,1,grocery,0.23,0.154,3.1,0.93,1209,0,1,1,0
1574.48,1,7,electronics,0.792,0.473,195.1,7.04,45,0,0,1,1
21.48,10,1,gas_transport,0.306,0.345,12.8,0.53,2244,0,0,1,0
6.75,8,3,clothing,0.253,0.147,38.3,0.77,3082,0,0,0,0
99.01,23,2,gas_transport,0.45,0.322,5.2,0.8,2137,0,0,0,0
58.25,9,1,electronics,0.061,0.462,18.4,0.93,2546,0,0,1,0
22.81,10,1,dining,0.027,0.272,4.1,0.81,2673,0,0,1,0
43.71,17,1,grocery,0.214,0.137,15.5,1.26,1015,0,0,1,0
18.71,14,1,gas_transport,0.112,0.223,4.8,0.73,1947,0,0,0,0
59.13,9,2,retail,0.108,0.394,1.4,0.9,723,0,0,1,0
38.01,18,1,grocery,0.053,0.114,20.6,0.83,1457,0,0,0,0
20.67,11,1,electronics,0.158,0.121,8.0,1.3,2757,0,0,1,0
6.05,7,4,entertainment,0.098,0.059,25.0,0.96,2636,0,0,1,0
233.77,10,2,entertainment,0.175,0.349,17.1,1.33,2307,0,0,1,0
15.65,11,2,health_beauty,0.218,0.013,38.0,0.95,242,0,0,1,0
22.95,19,1,electronics,0.022,0.183,16.4,1.23,3211,0,0,0,0
24.18,10,1,dining,0.055,0.119,12.5,0.97,1541,0,0,1,0
88.01,7,3,health_beauty,0.122,0.062,25.4,1.12,2989,0,0,0,0
48.21,8,2,utilities,0.01,0.163,20.8,0.87,570,0,0,0,0
16.31,13,1,gas_transport,0.267,0.261,11.9,0.69,3342,0,0,1,0
125.44,5,4,entertainment,0.055,0.381,2.4,0.51,856,0,0,1,0
25.49,12,1,entertainment,0.016,0.115,7.2,0.97,3581,0,0,0,0
53.21,14,1,dining,0.276,0.308,42.7,0.4,3009,0,0,1,0
28.78,2,1,grocery,0.136,0.133,29.8,1.23,809,0,0,0,0
46.28,16,1,travel,0.123,0.454,2.7,0.88,800,0,0,1,0
65.47,20,1,entertainment,0.295,0.263,5.1,1.28,557,0,0,1,0
161.51,15,2,dining,0.091,0.165,3.8,1.36,2722,0,0,0,0
28.07,10,2,grocery,0.264,0.137,3.0,0.56,1976,0,0,0,0
21.36,16,1,dining,0.134,0.391,32.5,1.2,2661,0,0,1,0
106.06,15,3,retail,0.1,0.131,1.8,1.54,2686,0,0,0,0
9.74,19,2,retail,0.126,0.136,24.1,0.44,329,0,0,0,0
43.55,14,1,clothing,0.067,0.13,2.7,0.99,2824,0,0,0,0
189.71,9,1,retail,0.098,0.327,24.3,0.72,3476,0,0,0,0
1541.51,4,8,retail,0.643,0.685,38.9,3.37,196,2,1,0,1
177.41,9,1,grocery,0.414,0.14,6.8,0.93,2063,0,0,0,0
74.05,12,1,dining,0.233,0.212,27.6,1.66,275,0,0,1,0
14.13,13,2,grocery,0.254,0.071,11.8,0.92,3112,0,0,0,0
258.12,0,7,travel,0.811,0.851,1259.2,9.04,152,1,0,1,1
9.45,11,5,health_beauty,0.146,0.26,3.9,1.29,3477,0,0,0,0
63.85,13,2,grocery,0.089,0.154,16.1,1.29,1232,0,0,1,0
23.91,7,2,grocery,0.257,0.046,2.8,1.05,1473,0,0,1,0
19.85,9,2,gas_transport,0.154,0.177,19.5,1.05,1512,0,0,1,0
34.7,11,2,electronics,0.02,0.227,70.8,0.53,3145,0,0,0,0
23.39,15,3,gas_transport,0.017,0.069,0.7,0.66,2555,0,0,0,0
131.15,6,2,dining,0.014,0.154,15.8,0.98,3293,0,0,0,0
178.44,18,1,clothing,0.093,0.224,1.7,1.37,416,0,0,1,0
51.23,17,1,travel,0.32,0.096,3.4,0.82,2124,0,1,0,0
3371.46,4,10,grocery,0.861,0.807,239.0,5.31,197,1,0,1,1
24.09,2,1,grocery,0.119,0.131,0.4,1.04,3367,0,0,1,0
74.92,18,2,gas_transport,0.035,0.058,4.6,1.08,472,0,0,1,0
116.8,10,2,electronics,0.29,0.093,5.9,0.79,1796,0,0,1,0
44.98,14,1,gas_transport,0.309,0.164,6.5,1.08,1958,0,0,1,0
28.76,7,2,clothing,0.45,0.102,36.4,1.15,2075,1,0,1,0
120.0,0,3,travel,0.8,0.884,1157.7,7.26,120,2,1,1,1
54.49,20,3,entertainment,0.151,0.036,12.1,1.35,3207,0,0,0,0
27.74,20,2,dining,0.099,0.258,33.0,1.05,1783,0,0,0,0
92.84,17,1,clothing,0.158,0.055,29.3,1.45,2680,0,1,0,0
28.92,11,2,clothing,0.036,0.033,37.1,0.69,3443,0,0,1,0
114.08,11,1,travel,0.222,0.123,11.4,1.35,2570,0,0,0,0
69.71,10,1,health_beauty,0.129,0.243,17.6,1.18,3371,0,0,0,0
784.65,1,8,electronics,0.836,0.952,250.0,4.76,12,1,0,1,1
23.37,8,2,travel,0.017,0.086,9.7,1.2,542,0,0,0,0
44.6,16,3,grocery,0.073,0.156,3.6,0.64,3273,0,0,1,0
75.92,7,2,clothing,0.174,0.318,3.2,1.1,2793,0,0,1,0
28.13,16,2,travel,0.274,0.189,20.8,0.57,271,0,0,1,0
12.75,20,2,travel,0.175,0.064,13.0,0.91,1043,0,0,0,0
30.87,10,1,electronics,0.157,0.095,2.2,0.68,1554,0,0,0,0
41.82,19,1,clothing,0.061,0.068,25.9,1.07,1785,0,0,0,0
47.36,17,8,dining,0.022,0.221,2.5,1.12,2857,0,0,1,0
89.32,18,1,grocery,0.181,0.024,34.7,0.98,3212,0,0,0,0
40.16,14,1,grocery,0.017,0.112,4.5,1.27,2340,0,1,1,0
55.42,14,1,grocery,0.015,0.164,4.1,1.04,2317,0,0,1,0
48.86,7,1,grocery,0.088,0.5,5.2,0.65,1451,1,0,1,0
29.23,8,1,grocery,0.371,0.016,6.1,1.3,1534,0,0,0,0
10.83,11,2,grocery,0.054,0.242,10.6,1.5,1050,0,0,1,0
5.14,14,1,electronics,0.013,0.398,10.3,1.21,3403,0,0,1,0
121.48,12,2,grocery,0.023,0.061,9.5,0.9,1938,0,1,1,0
20.43,13,1,grocery,0.074,0.118,0.5,0.89,2086,0,0,1,0
16.44,9,1,travel,0.136,0.106,5.0,1.17,1659,0,0,0,0
63.21,9,1,health_beauty,0.114,0.029,5.6,1.23,300,0,0,0,0
38.15,8,1,dining,0.031,0.5,11.8,0.64,2684,0,0,0,0
43.92,16,1,dining,0.062,0.149,5.3,1.61,3251,0,0,1,0
417.28,9,1,health_beauty,0.318,0.197,2.2,0.91,2881,0,0,1,0
50.02,9,2,dining,0.139,0.245,9.0,0.69,2039,0,0,0,0
30.83,15,1,clothing,0.094,0.275,10.1,1.65,3037,0,0,1,0
45.13,21,1,dining,0.145,0.031,10.4,0.47,455,0,0,0,0
10.8,16,1,gas_transport,0.01,0.339,0.6,0.87,2734,0,0,1,0
58.31,19,1,entertainment,0.085,0.2,5.3,1.26,1458,0,1,0,0
35.15,14,5,health_beauty,0.027,0.295,16.0,0.79,609,0,0,1,0
28.94,6,1,electronics,0.137,0.145,3.0,1.18,2639,0,0,1,0
54.92,11,1,gas_transport,0.288,0.25,27.3,0.43,1091,0,0,0,0
81.77,16,1,dining,0.235,0.047,9.4,1.03,825,0,1,0,0
41.24,16,1,clothing,0.169,0.035,10.5,0.48,2193,0,0,0,0
102.65,16,3,gas_transport,0.031,0.129,2.9,0.67,2364,0,0,1,0
24.57,12,1,grocery,0.018,0.216,0.1,1.37,3266,0,0,1,0
95.87,8,1,health_beauty,0.178,0.246,22.2,1.23,422,0,0,0,0
114.98,18,4,dining,0.172,0.477,1.8,1.45,1866,0,0,1,0
78.18,20,1,grocery,0.247,0.039,3.1,0.82,1586,0,0,0,0
16.47,11,1,gas_transport,0.023,0.266,18.2,1.22,1452,0,0,0,0
36.36,6,1,dining,0.09,0.147,3.8,0.96,2041,1,0,1,0
54.33,22,1,dining,0.317,0.116,1.7,0.84,574,0,0,0,0
20.11,4,1,entertainment,0.075,0.383,3.9,1.3,2952,0,0,1,0
41.62,15,1,health_beauty,0.116,0.074,6.8,1.36,2659,0,0,1,0
90.34,10,2,gas_transport,0.124,0.051,5.8,1.54,2087,0,0,1,0
60.94,15,1,grocery,0.126,0.01,26.2,0.92,3528,0,0,1,0
87.96,23,3,grocery,0.069,0.343,2.4,1.15,792,0,1,1,0
120.0,0,7,travel,0.608,0.859,26.5,4.46,61,2,1,1,1
51.35,11,4,travel,0.07,0.239,23.9,0.42,2164,1,0,1,0
66.35,13,3,gas_transport,0.118,0.146,1.0,0.68,2782,0,0,1,0
163.88,15,3,clothing,0.094,0.028,58.5,0.43,1673,0,0,1,0
34.56,7,1,travel,0.01,0.174,7.5,0.97,2615,0,1,1,0
33.33,9,1,grocery,0.45,0.066,10.3,0.7,2371,0,0,0,0
45.36,8,4,health_beauty,0.334,0.392,62.5,0.68,1066,0,0,0,0
535.1,2,10,travel,0.817,0.671,629.8,4.34,85,0,0,1,1
24.86,16,1,gas_transport,0.076,0.033,6.3,0.81,1884,0,1,1,0
44.58,1,3,dining,0.43,0.331,15.3,1.31,3529,0,0,0,0
5.0,6,1,gas_transport,0.141,0.061,3.6,1.08,3187,0,0,1,0
120.0,0,13,electronics,0.557,0.586,1174.5,5.96,350,4,1,1,1
20.19,16,4,dining,0.113,0.436,8.2,1.46,210,0,0,1,0
71.84,5,1,health_beauty,0.022,0.13,22.7,0.83,1255,0,0,0,0
39.61,13,1,gas_transport,0.19,0.134,11.1,1.66,2046,0,0,1,0
50.49,16,4,dining,0.078,0.168,11.8,0.62,1705,0,0,0,0
24.03,0,1,dining,0.046,0.483,22.5,1.14,3162,0,0,1,0
4763.61,0,6,clothing,0.671,0.673,431.0,8.64,18,3,1,1,1
45.89,7,4,grocery,0.055,0.345,1.5,0.76,3287,0,0,1,0
25.83,14,2,electronics,0.111,0.232,0.8,1.19,3362,0,0,1,0
22.4,10,2,gas_transport,0.44,0.315,7.0,1.0,1599,0,0,0,0
34.87,18,3,utilities,0.036,0.174,27.1,1.37,1389,0,0,1,0
107.27,20,1,dining,0.01,0.103,3.0,1.08,1938,0,0,0,0
3632.38,7,8,electronics,0.588,0.651,923.1,10.35,269,2,0,1,1
995.86,15,6,electronics,0.843,0.672,651.3,5.57,92,1,1,1,1
29.14,19,1,dining,0.133,0.031,26.7,1.2,1975,0,0,1,0
35.49,16,1,grocery,0.085,0.42,20.9,0.92,242,0,0,0,0
38.93,12,1,dining,0.059,0.061,16.2,0.9,3262,0,0,0,0
25.39,18,1,dining,0.039,0.101,6.5,1.19,2287,0,0,1,0
50.38,16,3,grocery,0.075,0.212,9.6,1.09,3008,0,0,1,0
116.24,8,2,clothing,0.124,0.23,3.5,0.9,1590,0,0,0,0
31.15,18,1,entertainment,0.155,0.425,10.2,1.31,2519,0,0,0,0
8.92,15,1,travel,0.151,0.111,4.8,1.08,952,0,0,1,0
29.65,6,1,entertainment,0.15,0.137,0.4,1.41,945,0,0,1,0
253.75,20,5,grocery,0.148,0.082,2.7,1.28,1301,0,0,1,0
224.99,12,7,clothing,0.799,0.744,1373.4,8.05,468,2,1,1,1
40.26,15,1,entertainment,0.036,0.112,7.5,1.08,1662,0,0,1,0
63.6,23,1,gas_transport,0.084,0.043,1.1,0.86,622,0,0,1,0
68.08,17,3,grocery,0.093,0.012,0.6,0.65,569,0,0,1,0
188.63,8,1,grocery,0.071,0.398,7.2,0.92,3174,0,1,0,0
277.89,23,10,clothing,0.901,0.903,2154.4,1.8,255,1,1,0,1
4199.52,6,6,electronics,0.83,0.908,3650.6,7.79,39,0,1,1,1
47.04,13,3,grocery,0.253,0.116,24.8,0.93,2082,1,0,0,0
8.84,12,4,gas_transport,0.161,0.059,12.0,1.37,3489,0,0,1,0
19.88,7,1,dining,0.11,0.228,8.4,1.33,410,0,0,1,0
33.8,18,2,travel,0.169,0.168,4.8,1.53,2666,0,0,1,0
28.8,13,3,utilities,0.096,0.307,20.3,0.86,3297,0,0,0,0
123.71,8,1,grocery,0.018,0.051,12.1,1.24,1828,0,0,1,0
104.83,5,1,dining,0.082,0.112,11.6,1.06,2585,0,0,1,0
16.42,11,1,grocery,0.091,0.08,23.4,1.32,837,0,0,0,0
9.58,9,3,gas_transport,0.036,0.303,10.9,0.98,2598,0,0,1,0
95.33,14,3,grocery,0.192,0.277,4.0,1.01,917,0,0,0,0
229.86,7,4,health_beauty,0.01,0.091,25.7,1.15,2961,0,0,1,0
46.04,18,5,dining,0.013,0.327,20.9,0.72,1152,0,0,0,0
78.85,20,2,gas_transport,0.042,0.073,11.6,1.05,2850,0,0,0,0
48.86,10,1,grocery,0.386,0.078,14.0,0.93,1428,0,0,0,0
46.77,14,1,gas_transport,0.103,0.054,13.0,0.9,1114,0,0,0,0
21.1,19,3,utilities,0.081,0.161,31.6,1.0,2486,0,0,0,0
73.57,20,1,entertainment,0.021,0.227,21.9,1.03,2888,0,0,1,0
35.0,16,3,retail,0.01,0.166,6.8,0.58,2683,0,0,1,0
35.77,15,1,health_beauty,0.025,0.238,4.6,0.6,3191,0,0,0,0
80.5,15,1,gas_transport,0.145,0.154,41.6,1.41,3054,0,1,1,0
97.74,5,4,grocery,0.124,0.049,1.5,0.91,2911,1,0,1,0
21.84,13,4,grocery,0.05,0.147,1.5,0.82,2077,0,0,0,0
18.6,10,2,entertainment,0.012,0.244,10.7,1.06,1158,0,0,0,0
64.98,12,1,grocery,0.01,0.21,2.1,1.12,2133,0,0,1,0
38.63,13,1,clothing,0.168,0.069,2.7,0.47,2989,0,0,0,0
11.77,10,1,health_beauty,0.057,0.095,34.7,1.16,2791,0,0,0,0
42.47,6,6,dining,0.103,0.255,14.1,1.44,1536,0,0,1,0
123.93,7,3,gas_transport,0.06,0.14,6.2,0.65,2567,0,0,1,0
53.8,10,1,grocery,0.024,0.178,0.1,1.5,230,0,0,1,0
47.48,7,1,electronics,0.15,0.071,1.2,0.89,950,0,0,0,0
297.5,10,4,entertainment,0.103,0.089,0.8,0.8,1196,0,0,0,0
72.95,9,2,clothing,0.074,0.311,7.5,1.08,2438,0,0,1,0
25.05,17,1,grocery,0.038,0.163,9.3,0.53,615,0,0,1,0
56.65,10,3,electronics,0.06,0.087,1.2,1.32,404,1,0,0,0
78.69,9,1,entertainment,0.263,0.294,1.4,0.2,2369,0,0,0,0
41.62,11,2,dining,0.141,0.054,2.9,0.51,1309,0,0,1,0
57.0,15,1,gas_transport,0.041,0.068,9.3,0.85,951,0,0,0,0
151.78,13,1,electronics,0.023,0.245,8.0,0.89,3325,0,0,0,0
78.13,14,1,gas_transport,0.163,0.187,22.4,0.38,579,0,0,0,0
24.34,11,1,dining,0.041,0.135,49.2,1.2,1079,1,0,0,0
101.86,11,1,entertainment,0.091,0.07,10.0,0.98,3221,0,0,0,0
77.41,5,1,gas_transport,0.114,0.222,2.0,0.75,2854,1,0,0,0
28.44,17,1,grocery,0.062,0.279,6.9,1.19,1805,0,0,0,0
32.76,15,2,retail,0.036,0.207,12.4,0.68,2286,0,0,1,0
81.23,16,1,travel,0.089,0.113,7.2,1.33,257,0,0,0,0
22.02,23,2,grocery,0.17,0.107,48.6,1.23,273,0,1,1,0
22.14,15,1,clothing,0.248,0.148,5.8,0.78,1257,0,0,1,0
64.03,11,4,gas_transport,0.06,0.241,26.8,1.22,220,0,0,0,0
101.25,11,1,utilities,0.287,0.275,2.3,0.44,2448,0,0,1,0
102.33,10,1,travel,0.299,0.164,1.1,1.09,617,0,0,0,0
31.28,10,2,dining,0.03,0.299,13.6,0.87,1315,0,0,0,0
63.39,12,1,gas_transport,0.221,0.116,4.0,1.04,2764,0,0,1,0
21.25,6,2,electronics,0.025,0.161,3.8,1.29,2244,0,0,1,0
9.27,15,1,gas_transport,0.327,0.044,13.1,0.69,3109,0,0,1,0
31.72,5,5,dining,0.032,0.106,1.6,0.74,3566,0,0,0,0
402.71,7,6,electronics,0.935,0.759,905.5,4.27,1,1,0,1,1
87.75,13,1,entertainment,0.127,0.489,11.7,1.27,2769,0,0,1,0
19.68,19,1,dining,0.01,0.335,5.5,1.28,1524,1,0,1,0
13.7,12,1,gas_transport,0.225,0.5,4.6,1.15,1595,0,0,1,0
32.15,11,1,grocery,0.391,0.5,3.2,1.3,1708,0,0,1,0
37.05,4,2,clothing,0.104,0.233,5.4,0.93,291,0,0,0,0
873.5,4,4,entertainment,0.792,0.374,438.2,3.23,184,2,0,1,1
31.84,5,1,dining,0.147,0.5,2.3,1.38,543,0,0,1,0
47.36,14,2,grocery,0.115,0.32,14.0,0.58,2646,0,1,1,0
24.37,14,1,grocery,0.218,0.042,9.2,0.79,3050,0,0,0,0
23.94,11,3,health_beauty,0.101,0.195,0.7,1.08,1966,0,0,0,0
25.34,9,3,grocery,0.159,0.069,3.1,1.31,1645,0,0,1,0
44.71,7,1,gas_transport,0.031,0.221,9.0,0.68,1960,0,1,1,0
66.21,14,3,health_beauty,0.115,0.083,12.0,1.21,1095,0,0,1,0
26.08,19,2,electronics,0.29,0.215,2.1,1.2,3308,0,0,1,0
97.58,8,1,clothing,0.099,0.124,12.4,1.25,2008,0,0,0,0
21.39,11,2,gas_transport,0.139,0.142,1.6,0.85,2039,0,0,1,0
7.18,8,2,clothing,0.091,0.33,0.1,1.48,822,1,0,0,0
291.56,12,3,grocery,0.101,0.051,2.6,1.6,901,0,0,1,0
30.48,15,3,grocery,0.245,0.064,46.9,1.12,2755,0,0,1,0
44.71,15,4,retail,0.168,0.16,1.2,1.23,1260,2,1,1,0
144.22,19,2,clothing,0.105,0.299,2.3,1.29,1581,0,0,0,0
139.1,20,2,dining,0.17,0.057,13.4,1.14,841,0,0,0,0
12.69,15,2,dining,0.27,0.099,13.5,0.89,1460,0,0,1,0
9.19,8,1,grocery,0.112,0.139,1.3,1.32,2472,0,0,1,0
43.53,12,2,gas_transport,0.055,0.221,1.1,1.29,2279,0,0,1,0
104.44,9,3,entertainment,0.038,0.112,5.1,0.97,2792,0,1,1,0
39.57,18,1,dining,0.023,0.024,77.5,1.28,2856,0,0,1,0
88.81,18,5,clothing,0.082,0.24,22.5,1.92,3201,0,0,1,0
136.12,14,3,grocery,0.163,0.186,0.6,0.91,2193,1,0,0,0
39.07,10,2,electronics,0.245,0.305,7.7,0.75,2410,0,0,1,0
70.33,18,2,dining,0.023,0.238,6.1,1.06,1414,0,0,0,0
120.0,2,6,electronics,0.718,0.785,60.9,1.8,39,2,1,1,1
25.4,19,1,retail,0.034,0.148,9.4,1.05,2601,0,0,0,0
33.57,14,2,dining,0.044,0.313,6.7,0.77,2200,0,0,0,0
18.23,11,3,grocery,0.033,0.348,2.6,1.55,3101,0,0,1,0
130.11,16,1,grocery,0.09,0.076,31.8,1.62,1422,0,0,0,0
24.56,2,3,electronics,0.141,0.029,8.5,1.22,3359,0,0,0,0
33.68,16,1,gas_transport,0.04,0.213,5.0,1.36,1390,0,0,1,0
93.89,12,3,health_beauty,0.035,0.29,24.1,1.35,1209,0,0,1,0
52.92,15,2,gas_transport,0.062,0.181,17.2,0.72,223,0,0,0,0
83.0,7,1,grocery,0.072,0.222,3.4,0.99,1547,0,0,0,0
10.33,14,1,retail,0.132,0.235,14.3,1.13,2632,0,0,1,0
231.65,16,3,health_beauty,0.045,0.288,10.0,1.45,2993,0,0,0,0
55.68,16,1,clothing,0.098,0.233,24.6,0.84,456,0,0,1,0
47.62,1,1,entertainment,0.01,0.122,14.7,1.34,1039,0,0,1,0
21.49,18,2,gas_transport,0.041,0.147,2.5,1.03,3106,0,0,1,0
53.11,10,2,grocery,0.183,0.126,39.7,0.99,268,0,0,0,0
94.94,7,2,gas_transport,0.13,0.025,16.4,1.32,922,0,0,1,0
291.91,12,7,retail,0.775,0.732,585.6,2.43,95,3,1,1,1
52.54,6,1,grocery,0.038,0.207,12.4,1.25,1380,0,0,1,0
125.61,15,1,retail,0.067,0.01,9.1,0.55,3153,0,0,0,0
40.2,20,1,utilities,0.296,0.154,18.2,1.49,1548,0,0,0,0
139.27,6,3,gas_transport,0.019,0.097,6.9,1.13,1336,0,0,1,0
94.35,18,1,dining,0.128,0.134,8.0,0.71,1913,0,0,0,0
32.85,13,1,grocery,0.062,0.209,11.1,1.18,2344,0,0,1,0
62.01,9,2,electronics,0.075,0.06,5.3,1.24,2372,0,0,0,0
20.75,16,2,health_beauty,0.078,0.087,6.8,0.62,2506,0,1,1,0
22.01,11,1,grocery,0.015,0.292,12.5,1.34,2955,0,1,0,0
17.43,17,3,utilities,0.142,0.448,41.5,1.06,2625,0,0,1,0
97.75,7,2,grocery,0.445,0.437,1.2,0.58,1132,0,0,1,0
14.33,10,2,entertainment,0.156,0.041,31.2,0.84,188,0,0,0,0
20.29,8,1,grocery,0.073,0.25,3.2,1.0,2044,0,0,1,0
67.7,13,2,gas_transport,0.165,0.214,8.3,0.73,3413,0,0,1,0
105.64,10,1,entertainment,0.308,0.086,20.1,1.31,3087,1,0,1,0
42.28,15,1,dining,0.257,0.174,2.7,0.92,348,0,0,1,0
68.27,11,1,clothing,0.07,0.245,2.9,1.15,2995,1,0,1,0
50.27,17,2,utilities,0.057,0.164,44.3,0.97,1915,0,0,0,0
43.54,11,1,clothing,0.056,0.202,0.8,0.83,919,0,0,1,0
14.98,9,5,health_beauty,0.017,0.219,18.8,1.38,556,0,1,1,0
30.78,11,1,clothing,0.238,0.219,0.1,0.72,1818,0,0,0,0
113.44,14,1,gas_transport,0.22,0.145,6.4,0.34,1005,0,0,0,0
30.9,13,3,grocery,0.061,0.117,6.2,1.53,3532,0,0,1,0
47.21,9,4,grocery,0.107,0.157,6.3,1.29,1465,0,0,1,0
109.7,11,1,grocery,0.075,0.029,5.6,0.98,3172,0,0,1,0
152.7,1,1,gas_transport,0.137,0.154,7.8,1.26,2049,0,0,1,0
66.23,13,1,grocery,0.133,0.066,40.2,0.58,2586,0,1,1,0
14.37,10,2,grocery,0.014,0.238,15.7,1.13,2677,0,0,1,0
32.69,22,1,grocery,0.045,0.08,8.1,0.92,3134,0,0,1,0
2383.82,2,11,retail,0.585,0.635,1741.0,8.27,90,3,0,1,1
73.51,6,2,clothing,0.018,0.5,3.2,1.02,2669,1,0,0,0
22.71,17,2,travel,0.103,0.258,27.4,0.37,2429,0,0,1,0
23.43,8,1,electronics,0.036,0.301,5.4,0.83,2359,0,0,0,0
306.45,21,8,electronics,0.639,0.812,267.4,8.69,152,2,0,1,1
28.2,20,3,gas_transport,0.224,0.01,57.6,1.15,2632,0,0,0,0
86.58,11,4,grocery,0.089,0.244,5.0,1.18,2962,0,0,1,0
40.82,8,4,grocery,0.179,0.16,4.1,1.05,3516,0,0,1,0
31.54,7,1,dining,0.043,0.1,2.9,1.35,2938,0,1,1,0
71.48,19,3,dining,0.086,0.23,1.6,1.25,265,0,0,1,0
6.53,2,1,gas_transport,0.126,0.236,3.5,0.88,3593,0,0,1,0
200.37,9,1,electronics,0.103,0.239,4.0,1.25,1791,0,0,1,0
34.18,8,4,grocery,0.143,0.5,7.7,0.8,2329,0,0,1,0
31.33,11,2,health_beauty,0.024,0.186,1.7,0.51,1957,2,0,0,0
91.24,10,1,grocery,0.159,0.016,12.7,0.7,1027,0,0,1,0
32.11,13,4,entertainment,0.048,0.213,6.5,0.81,1996,0,0,0,0
19.83,17,2,gas_transport,0.358,0.172,10.0,1.19,2137,0,0,1,0
63.95,14,1,dining,0.02,0.217,18.1,1.16,483,0,0,1,0
67.23,18,3,gas_transport,0.215,0.175,2.3,1.04,1299,0,0,0,0
18.84,4,3,clothing,0.163,0.098,10.6,1.08,1010,0,0,0,0
36.69,7,2,electronics,0.175,0.05,19.7,0.97,3458,0,0,1,0
516.28,16,6,electronics,0.702,0.936,263.6,12.92,73,2,1,1,1
35.5,8,2,gas_transport,0.036,0.198,39.1,0.93,1365,0,0,1,0
10.76,9,2,health_beauty,0.39,0.12,24.2,0.91,3220,0,0,0,0
19.66,17,3,gas_transport,0.01,0.05,0.2,0.52,3593,1,0,0,0
133.66,11,3,entertainment,0.26,0.174,5.6,1.15,2332,0,0,0,0
75.92,13,1,gas_transport,0.272,0.343,5.9,0.83,2108,0,0,1,0
40.33,7,1,entertainment,0.11,0.289,14.9,1.18,560,1,0,0,0
189.51,15,2,grocery,0.09,0.395,8.6,0.88,2292,0,0,1,0
20.97,18,1,grocery,0.116,0.03,3.2,0.85,1815,0,0,0,0
81.67,13,1,gas_transport,0.437,0.118,11.8,1.34,686,0,0,1,0
116.33,9,1,dining,0.01,0.184,52.8,0.87,2238,0,0,1,0
27.99,18,4,dining,0.341,0.037,0.4,0.71,2550,0,0,0,0
173.83,7,3,travel,0.268,0.154,35.9,1.43,943,0,0,0,0
5.0,9,2,grocery,0.064,0.096,4.4,0.71,776,0,0,1,0
164.15,9,2,dining,0.011,0.042,5.6,1.5,3147,0,0,1,0
36.71,8,1,gas_transport,0.029,0.191,17.5,1.05,3121,0,0,0,0
99.03,18,1,dining,0.397,0.134,3.5,1.38,1242,0,0,1,0
24.82,16,1,travel,0.08,0.101,20.6,1.26,1365,0,0,0,0
52.21,12,2,grocery,0.071,0.138,3.3,1.45,1035,0,0,0,0
11.19,12,1,grocery,0.01,0.043,1.9,1.12,657,0,0,1,0
31.69,16,3,dining,0.173,0.221,2.0,1.15,2808,1,0,1,0
66.83,5,2,dining,0.22,0.057,9.1,1.35,2182,0,0,0,0
150.8,0,2,dining,0.428,0.301,1.4,1.15,3361,0,0,1,0
23.57,8,3,dining,0.074,0.043,7.4,0.77,1567,0,0,1,0
85.15,9,1,utilities,0.125,0.355,8.0,1.52,481,0,1,1,0
69.96,13,1,gas_transport,0.031,0.131,11.7,1.23,816,0,0,1,0
47.55,18,4,grocery,0.046,0.321,8.6,1.02,1670,0,0,0,0
38.19,4,1,health_beauty,0.223,0.021,0.1,1.25,2807,0,0,1,0
162.36,18,1,retail,0.062,0.18,5.9,0.79,2228,0,0,1,0
65.5,16,3,health_beauty,0.038,0.149,21.5,1.17,2818,0,0,0,0
46.73,16,1,grocery,0.126,0.044,37.7,1.05,687,0,0,0,0
26.85,14,4,dining,0.199,0.245,7.2,0.83,1941,0,0,1,0
153.5,7,1,clothing,0.052,0.147,18.4,0.95,2115,0,0,1,0
76.39,6,2,retail,0.306,0.174,2.6,0.69,1843,0,0,0,0
89.6,14,6,travel,0.143,0.228,12.6,0.8,3415,0,0,1,0
28.24,15,1,dining,0.192,0.036,1.4,0.88,316,0,0,0,0
153.58,18,4,health_beauty,0.029,0.286,1.0,1.07,788,0,0,0,0
26.34,10,2,gas_transport,0.116,0.046,15.0,1.22,2588,0,0,0,0
100.72,14,1,dining,0.138,0.124,39.3,1.57,952,0,1,1,0
38.42,19,1,grocery,0.115,0.151,3.0,1.06,2223,0,0,0,0
57.11,0,5,dining,0.118,0.137,13.7,0.94,997,0,0,1,0
63.89,12,1,health_beauty,0.029,0.014,4.8,0.58,1733,0,0,0,0
41.34,9,1,grocery,0.176,0.331,3.3,1.05,990,1,0,1,0
32.47,15,2,gas_transport,0.129,0.347,2.5,1.02,2717,0,0,1,0
93.78,15,6,retail,0.126,0.313,6.4,0.43,3295,0,0,0,0
84.2,3,2,gas_transport,0.037,0.056,14.1,1.26,3372,0,0,1,0
20.64,0,1,grocery,0.088,0.363,40.6,1.28,987,0,0,0,0
99.04,5,1,travel,0.146,0.165,21.0,1.11,2194,0,0,1,0
75.33,15,1,grocery,0.05,0.033,5.8,0.76,1752,0,0,1,0
85.78,12,1,utilities,0.197,0.01,5.2,1.42,193,1,0,0,0
57.34,20,2,electronics,0.054,0.156,19.8,0.53,1672,0,0,0,0
755.37,1,11,electronics,0.728,0.955,251.4,7.69,76,3,0,1,1
37.12,19,3,dining,0.022,0.064,28.6,0.79,2114,0,0,1,0
187.26,12,8,electronics,0.79,0.862,652.4,3.49,109,0,0,1,1
90.14,9,1,gas_transport,0.01,0.085,17.1,1.07,313,0,0,0,0
36.08,15,3,clothing,0.064,0.194,22.9,0.59,2794,0,0,0,0
1091.57,5,6,electronics,0.463,0.818,614.5,3.08,160,4,1,1,1
180.67,15,1,dining,0.096,0.172,32.6,1.01,2153,0,0,1,0
32.88,17,1,retail,0.125,0.374,15.4,1.02,1374,0,0,0,0
36.67,17,1,retail,0.154,0.018,9.4,1.28,2518,0,0,1,0
10.84,8,1,dining,0.163,0.104,4.4,0.84,3257,0,0,0,0
12.59,15,1,electronics,0.065,0.5,35.0,1.07,3220,1,0,1,0
24.99,3,3,gas_transport,0.234,0.483,2.3,0.72,3407,0,0,1,0
41.66,15,1,clothing,0.1,0.202,6.6,0.94,3360,0,0,0,0
12.5,14,3,utilities,0.035,0.035,8.7,0.85,2930,0,0,1,0
45.06,20,1,grocery,0.01,0.059,0.2,1.05,3196,0,0,1,0
32.85,10,1,grocery,0.125,0.173,6.2,1.33,2696,0,0,1,0
165.35,11,3,grocery,0.133,0.122,7.7,0.56,2012,0,0,0,0
220.64,12,1,grocery,0.133,0.099,2.7,0.86,679,0,1,1,0
196.69,20,4,clothing,0.314,0.132,9.3,0.97,2727,0,0,1,0
75.93,14,1,dining,0.068,0.264,3.5,1.46,1600,0,0,0,0
546.93,2,10,grocery,0.906,0.794,194.6,7.31,76,1,1,1,1
66.46,13,1,grocery,0.089,0.117,3.9,1.41,521,0,0,1,0
80.32,11,1,health_beauty,0.112,0.021,20.0,0.54,1096,0,0,0,0
45.2,5,4,retail,0.117,0.272,23.0,0.89,717,0,0,1,0
59.99,16,1,retail,0.038,0.078,9.7,0.94,3528,0,0,1,0
15.53,13,2,dining,0.01,0.062,16.7,1.08,1676,0,0,1,0
37.35,12,1,gas_transport,0.274,0.178,11.6,1.09,217,0,0,1,0
800.69,2,7,clothing,0.899,0.704,774.9,5.61,202,3,1,1,1
13.99,8,2,gas_transport,0.07,0.264,2.3,1.07,739,0,0,0,0
18.24,8,1,gas_transport,0.119,0.087,24.8,1.7,2680,0,0,1,0
32.25,15,1,dining,0.112,0.235,10.5,0.62,1760,0,0,1,0
31.07,12,3,entertainment,0.371,0.153,1.2,0.58,2461,0,0,0,0
20.53,9,1,health_beauty,0.168,0.07,8.3,0.69,412,0,0,1,0
42.97,7,1,dining,0.033,0.043,9.2,1.28,1698,0,0,0,0
50.12,8,1,travel,0.023,0.437,8.0,0.77,1283,0,0,0,0
41.94,9,4,clothing,0.313,0.125,4.3,1.16,2932,0,0,0,0
71.87,15,1,dining,0.012,0.022,16.5,1.19,3309,0,0,0,0
77.81,8,3,travel,0.01,0.072,10.5,0.89,2291,0,0,1,0
99.1,6,4,health_beauty,0.117,0.148,7.7,0.71,482,0,0,0,0
88.11,9,1,health_beauty,0.134,0.131,4.0,1.07,2525,0,0,1,0
75.54,10,2,clothing,0.042,0.226,1.6,0.66,3505,0,0,1,0
29.03,17,3,grocery,0.01,0.033,22.3,1.12,2031,0,0,1,0
20.66,8,6,gas_transport,0.049,0.205,0.5,1.17,2541,0,0,1,0
22.7,12,2,retail,0.038,0.072,13.5,0.99,3282,0,0,1,0
40.82,20,1,gas_transport,0.21,0.192,16.0,0.33,3323,0,0,1,0
15.62,17,1,travel,0.111,0.411,17.9,1.25,1166,0,0,1,0
25.47,12,3,entertainment,0.187,0.103,25.3,0.8,3520,1,0,0,0
32.07,11,2,grocery,0.177,0.276,41.0,1.09,3085,0,0,1,0
28.13,18,1,entertainment,0.19,0.158,0.1,1.27,2757,0,0,1,0
101.7,15,4,dining,0.01,0.163,11.4,0.62,3377,0,0,0,0
18.58,13,2,gas_transport,0.128,0.115,32.3,0.9,921,0,0,0,0
67.25,11,3,retail,0.015,0.165,32.6,1.75,557,0,0,0,0
24.7,5,3,grocery,0.028,0.213,8.4,0.67,2829,0,0,0,0
78.54,14,1,retail,0.14,0.147,13.8,0.89,3406,0,0,1,0
33.33,17,1,health_beauty,0.106,0.273,13.4,0.76,3439,0,0,0,0
52.06,14,1,electronics,0.107,0.5,3.5,0.73,576,0,0,0,0
42.95,20,1,grocery,0.057,0.18,27.0,0.91,763,0,0,1,0
131.74,14,4,gas_transport,0.01,0.302,25.9,0.93,509,0,0,0,0
103.05,18,3,dining,0.039,0.035,0.6,0.71,940,0,0,0,0
41.38,9,1,electronics,0.17,0.047,19.4,1.5,3581,0,1,1,0
8.52,15,3,grocery,0.029,0.269,4.8,0.42,2378,0,0,1,0
36.32,15,1,utilities,0.083,0.413,10.3,0.72,793,0,0,1,0
153.33,19,1,dining,0.263,0.208,1.8,1.18,3114,0,0,0,0
25.98,16,3,health_beauty,0.324,0.5,7.4,1.13,2007,0,0,0,0
57.57,7,3,grocery,0.359,0.073,9.0,1.0,2071,0,0,0,0
25.06,13,2,dining,0.297,0.024,15.5,1.18,2025,0,0,1,0
75.25,7,1,grocery,0.131,0.012,8.9,0.87,1762,0,0,1,0
44.62,6,1,grocery,0.108,0.039,20.7,1.42,1967,0,0,0,0
53.27,1,1,dining,0.225,0.38,3.3,0.9,643,0,0,0,0
31.84,8,1,retail,0.124,0.137,1.8,1.35,2116,0,0,1,0
13.93,16,2,gas_transport,0.089,0.076,6.4,0.94,1688,1,0,0,0
232.26,8,4,grocery,0.026,0.401,15.0,0.53,2991,0,0,1,0
13.63,18,1,clothing,0.014,0.159,4.2,0.88,183,0,0,1,0
61.54,12,1,electronics,0.018,0.165,16.4,1.26,2112,0,0,0,0
47.77,19,1,travel,0.014,0.236,2.4,1.39,926,0,0,1,0
33.6,13,3,dining,0.233,0.25,1.4,0.98,1790,0,0,0,0
99.12,12,1,grocery,0.192,0.171,1.3,1.09,552,1,0,0,0
16.71,12,1,health_beauty,0.154,0.15,2.9,0.94,539,0,0,1,0
40.82,14,1,gas_transport,0.174,0.01,9.3,0.74,3510,0,0,0,0
37.21,13,1,grocery,0.338,0.389,6.0,1.06,2796,0,0,0,0
19.8,1,2,clothing,0.094,0.01,13.9,0.88,2629,0,0,1,0
70.13,9,2,electronics,0.187,0.068,16.2,0.73,1463,0,0,0,0
37.5,16,1,gas_transport,0.039,0.36,5.3,1.21,1672,0,1,0,0
30.4,16,4,entertainment,0.113,0.026,25.8,1.05,2269,0,0,1,0
787.89,4,2,travel,0.445,0.577,994.0,7.98,64,3,1,1,1
36.08,12,4,gas_transport,0.137,0.013,5.2,1.47,3134,0,0,0,0
62.67,17,3,dining,0.157,0.162,1.3,1.23,275,0,0,1,0
27.48,19,2,dining,0.064,0.252,8.5,0.76,3212,0,0,0,0
24.33,14,1,grocery,0.113,0.155,0.6,0.86,2551,0,0,1,0
107.07,22,2,grocery,0.139,0.066,15.5,1.38,2756,0,0,0,0
36.61,3,1,electronics,0.01,0.251,27.5,1.25,2866,0,0,0,0
56.53,14,1,health_beauty,0.053,0.11,10.9,0.91,1624,0,0,0,0
28.92,17,1,grocery,0.049,0.087,12.9,0.62,987,0,0,0,0
115.67,10,4,travel,0.137,0.144,1.0,1.19,1698,0,1,0,0
24.84,6,1,health_beauty,0.025,0.5,3.8,0.86,751,0,0,0,0
49.58,14,1,entertainment,0.056,0.061,15.1,0.71,740,0,0,1,0
145.77,9,1,gas_transport,0.01,0.139,8.0,1.17,1339,0,0,1,0
36.34,18,1,clothing,0.033,0.431,8.0,0.93,912,0,0,1,0
37.23,8,1,grocery,0.07,0.212,42.5,1.06,1250,0,0,1,0
155.56,20,3,entertainment,0.154,0.18,4.6,1.06,1744,0,0,0,0
38.75,0,2,gas_transport,0.04,0.317,12.4,0.46,1414,1,0,1,0
19.65,19,1,health_beauty,0.112,0.093,1.4,1.04,1691,0,0,1,0
1059.05,4,4,electronics,0.552,0.761,2861.7,6.01,202,3,0,1,1
50.14,9,2,retail,0.06,0.5,9.2,1.44,2445,0,0,0,0
22.77,10,2,utilities,0.064,0.087,0.9,1.59,1578,0,0,1,0
11.28,9,4,retail,0.223,0.01,31.4,1.05,655,0,0,0,0
10.2,17,1,electronics,0.177,0.164,13.0,0.94,1953,0,0,1,0
28.33,10,1,grocery,0.046,0.088,0.6,0.61,860,0,0,1,0
220.16,5,6,dining,0.513,0.651,507.5,5.11,329,3,0,0,1
44.65,7,1,electronics,0.033,0.16,17.3,0.66,329,0,1,0,0
61.56,16,1,gas_transport,0.069,0.015,8.8,1.06,2063,0,0,0,0
120.0,1,7,travel,0.565,0.728,215.3,8.35,11,4,1,1,1
44.93,10,3,clothing,0.01,0.102,30.5,0.7,2674,0,0,0,0
21.71,8,2,grocery,0.04,0.207,1.4,0.87,790,0,0,0,0
77.81,11,1,entertainment,0.283,0.283,21.3,0.83,2908,0,0,1,0
34.37,23,4,grocery,0.285,0.053,0.9,1.01,1344,0,0,1,0
37.71,8,2,dining,0.306,0.04,0.8,1.12,694,0,0,1,0
666.41,14,4,electronics,0.117,0.471,1.5,0.97,471,0,0,0,0
942.9,16,4,electronics,0.613,0.939,476.4,4.8,156,0,0,1,1
44.4,13,1,entertainment,0.129,0.253,14.8,0.88,3581,0,0,1,0
1014.29,7,11,electronics,0.798,0.857,191.2,4.38,184,2,1,1,1
15.82,13,2,grocery,0.026,0.15,22.3,0.72,2585,0,0,1,0
108.52,7,2,health_beauty,0.05,0.291,8.3,1.09,763,0,0,0,0
110.23,11,1,health_beauty,0.217,0.117,0.3,0.98,505,0,0,0,0
92.94,6,3,dining,0.141,0.327,3.0,1.25,3412,0,0,0,0
41.97,13,2,grocery,0.16,0.264,5.0,1.13,2753,0,0,0,0
44.26,10,2,entertainment,0.193,0.109,11.7,1.12,2887,0,0,0,0
1634.0,7,7,travel,0.878,0.643,121.2,5.22,331,4,1,0,1
102.42,4,1,dining,0.262,0.276,7.7,1.46,2937,0,0,1,0
79.61,12,1,grocery,0.21,0.144,44.1,0.89,992,0,0,0,0
55.23,16,3,grocery,0.196,0.158,3.9,0.29,279,0,0,1,0
47.49,5,2,grocery,0.11,0.214,10.5,0.86,2579,0,0,1,0
51.64,5,1,dining,0.162,0.032,4.9,1.43,3498,0,0,0,0
57.73,16,2,clothing,0.06,0.273,39.1,0.78,413,0,1,1,0
25.13,19,4,grocery,0.073,0.026,7.2,0.76,1199,0,0,1,0
2009.41,20,4,electronics,0.699,0.731,53.6,7.63,396,2,0,1,1
31.13,11,7,clothing,0.036,0.209,1.8,1.15,2683,0,0,1,0
33.52,7,5,clothing,0.147,0.043,6.1,1.11,742,0,0,0,0
19.2,21,2,travel,0.276,0.043,3.8,1.29,536,0,0,1,0
62.99,10,1,utilities,0.149,0.143,9.6,1.11,1338,0,0,0,0
38.05,6,3,health_beauty,0.071,0.231,0.7,0.97,1100,0,0,0,0
21.54,17,2,grocery,0.149,0.155,4.2,0.82,3320,0,0,0,0
161.68,18,3,retail,0.101,0.08,47.3,1.21,560,0,0,1,0
50.97,8,2,dining,0.024,0.432,7.8,1.13,1689,0,0,1,0
32.76,14,3,grocery,0.023,0.085,7.2,1.29,2803,0,0,1,0
100.24,13,1,health_beauty,0.12,0.118,5.8,1.63,2900,0,0,1,0
25.49,6,3,gas_transport,0.266,0.104,9.1,0.81,877,2,0,1,0
41.89,14,3,dining,0.279,0.096,24.2,0.9,2435,0,0,1,0
42.57,6,2,electronics,0.054,0.259,3.9,1.05,3464,0,0,0,0
13.96,15,1,clothing,0.101,0.36,4.7,1.01,233,0,0,0,0
44.02,7,2,utilities,0.044,0.031,9.9,1.08,1503,1,0,0,0
162.69,11,3,dining,0.052,0.042,43.2,1.37,590,0,0,1,0
25.68,11,2,clothing,0.139,0.147,7.0,0.59,409,0,0,1,0
23.57,14,3,electronics,0.156,0.376,6.2,1.4,222,0,0,1,0
47.78,7,3,gas_transport,0.095,0.176,12.9,1.07,773,0,0,1,0
56.63,14,3,grocery,0.103,0.106,17.7,0.9,2884,0,0,0,0
82.95,14,2,clothing,0.043,0.052,17.8,0.9,2061,0,0,0,0
13.92,8,3,dining,0.081,0.135,5.6,0.92,2312,0,0,1,0
20.28,16,1,dining,0.01,0.036,17.9,1.1,492,0,0,1,0
49.44,8,2,dining,0.082,0.189,16.6,1.28,1562,0,0,1,0
90.0,19,1,gas_transport,0.132,0.137,4.5,1.53,2803,0,0,0,0
27.4,10,1,electronics,0.181,0.178,22.6,0.77,2386,0,0,1,0
59.74,16,2,grocery,0.017,0.189,14.2,1.05,2139,0,0,1,0
38.23,8,3,grocery,0.257,0.012,0.1,1.47,1559,0,0,1,0
19.67,18,1,travel,0.065,0.238,0.1,1.45,1579,0,0,1,0
35.78,11,2,dining,0.16,0.116,5.1,0.69,1197,0,1,0,0
22.55,14,3,dining,0.018,0.389,13.9,1.4,2944,0,0,1,0
9.32,13,1,health_beauty,0.01,0.069,6.0,0.76,1374,0,1,1,0
53.97,13,3,clothing,0.031,0.049,3.9,1.56,1448,0,0,0,0
22.72,11,2,grocery,0.256,0.297,15.0,0.92,2095,0,1,0,0
208.25,10,1,dining,0.26,0.103,7.2,0.65,2849,0,0,0,0
61.52,14,2,grocery,0.126,0.046,1.3,0.9,2027,0,0,1,0
153.15,22,11,electronics,0.921,0.706,66.5,1.8,7,2,0,1,1
252.64,4,10,dining,0.858,0.35,260.8,4.97,414,4,1,1,1
19.2,18,2,entertainment,0.01,0.076,20.6,0.78,2130,0,0,1,0
70.82,12,1,dining,0.055,0.229,11.0,1.39,1026,0,0,0,0
35.59,19,2,gas_transport,0.152,0.038,15.7,0.89,1395,0,0,1,0
133.72,10,2,utilities,0.059,0.102,6.3,1.02,2715,0,0,0,0
209.36,9,8,clothing,0.871,0.886,66.0,4.16,114,2,1,1,1
130.48,15,8,travel,0.947,0.426,1382.3,5.95,230,1,0,1,1
29.23,17,2,dining,0.062,0.068,22.6,1.12,3018,0,0,0,0
19.96,15,1,grocery,0.192,0.187,36.0,1.44,446,0,0,0,0
1243.43,1,9,entertainment,0.703,0.864,518.4,4.88,52,3,0,1,1
39.74,16,2,grocery,0.065,0.033,36.5,0.89,1731,0,0,0,0
48.59,11,2,dining,0.08,0.061,12.9,1.48,1759,2,0,0,0
125.54,0,2,travel,0.296,0.093,14.3,1.06,2063,0,0,1,0
84.36,9,2,health_beauty,0.123,0.174,3.3,0.94,1567,0,0,1,0
51.71,12,2,gas_transport,0.01,0.106,24.5,1.38,2168,0,0,1,0
72.18,12,4,clothing,0.036,0.14,49.1,1.02,2679,0,0,1,0
18.3,15,2,grocery,0.01,0.361,19.0,0.58,392,0,0,0,0
17.47,18,2,clothing,0.043,0.152,1.8,0.58,2485,0,0,1,0
88.41,7,3,utilities,0.03,0.173,1.5,0.99,2434,0,0,0,0
111.35,18,1,dining,0.057,0.28,15.3,1.25,742,0,0,1,0
13.39,10,1,utilities,0.088,0.169,24.5,1.2,435,0,0,0,0
89.25,13,1,grocery,0.197,0.364,3.9,1.09,2397,0,0,1,0
231.83,14,1,grocery,0.031,0.19,23.2,1.17,1536,0,0,0,0
27.84,7,2,electronics,0.119,0.07,2.9,0.95,1095,0,0,0,0
16.81,21,2,clothing,0.138,0.123,1.5,1.42,1722,0,0,1,0
34.22,12,1,electronics,0.145,0.225,33.0,0.88,1172,0,1,1,0
51.62,21,2,gas_transport,0.231,0.168,24.6,1.08,1373,1,0,1,0
40.81,15,1,clothing,0.127,0.165,22.6,1.08,1120,0,0,1,0
81.26,8,1,entertainment,0.121,0.451,3.4,1.14,1132,0,0,1,0
118.12,14,2,grocery,0.016,0.108,18.9,1.41,2927,0,0,0,0
65.95,16,1,grocery,0.071,0.069,42.7,1.35,2204,0,0,1,0
53.73,9,2,grocery,0.225,0.5,4.8,1.2,1725,0,0,0,0
26.58,10,3,grocery,0.022,0.325,5.9,1.24,2175,0,0,1,0
28.23,4,1,electronics,0.032,0.5,4.8,1.15,956,0,0,0,0
102.8,8,1,health_beauty,0.028,0.116,4.5,1.03,903,0,0,1,0
38.38,10,1,health_beauty,0.286,0.1,37.7,1.45,1135,0,1,0,0
42.4,16,1,utilities,0.278,0.353,24.1,0.81,1283,0,0,1,0
32.59,11,1,dining,0.03,0.246,8.0,1.2,1386,0,0,1,0
33.95,12,2,travel,0.02,0.081,16.2,1.59,2839,0,0,1,0
33.34,15,2,utilities,0.054,0.12,18.2,1.19,705,0,0,0,0
5.0,10,1,entertainment,0.09,0.125,0.1,0.99,236,0,0,1,0
57.96,16,5,grocery,0.055,0.082,3.0,1.14,3188,0,0,0,0
16.28,13,3,grocery,0.081,0.35,1.9,0.28,3555,0,0,1,0
49.01,6,1,travel,0.19,0.491,7.6,0.81,2312,0,0,0,0
10.56,10,1,entertainment,0.213,0.247,22.9,1.13,2162,0,0,1,0
28.93,8,2,entertainment,0.017,0.131,10.2,1.04,1780,0,0,0,0
17.53,10,1,utilities,0.058,0.018,18.9,1.25,2795,0,0,1,0
52.91,16,2,gas_transport,0.026,0.246,24.6,0.64,3578,0,0,0,0
27.28,16,2,gas_transport,0.179,0.09,24.9,1.1,1780,0,0,0,0
22.97,7,1,retail,0.101,0.181,4.3,0.68,2794,0,1,1,0
81.43,17,3,utilities,0.054,0.185,23.8,0.25,2504,0,0,0,0
15.06,7,2,travel,0.318,0.361,10.2,0.95,2004,0,0,0,0
127.92,9,2,gas_transport,0.048,0.349,5.2,0.69,3033,0,0,0,0
104.16,17,1,grocery,0.45,0.235,2.3,1.03,2333,0,0,1,0
339.92,15,7,travel,0.683,0.83,629.6,7.75,542,2,1,1,1
103.44,1,2,dining,0.041,0.094,14.4,1.07,747,0,0,1,0
113.99,7,1,dining,0.156,0.149,18.9,1.15,2794,0,0,0,0
14.11,13,5,gas_transport,0.036,0.459,0.2,1.1,2865,0,0,1,0
38.34,12,2,grocery,0.034,0.023,2.3,0.77,2432,0,0,1,0
77.81,15,1,dining,0.047,0.207,0.3,1.25,3257,0,0,1,0
26.81,11,2,gas_transport,0.329,0.099,8.0,1.23,2167,0,1,1,0
157.7,15,3,clothing,0.053,0.066,30.4,1.18,2190,0,0,1,0
22.58,7,1,dining,0.045,0.155,24.3,1.46,2713,0,0,0,0
94.62,13,1,entertainment,0.101,0.258,2.2,0.97,2964,0,0,1,0
25.68,1,1,grocery,0.064,0.239,8.8,1.17,268,0,0,1,0
611.96,19,7,travel,0.899,0.511,1441.9,9.52,20,1,1,1,1
13.93,9,1,electronics,0.068,0.242,19.3,1.05,2310,0,0,1,0
26.22,14,2,clothing,0.061,0.01,14.0,0.42,1636,0,0,1,0
66.23,19,4,grocery,0.043,0.049,1.7,0.75,3204,0,0,1,0
82.36,11,2,grocery,0.069,0.221,20.1,0.53,1653,0,0,1,0
23.84,16,4,dining,0.105,0.093,1.1,1.12,1126,0,0,1,0
52.18,10,2,gas_transport,0.049,0.25,14.1,0.46,2112,1,0,1,0
43.21,17,3,electronics,0.045,0.095,4.4,1.0,1072,0,0,0,0
34.87,0,1,gas_transport,0.067,0.173,27.5,1.14,3527,0,0,1,0
123.24,16,2,grocery,0.194,0.305,23.5,0.72,2497,0,0,0,0
578.3,13,11,electronics,0.575,0.772,593.8,3.73,34,2,0,1,1
27.57,15,1,gas_transport,0.025,0.315,17.8,0.76,409,0,0,1,0
19.24,9,1,gas_transport,0.245,0.3,4.6,0.55,764,0,0,0,0
36.12,6,4,retail,0.147,0.031,10.1,0.73,1299,0,0,1,0
16.18,9,1,utilities,0.251,0.243,6.5,1.2,2159,0,0,1,0
13.11,15,3,entertainment,0.056,0.094,11.7,1.11,503,0,0,1,0
36.63,11,3,utilities,0.219,0.049,0.6,1.44,2997,0,0,0,0
24.52,15,1,dining,0.196,0.32,44.6,1.61,1117,0,0,1,0
45.26,9,1,utilities,0.244,0.105,4.7,0.76,2365,0,0,0,0
15.56,17,1,grocery,0.028,0.243,0.9,1.11,1768,0,0,1,0
34.2,10,3,grocery,0.23,0.065,24.7,1.04,2851,0,0,1,0
27.52,1,1,dining,0.133,0.115,21.7,1.35,2551,0,0,0,0
22.17,5,3,health_beauty,0.06,0.5,1.1,0.91,1309,0,0,1,0
18.49,6,1,grocery,0.201,0.157,8.1,1.24,1981,0,1,1,0
35.1,14,1,grocery,0.015,0.144,10.5,0.71,1444,0,0,1,0
15.47,16,1,dining,0.112,0.053,1.9,1.04,1858,1,0,1,0
38.31,6,3,entertainment,0.317,0.055,7.7,1.1,1364,0,0,0,0
26.36,11,4,electronics,0.1,0.038,11.2,1.3,2537,0,0,1,0
244.07,20,6,electronics,0.75,0.779,291.2,7.28,251,3,1,1,1
31.27,12,2,gas_transport,0.039,0.084,5.7,1.28,1367,0,0,0,0
63.81,15,3,dining,0.074,0.344,12.6,0.57,2448,0,1,1,0
86.05,10,1,electronics,0.278,0.071,1.4,0.9,1870,0,0,1,0
186.35,7,1,health_beauty,0.083,0.015,0.4,1.31,2735,0,0,1,0
16.21,15,4,grocery,0.064,0.052,15.3,0.82,2680,0,0,1,0
220.96,1,9,electronics,0.754,0.616,569.3,6.32,146,2,1,1,1
51.09,8,1,dining,0.269,0.373,3.5,0.92,2912,0,0,1,0
32.91,7,3,grocery,0.258,0.27,8.9,0.82,834,0,0,0,0
34.56,11,1,gas_transport,0.198,0.131,30.6,0.96,2059,0,0,1,0
55.27,6,1,grocery,0.173,0.164,7.2,1.26,707,0,0,1,0
24.3,8,2,health_beauty,0.109,0.295,8.5,1.09,756,0,0,1,0
63.25,6,2,grocery,0.049,0.17,19.1,0.86,457,0,0,1,0
40.06,15,3,grocery,0.084,0.025,2.0,0.9,657,0,0,1,0
130.43,11,1,retail,0.13,0.056,17.3,1.12,1665,0,0,0,0
401.14,1,11,electronics,0.773,0.94,162.2,4.35,48,2,0,1,1
7.93,11,5,retail,0.072,0.185,11.5,1.04,3523,0,0,0,0
42.0,8,2,gas_transport,0.05,0.263,14.0,1.25,869,0,0,0,0
25.43,13,2,clothing,0.05,0.243,3.0,1.67,3596,0,0,1,0
13.25,9,2,grocery,0.111,0.056,40.6,1.13,2081,0,0,1,0
7.58,20,1,health_beauty,0.143,0.148,9.1,1.3,501,0,0,0,0
261.83,12,1,grocery,0.077,0.226,9.2,0.59,203,0,0,0,0
38.28,11,1,health_beauty,0.12,0.181,0.6,1.11,1830,0,0,1,0
98.75,16,1,dining,0.199,0.267,44.0,0.95,1802,0,0,1,0
1476.58,21,12,travel,0.429,0.637,1427.8,5.83,230,2,1,1,1
159.87,9,2,grocery,0.346,0.061,0.5,0.62,358,0,0,0,0
14.78,6,2,clothing,0.212,0.111,38.6,1.07,1586,0,0,1,0
123.7,7,5,dining,0.45,0.186,3.2,0.95,1079,0,0,1,0
21.8,12,1,dining,0.046,0.263,47.4,1.56,3259,0,0,1,0
30.38,21,2,dining,0.198,0.329,4.8,1.02,1128,0,0,0,0
25.96,12,1,grocery,0.034,0.152,32.7,1.55,3342,0,0,1,0
89.35,14,2,entertainment,0.45,0.179,0.7,0.5,1659,0,0,1,0
80.22,12,1,gas_transport,0.331,0.061,16.0,0.99,3024,0,0,1,0
202.14,16,1,dining,0.031,0.113,1.1,0.98,1206,2,0,1,0
22.21,14,1,entertainment,0.01,0.13,8.8,1.29,1593,0,0,1,0
73.11,10,4,grocery,0.2,0.241,12.6,1.05,1667,0,0,0,0
60.5,20,1,gas_transport,0.044,0.019,9.4,1.16,649,0,0,1,0
79.41,15,4,entertainment,0.272,0.225,27.8,1.79,1239,0,0,0,0
28.93,8,1,dining,0.247,0.102,1.7,0.71,645,0,0,1,0
21.34,11,4,grocery,0.012,0.062,46.5,1.5,2570,0,0,1,0
39.96,10,1,dining,0.24,0.15,3.5,0.92,1355,0,0,1,0
36.82,16,4,grocery,0.072,0.354,22.4,1.19,483,0,0,1,0
36.49,9,2,grocery,0.09,0.123,4.6,0.77,297,0,0,0,0
73.02,8,2,gas_transport,0.058,0.113,18.7,0.62,2319,1,0,1,0
33.74,15,1,dining,0.175,0.167,19.3,1.03,2423,0,0,1,0
16.89,18,2,dining,0.029,0.194,34.4,1.16,3245,0,0,1,0
24.9,18,2,retail,0.056,0.165,4.4,0.83,2432,1,1,1,0
13.71,10,1,gas_transport,0.416,0.084,7.9,0.98,1334,0,0,1,0
20.08,11,1,clothing,0.035,0.348,11.2,0.77,2025,0,0,1,0
92.48,14,4,electronics,0.175,0.223,23.1,0.76,287,0,1,1,0
62.65,20,1,grocery,0.037,0.216,29.2,0.59,2381,1,0,1,0
45.42,9,1,gas_transport,0.091,0.08,6.6,0.88,2278,0,0,0,0
11.8,11,2,entertainment,0.01,0.35,67.6,1.12,263,0,0,1,0
191.22,9,1,gas_transport,0.017,0.442,5.1,1.2,1965,1,0,0,0
45.11,8,2,electronics,0.01,0.047,1.3,0.93,2036,2,0,1,0
53.18,6,1,dining,0.028,0.146,21.1,0.72,2971,0,0,0,0
42.79,14,2,dining,0.217,0.111,3.4,1.21,2698,0,0,1,0
35.4,13,1,utilities,0.232,0.143,1.6,0.66,712,0,0,0,0
385.46,17,1,gas_transport,0.171,0.054,13.4,1.1,3581,0,0,0,0
21.78,8,3,health_beauty,0.254,0.055,31.8,1.23,725,0,0,1,0
19.86,16,1,dining,0.024,0.126,18.5,0.74,724,0,0,1,0
38.25,9,1,grocery,0.086,0.123,1.9,1.24,1546,0,0,0,0
79.42,21,1,retail,0.06,0.253,4.4,0.86,2863,1,0,1,0
30.92,18,1,entertainment,0.045,0.151,2.9,0.59,2680,0,0,1,0
38.02,7,2,gas_transport,0.049,0.105,1.9,1.21,3330,1,0,0,0
120.0,1,5,travel,0.847,0.748,1924.1,4.67,341,3,0,1,1
16.79,19,1,retail,0.021,0.033,0.5,0.75,1019,0,0,1,0
26.52,8,2,entertainment,0.394,0.206,19.5,1.34,3282,0,0,1,0
52.24,12,1,health_beauty,0.176,0.054,15.0,0.98,1637,0,0,0,0
84.14,10,3,dining,0.081,0.107,13.2,0.55,657,0,0,1,0
19.17,13,4,gas_transport,0.103,0.183,8.7,0.53,1073,0,0,0,0
54.93,8,1,dining,0.223,0.185,45.1,1.08,1400,0,0,1,0
30.18,15,1,gas_transport,0.153,0.125,36.1,0.64,1081,0,0,1,0
14.11,13,1,utilities,0.18,0.01,13.3,1.12,1201,0,0,0,0
31.83,10,2,travel,0.11,0.5,11.3,1.19,768,0,0,1,0
52.15,7,1,dining,0.133,0.146,5.3,0.87,1028,0,0,1,0
61.07,12,1,travel,0.032,0.121,12.3,1.09,1144,0,0,0,0
82.18,9,1,dining,0.145,0.172,0.4,1.08,1502,0,0,1,0
116.15,10,2,grocery,0.119,0.01,28.4,0.8,600,0,0,1,0
87.51,19,3,gas_transport,0.013,0.122,11.0,1.0,1268,1,0,1,0
20.17,10,1,electronics,0.399,0.144,0.2,0.82,1084,0,0,0,0
139.58,14,1,entertainment,0.188,0.149,1.2,0.68,2897,0,0,1,0
53.8,13,3,gas_transport,0.139,0.266,25.6,1.1,3449,0,0,1,0
185.93,9,1,utilities,0.297,0.01,17.9,1.33,2068,0,0,1,0
21.07,15,1,grocery,0.414,0.229,7.4,1.51,1905,0,0,1,0
74.7,8,5,grocery,0.042,0.5,6.5,0.59,1188,0,0,0,0
205.4,19,9,electronics,0.89,0.664,291.4,5.69,769,1,1,1,1
7.42,11,1,grocery,0.175,0.298,21.6,1.05,2707,0,0,1,0
79.47,7,1,grocery,0.348,0.171,15.1,1.34,430,0,1,0,0
42.51,6,3,dining,0.123,0.082,15.0,1.1,728,0,0,0,0
31.1,19,1,entertainment,0.09,0.162,11.6,1.01,3222,0,0,1,0
75.76,12,1,clothing,0.024,0.196,2.8,1.23,2879,0,0,1,0
7.09,20,1,electronics,0.113,0.043,23.1,0.92,2617,0,0,1,0
26.52,17,1,grocery,0.175,0.094,6.8,0.99,2623,0,1,1,0
22.68,15,3,retail,0.293,0.5,20.9,1.19,1031,0,0,0,0
23.71,13,1,dining,0.141,0.42,1.4,0.53,2134,0,0,1,0
61.47,16,1,utilities,0.115,0.148,3.6,1.05,1864,0,0,0,0
23.09,6,4,entertainment,0.062,0.265,29.5,1.36,1285,0,0,0,0
15.08,20,1,gas_transport,0.344,0.346,16.2,1.02,1273,0,0,0,0
30.48,8,2,grocery,0.144,0.135,4.4,1.13,2711,0,0,0,0
9.39,16,1,retail,0.047,0.037,2.0,1.5,1270,0,0,0,0
27.03,10,1,grocery,0.119,0.091,14.1,0.97,2742,0,0,0,0
44.97,16,1,retail,0.022,0.302,13.1,0.94,882,0,0,1,0
27.93,12,1,grocery,0.074,0.465,7.8,1.23,1741,0,0,1,0
49.87,18,2,entertainment,0.224,0.174,13.8,0.83,419,0,0,0,0
367.91,3,4,electronics,0.982,0.855,1136.2,6.89,187,1,1,1,1
30.85,12,3,clothing,0.122,0.077,10.7,0.78,1077,0,0,1,0
14.52,6,3,grocery,0.116,0.144,3.8,0.6,1978,0,0,1,0
31.41,11,1,gas_transport,0.069,0.287,34.8,0.4,2945,0,0,1,0
231.59,15,5,electronics,0.065,0.212,0.1,0.52,3502,0,0,1,0
50.9,10,3,dining,0.157,0.074,2.9,1.04,3164,0,0,1,0
211.24,16,1,utilities,0.188,0.054,44.6,1.94,3189,0,0,1,0
11.13,11,2,dining,0.026,0.078,7.9,0.95,821,0,1,1,0
98.27,8,4,health_beauty,0.349,0.128,1.3,1.31,2401,0,0,1,0
27.24,8,2,travel,0.052,0.274,10.5,0.86,3148,0,0,0,0
93.4,9,1,entertainment,0.346,0.093,13.5,1.07,1853,0,1,1,0
121.29,15,1,grocery,0.103,0.238,5.2,1.23,1683,0,0,0,0
44.05,7,1,entertainment,0.248,0.173,29.7,0.88,2626,0,0,1,0
4800.0,23,5,clothing,0.939,0.847,46.6,7.41,121,3,1,1,1
67.81,13,3,clothing,0.137,0.029,22.0,1.11,226,0,0,0,0
52.85,10,3,electronics,0.076,0.094,51.6,1.2,1495,0,0,1,0
7.57,13,2,grocery,0.249,0.076,3.0,1.41,2451,0,0,1,0
238.39,8,2,travel,0.078,0.12,0.1,1.37,2998,0,0,0,0
95.55,9,1,health_beauty,0.022,0.095,0.9,0.65,1359,0,0,0,0
15.39,0,2,entertainment,0.121,0.202,45.6,0.34,554,0,0,1,0
20.46,10,2,gas_transport,0.306,0.388,7.3,1.32,857,0,0,0,0
252.3,10,2,gas_transport,0.286,0.077,44.1,0.82,3279,0,0,0,0
81.64,9,2,grocery,0.056,0.196,2.5,0.92,3005,0,1,1,0
32.35,8,1,clothing,0.208,0.085,44.8,1.39,225,0,1,0,0
19.5,16,3,gas_transport,0.213,0.217,2.8,1.12,3599,0,1,0,0
34.28,11,1,clothing,0.036,0.326,22.9,1.09,1530,0,0,0,0
75.16,16,1,clothing,0.174,0.334,5.2,1.07,1950,0,1,0,0
57.47,17,2,entertainment,0.369,0.059,0.9,0.93,3099,0,0,1,0
23.47,1,1,clothing,0.01,0.156,20.8,1.07,2206,0,0,1,0
20.73,8,1,electronics,0.123,0.211,4.6,1.7,2652,0,0,1,0
41.55,10,2,gas_transport,0.093,0.286,40.9,0.49,1363,0,0,0,0
675.32,22,10,electronics,0.943,0.83,322.0,4.16,356,3,0,1,1
338.3,9,3,clothing,0.18,0.267,2.0,1.18,3105,0,0,0,0
239.45,10,1,grocery,0.167,0.5,0.1,0.88,1895,0,0,0,0
66.68,7,1,grocery,0.415,0.379,11.2,0.47,2427,0,0,1,0
63.59,6,2,utilities,0.204,0.235,3.7,1.0,1272,0,0,1,0
23.43,11,1,grocery,0.25,0.063,16.2,1.07,2069,1,0,0,0
22.84,13,1,health_beauty,0.265,0.226,25.8,1.43,2578,0,0,1,0
44.0,7,1,entertainment,0.117,0.016,12.1,0.89,475,0,0,0,0
123.17,10,1,dining,0.147,0.238,1.9,1.18,1400,0,0,1,0
20.65,10,1,gas_transport,0.45,0.01,72.7,1.34,1971,0,0,1,0
31.71,9,3,dining,0.024,0.257,4.2,1.16,1642,0,0,1,0
55.97,17,3,dining,0.163,0.045,24.7,1.45,2709,0,0,0,0
19.18,10,1,gas_transport,0.262,0.205,5.6,0.49,1524,0,0,0,0
120.0,22,7,clothing,0.855,0.863,499.3,7.76,311,2,0,1,1
86.55,16,2,grocery,0.094,0.187,3.7,0.69,3160,0,0,0,0
149.14,10,1,dining,0.225,0.286,12.6,1.58,2485,0,0,0,0
17.31,8,4,gas_transport,0.031,0.017,8.3,1.27,2812,0,0,0,0
43.5,21,4,dining,0.038,0.112,12.6,0.81,2919,0,0,1,0
554.81,2,9,travel,0.962,0.926,111.7,5.75,57,0,1,1,1
65.03,21,6,dining,0.153,0.346,1.3,1.09,1801,0,0,0,0
117.29,17,1,retail,0.044,0.058,2.4,1.09,2994,0,0,0,0
41.65,19,1,electronics,0.395,0.095,19.5,1.29,662,0,0,0,0
34.52,8,1,dining,0.06,0.031,5.9,1.16,2081,0,0,1,0
74.51,8,3,clothing,0.054,0.383,112.2,1.02,3222,0,0,1,0
9.3,16,4,health_beauty,0.013,0.247,17.8,1.05,2473,0,0,1,0
89.66,10,3,grocery,0.208,0.146,2.5,1.06,412,0,0,0,0
125.74,13,1,grocery,0.268,0.228,12.1,1.13,3419,0,0,1,0
49.34,14,2,electronics,0.071,0.334,12.5,0.88,2142,0,0,1,0
14.24,10,1,retail,0.08,0.299,0.1,0.2,3165,0,0,1,0
13.96,14,1,grocery,0.018,0.436,11.6,1.3,263,1,0,1,0
115.07,10,2,grocery,0.368,0.023,8.4,1.02,815,0,0,1,0
38.28,12,1,grocery,0.224,0.45,6.5,0.95,3587,0,0,0,0
155.51,11,1,travel,0.14,0.5,12.8,0.73,2293,0,0,1,0
58.41,11,1,health_beauty,0.038,0.169,19.9,0.5,1791,0,0,0,0
62.83,6,2,dining,0.224,0.138,2.8,1.4,1482,0,1,1,0
39.52,17,1,entertainment,0.027,0.12,3.9,1.16,458,0,0,0,0
58.63,16,1,health_beauty,0.45,0.097,3.3,0.36,1293,0,0,0,0
192.64,17,4,gas_transport,0.11,0.107,2.3,1.07,2036,0,0,1,0
86.27,10,2,dining,0.187,0.158,4.0,0.62,1046,0,0,0,0
128.13,10,2,grocery,0.167,0.287,1.4,1.24,829,1,0,0,0
5.0,7,1,gas_transport,0.022,0.152,25.4,1.12,3000,0,0,1,0
79.64,17,3,grocery,0.45,0.2,10.1,1.64,1819,0,0,0,0
61.81,10,3,travel,0.208,0.183,21.8,0.96,1072,0,0,1,0
51.03,7,1,clothing,0.098,0.128,2.4,0.92,3223,0,0,0,0
1507.31,22,4,gas_transport,0.937,0.83,498.1,9.91,132,2,1,0,1
71.45,8,1,dining,0.148,0.204,37.7,1.95,850,0,0,1,0
23.75,11,5,gas_transport,0.064,0.104,12.7,1.18,2602,2,0,0,0
36.05,10,1,clothing,0.398,0.13,22.1,0.79,1402,0,0,0,0
27.58,9,2,travel,0.221,0.259,10.4,0.97,975,0,0,0,0
39.53,15,2,gas_transport,0.025,0.114,45.1,0.79,2062,0,1,1,0
19.13,7,4,dining,0.081,0.249,2.1,0.98,3596,0,0,1,0
35.03,1,1,clothing,0.017,0.049,20.3,1.41,2269,0,0,1,0
125.27,10,3,gas_transport,0.051,0.22,1.0,0.96,831,0,0,0,0
93.92,17,1,clothing,0.019,0.016,18.6,1.33,1356,0,0,1,0
80.92,6,3,clothing,0.065,0.023,9.9,1.05,1774,1,0,0,0
74.97,12,1,gas_transport,0.207,0.303,17.6,1.02,1332,0,0,1,0
47.88,12,1,grocery,0.319,0.01,1.1,0.73,3474,0,1,0,0
52.99,18,1,dining,0.037,0.137,17.3,1.53,1274,0,0,0,0
58.5,20,1,retail,0.118,0.067,0.8,0.95,1224,0,0,1,0
84.82,18,2,grocery,0.043,0.266,11.3,0.95,1883,0,0,0,0
86.55,17,4,dining,0.45,0.419,7.4,1.37,1989,0,0,1,0
64.04,6,2,dining,0.166,0.113,11.8,0.65,890,0,0,0,0
30.03,14,1,dining,0.072,0.095,3.6,0.59,3445,0,0,0,0
203.84,4,9,clothing,0.786,0.731,966.5,5.1,162,3,0,1,1
44.73,8,1,electronics,0.45,0.255,3.6,0.88,2675,0,0,1,0
40.74,11,2,grocery,0.094,0.124,1.4,1.11,2555,0,0,0,0
1249.82,16,7,travel,0.913,0.705,298.0,7.41,269,1,1,1,1
19.51,14,3,grocery,0.152,0.115,37.4,1.35,775,1,0,0,0
52.6,5,1,grocery,0.01,0.135,3.0,0.94,1605,0,0,0,0
78.03,18,1,gas_transport,0.137,0.223,1.0,1.39,2311,0,0,1,0
20.57,14,5,travel,0.074,0.182,9.6,1.34,3102,0,0,1,0
41.99,12,2,retail,0.119,0.329,6.1,1.37,3227,0,0,1,0
1814.2,2,3,entertainment,0.68,0.549,368.7,4.57,361,1,1,1,1
24.12,9,1,electronics,0.031,0.155,5.9,1.52,278,0,0,1,0
51.34,22,1,entertainment,0.104,0.093,11.4,1.28,1101,0,0,0,0
1229.26,2,7,gas_transport,0.834,0.889,215.6,5.57,121,3,0,1,1
269.06,2,5,travel,0.911,0.88,694.5,2.98,338,2,1,1,1
23.16,18,3,grocery,0.066,0.138,10.3,1.05,843,0,0,0,0
52.28,7,1,gas_transport,0.053,0.044,2.1,0.45,2161,0,0,1,0
12.18,13,2,gas_transport,0.249,0.415,1.6,1.16,955,0,0,1,0
82.07,15,2,retail,0.188,0.179,3.0,0.77,2785,0,0,0,0
42.08,18,2,gas_transport,0.01,0.042,13.5,1.65,377,0,0,1,0
123.11,3,1,clothing,0.066,0.075,12.6,0.84,2982,0,0,1,0
54.09,13,2,gas_transport,0.285,0.063,14.1,0.98,1791,1,1,1,0
18.44,14,3,dining,0.059,0.149,28.7,0.99,3203,0,1,1,0
10.04,9,1,utilities,0.209,0.186,5.3,0.77,2412,1,0,0,0
219.7,23,9,travel,0.4,0.552,1262.4,5.86,150,0,1,1,1
156.14,7,1,retail,0.074,0.118,3.5,1.35,298,0,0,1,0
22.51,16,3,gas_transport,0.068,0.144,8.1,1.2,2167,0,0,0,0
89.06,20,1,grocery,0.22,0.256,7.7,1.38,1917,0,0,1,0
1080.64,6,7,health_beauty,0.968,0.645,126.7,5.38,94,0,1,1,1
224.58,10,1,dining,0.107,0.262,4.2,1.15,2834,0,0,1,0
584.58,17,11,travel,0.687,0.565,2065.4,1.8,323,3,1,1,1
83.86,14,2,grocery,0.189,0.22,23.0,1.38,741,0,0,1,0
89.22,13,2,grocery,0.21,0.2,1.5,1.37,3486,0,0,1,0
9.7,11,1,utilities,0.017,0.076,19.0,0.81,3479,0,0,1,0
25.78,17,1,entertainment,0.343,0.096,8.8,0.96,1825,0,0,0,0
13.1,7,2,clothing,0.184,0.14,2.4,1.43,1117,0,1,1,0
44.22,13,1,clothing,0.083,0.366,8.8,0.99,2804,0,0,1,0
78.21,15,2,electronics,0.156,0.2,0.5,0.54,1127,0,0,0,0
147.69,7,1,retail,0.218,0.076,23.9,1.34,3581,0,0,0,0
27.37,15,1,grocery,0.065,0.154,33.9,1.26,2297,0,0,0,0
63.54,14,5,gas_transport,0.1,0.047,42.3,0.66,426,0,0,0,0
118.9,7,3,retail,0.195,0.119,6.7,0.77,3323,0,0,0,0
56.0,10,4,grocery,0.01,0.258,6.4,0.87,1235,0,0,1,0
90.64,22,3,utilities,0.132,0.154,3.3,0.5,1323,0,0,0,0
35.39,7,3,clothing,0.216,0.179,9.5,1.35,1536,0,0,0,0
28.47,11,5,grocery,0.051,0.167,33.2,1.36,503,0,0,1,0
27.23,7,2,dining,0.057,0.209,3.9,1.52,918,0,0,0,0
83.67,17,2,health_beauty,0.183,0.327,2.8,1.55,876,0,0,0,0
93.99,10,1,retail,0.212,0.097,44.4,1.19,2557,0,0,0,0
14.73,13,3,travel,0.043,0.094,2.9,0.99,2482,0,0,1,0
11.77,15,4,grocery,0.174,0.5,4.4,1.2,2679,0,0,1,0
25.01,10,1,gas_transport,0.084,0.039,3.0,1.26,670,0,0,0,0
9.69,2,3,dining,0.036,0.151,2.1,1.4,393,0,0,1,0
11.46,20,1,grocery,0.011,0.142,1.9,0.67,850,0,0,0,0
26.2,16,1,grocery,0.147,0.5,38.5,1.08,911,1,0,1,0
57.24,11,3,electronics,0.01,0.219,26.3,1.36,1737,0,0,0,0
14.07,15,2,grocery,0.178,0.312,6.3,0.95,1626,0,0,1,0
39.05,16,2,grocery,0.055,0.426,24.4,0.78,1583,0,0,1,0
124.31,11,3,travel,0.022,0.098,9.7,1.26,1144,0,0,1,0
150.72,10,1,electronics,0.169,0.043,1.5,1.48,2563,0,0,1,0
14.17,11,1,clothing,0.113,0.028,23.3,1.11,3205,0,0,0,0
32.11,21,3,gas_transport,0.077,0.04,15.4,1.28,527,0,0,0,0
47.54,14,1,grocery,0.106,0.137,6.4,1.2,2366,0,0,0,0
93.95,10,2,dining,0.169,0.279,2.0,0.76,1359,0,0,1,0
152.11,9,3,dining,0.108,0.152,20.0,0.79,2878,0,0,0,0
198.5,0,9,entertainment,0.736,0.847,687.7,4.68,25,2,1,1,1
64.42,7,1,dining,0.05,0.1,29.6,1.1,2481,0,0,1,0
28.93,16,3,clothing,0.293,0.099,62.4,1.0,3002,0,0,0,0
57.35,6,3,grocery,0.152,0.132,0.6,0.89,463,0,0,1,0
54.3,8,1,grocery,0.065,0.05,3.9,1.19,3428,0,0,0,0
128.21,8,1,dining,0.113,0.086,2.9,1.07,1176,0,0,0,0
282.46,1,4,travel,0.677,0.552,1611.8,4.59,26,3,1,1,1
19.61,12,5,clothing,0.073,0.053,22.9,0.77,3307,0,0,1,0
94.71,7,1,dining,0.15,0.065,54.9,0.86,3412,0,0,1,0
46.87,10,1,travel,0.205,0.148,4.8,0.88,1063,0,0,0,0
170.21,10,1,gas_transport,0.074,0.201,30.2,1.87,727,0,0,1,0
1008.53,6,6,electronics,0.767,0.704,2869.4,2.1,21,1,0,0,1
617.77,19,7,travel,0.9,0.609,502.8,9.26,949,1,1,1,1
47.65,11,1,grocery,0.044,0.01,3.3,1.21,2301,0,0,1,0
53.25,10,2,grocery,0.101,0.078,11.4,1.64,1698,0,0,1,0
38.43,11,1,health_beauty,0.159,0.191,0.3,0.75,3464,0,1,0,0
66.04,11,4,entertainment,0.137,0.091,10.3,1.2,2459,0,0,0,0
23.11,12,3,utilities,0.014,0.043,6.1,1.27,2886,0,0,0,0
85.73,12,1,retail,0.011,0.132,3.9,0.97,994,0,0,1,0
94.74,8,2,dining,0.091,0.13,38.4,1.15,1005,0,0,1,0
21.82,14,2,grocery,0.21,0.072,20.4,1.13,3491,0,0,1,0
34.0,4,2,dining,0.143,0.104,7.7,1.6,2796,0,0,1,0
26.5,1,1,clothing,0.036,0.064,4.1,0.9,429,0,0,1,0
20.95,8,2,grocery,0.032,0.026,6.4,1.41,2737,0,0,0,0
24.4,13,2,gas_transport,0.14,0.155,46.4,1.15,3480,0,0,1,0
123.69,12,3,dining,0.164,0.083,12.7,0.58,1292,0,0,0,0
22.45,15,2,clothing,0.01,0.033,9.4,1.67,3361,0,0,1,0
54.34,17,5,utilities,0.106,0.362,3.0,0.61,2071,0,0,1,0
113.05,16,4,utilities,0.1,0.023,23.3,1.14,1331,0,0,1,0
41.43,22,1,entertainment,0.01,0.197,13.6,1.34,1878,0,0,0,0
19.95,13,1,dining,0.085,0.093,35.9,0.89,1216,0,0,1,0
40.91,21,2,clothing,0.12,0.11,8.7,0.97,1987,0,0,1,0
20.28,9,1,dining,0.036,0.047,3.0,0.95,574,0,1,1,0
28.0,10,1,utilities,0.121,0.034,2.8,0.85,2546,0,0,1,0
41.68,9,1,dining,0.193,0.11,31.3,0.53,1939,0,0,1,0
28.84,15,1,gas_transport,0.028,0.291,0.6,0.98,2514,0,0,0,0
58.21,14,2,grocery,0.069,0.348,6.5,0.67,1189,0,0,0,0
131.22,9,1,dining,0.255,0.412,13.3,0.82,187,0,0,0,0
28.44,17,3,entertainment,0.053,0.326,10.4,1.14,1923,0,0,1,0
47.93,16,2,travel,0.063,0.075,34.6,1.21,745,0,0,1,0
15.93,14,1,clothing,0.45,0.257,12.8,1.13,3218,0,0,1,0
20.46,12,4,gas_transport,0.377,0.049,10.5,0.45,1344,0,1,1,0
305.63,5,8,electronics,0.955,0.653,28.0,2.77,18,3,1,1,1
15.37,19,2,clothing,0.121,0.049,4.4,0.2,2476,0,0,1,0
30.1,17,2,dining,0.085,0.287,3.7,0.99,2950,0,0,0,0
63.4,21,1,gas_transport,0.06,0.065,25.3,1.17,291,0,0,0,0
15.55,7,3,dining,0.028,0.161,26.9,1.55,2110,0,1,0,0
27.89,21,2,grocery,0.185,0.242,10.8,0.63,2803,1,0,0,0
9.64,12,3,grocery,0.165,0.018,15.4,1.43,1441,0,0,1,0
34.39,10,2,gas_transport,0.369,0.181,0.1,0.75,190,0,0,1,0
14.04,4,3,retail,0.024,0.407,2.9,1.14,1461,0,0,1,0
27.01,15,1,health_beauty,0.123,0.299,24.5,1.14,2668,0,0,0,0
78.22,11,1,gas_transport,0.054,0.21,16.1,0.81,819,0,0,0,0
41.85,18,4,entertainment,0.252,0.264,1.4,0.77,1799,0,0,0,0
23.52,16,1,entertainment,0.146,0.456,42.7,1.05,1394,0,0,1,0
81.87,8,1,retail,0.154,0.42,22.0,1.12,539,0,0,0,0
67.88,11,1,utilities,0.081,0.371,30.5,1.3,2050,0,0,0,0
727.7,18,4,travel,0.628,0.761,1178.2,7.16,187,2,1,1,1
12.87,7,3,dining,0.121,0.083,1.7,1.84,2562,0,0,0,0
44.95,9,2,entertainment,0.119,0.278,12.3,0.25,2159,0,0,1,0
26.59,12,2,clothing,0.018,0.05,5.2,0.74,2845,0,0,1,0
55.93,16,1,grocery,0.25,0.391,37.8,1.42,995,0,1,1,0
122.25,12,1,dining,0.036,0.198,2.6,1.71,2363,0,0,0,0
43.96,8,3,grocery,0.142,0.033,1.1,1.36,1072,1,0,0,0
18.89,9,1,health_beauty,0.014,0.196,8.1,0.95,2054,0,0,0,0
63.28,23,1,clothing,0.373,0.096,13.8,0.58,613,0,0,0,0
26.97,9,2,health_beauty,0.101,0.139,10.3,0.56,1880,0,0,0,0
25.98,13,4,entertainment,0.039,0.176,6.4,1.0,2362,1,0,0,0
30.79,15,3,grocery,0.017,0.195,25.4,0.73,3425,1,0,1,0
73.56,9,2,gas_transport,0.096,0.087,0.5,1.03,362,0,0,1,0
381.68,4,6,clothing,0.585,0.515,984.0,1.8,57,1,0,1,1
65.38,14,1,gas_transport,0.01,0.121,9.1,0.88,1494,0,0,1,0
89.1,7,1,health_beauty,0.197,0.289,29.2,1.06,2640,0,0,0,0
62.97,5,2,entertainment,0.106,0.06,15.8,1.45,2372,0,0,1,0
161.72,10,1,dining,0.157,0.384,2.2,1.31,3213,0,0,1,0
352.05,17,2,grocery,0.028,0.204,39.1,0.97,1412,0,0,0,0
28.63,10,1,clothing,0.147,0.305,11.1,1.38,304,0,0,1,0
13.34,12,3,grocery,0.174,0.192,15.8,1.22,3380,1,0,0,0
45.84,17,1,dining,0.169,0.219,25.3,0.96,683,0,0,0,0
19.38,14,1,clothing,0.11,0.071,5.0,0.96,980,0,0,0,0
167.27,13,3,dining,0.079,0.06,10.7,0.83,569,0,0,1,0
90.91,14,1,dining,0.282,0.272,10.9,1.05,2162,1,0,0,0
77.87,15,1,gas_transport,0.123,0.15,21.0,1.08,3263,0,0,1,0
18.92,13,1,electronics,0.033,0.183,28.1,0.97,1242,0,0,1,0
19.16,12,2,gas_transport,0.045,0.048,18.8,1.34,3046,0,0,0,0
87.38,6,2,dining,0.082,0.103,13.7,0.58,1233,0,1,1,0
8.89,21,3,clothing,0.139,0.258,14.1,0.87,2770,0,0,1,0
59.22,13,1,dining,0.26,0.075,43.4,1.05,3043,0,0,1,0
27.28,16,2,grocery,0.057,0.308,5.5,0.38,2378,0,0,0,0
13.37,11,1,grocery,0.103,0.43,0.4,1.62,3560,0,0,1,0
152.44,14,2,travel,0.399,0.096,4.3,1.29,2139,0,0,0,0
81.88,21,1,grocery,0.154,0.209,11.1,0.91,1848,0,0,0,0
69.2,9,2,gas_transport,0.067,0.206,15.8,0.64,2954,0,0,0,0
100.27,11,6,grocery,0.222,0.07,2.9,1.38,2147,0,0,1,0
79.68,12,1,health_beauty,0.268,0.339,11.2,1.55,1041,0,1,0,0
14.7,10,1,grocery,0.054,0.182,1.9,1.12,2019,0,0,1,0
70.34,11,1,gas_transport,0.051,0.155,5.0,1.21,1397,1,0,1,0
59.97,18,3,travel,0.257,0.038,11.7,1.04,769,0,0,1,0
22.61,7,1,travel,0.254,0.132,11.7,0.87,2798,0,0,1,0
17.58,9,1,clothing,0.072,0.319,0.1,1.34,3140,0,0,0,0
92.0,11,2,electronics,0.091,0.065,11.4,0.83,2523,2,0,0,0
15.61,11,4,gas_transport,0.05,0.17,1.2,0.99,1525,0,0,0,0
49.55,10,1,entertainment,0.276,0.314,2.1,0.92,1147,0,0,1,0
36.72,20,1,health_beauty,0.046,0.124,3.5,1.04,1882,0,0,1,0
57.94,13,3,grocery,0.226,0.048,7.9,1.54,2178,0,0,1,0
80.89,21,1,entertainment,0.054,0.188,11.4,1.01,1914,0,0,0,0
27.39,16,2,grocery,0.15,0.017,4.4,0.49,1222,0,0,0,0
47.12,14,1,grocery,0.013,0.044,6.0,1.17,2855,0,0,1,0
16.61,20,1,grocery,0.054,0.122,32.7,1.47,1389,0,0,0,0
31.8,9,1,retail,0.033,0.152,3.0,0.78,1921,0,0,1,0
27.91,17,1,dining,0.106,0.163,3.5,1.13,2519,0,0,0,0
30.75,10,2,clothing,0.181,0.152,10.7,0.99,2820,0,0,1,0
145.88,8,2,dining,0.354,0.1,28.4,0.42,1365,0,0,0,0
90.6,19,3,dining,0.378,0.106,18.9,1.0,2699,0,0,1,0
37.43,9,1,gas_transport,0.095,0.16,20.5,0.66,1372,0,0,1,0
64.7,20,2,dining,0.07,0.17,18.8,0.99,3276,0,0,0,0
194.52,10,2,grocery,0.011,0.066,13.1,1.28,2831,0,0,1,0
1219.35,2,12,travel,0.731,0.625,208.6,4.39,197,4,1,1,1
114.53,16,3,clothing,0.093,0.445,24.2,0.77,2972,0,0,1,0
29.92,16,3,gas_transport,0.183,0.182,1.3,1.0,1583,0,0,0,0
160.79,21,3,gas_transport,0.18,0.279,8.6,1.52,1362,0,0,1,0
91.24,22,1,gas_transport,0.027,0.086,3.5,0.73,1911,0,0,0,0
33.87,15,1,dining,0.361,0.272,29.5,1.45,3364,0,1,0,0
1260.46,18,7,electronics,0.89,0.728,260.0,2.81,217,0,0,1,1
48.13,0,2,travel,0.085,0.226,3.3,1.14,3039,1,0,0,0
222.12,15,3,travel,0.641,0.41,867.5,5.44,45,3,0,1,1
424.84,18,1,dining,0.01,0.206,3.6,1.24,1839,0,0,0,0
30.02,10,3,gas_transport,0.096,0.152,11.7,1.84,3292,0,0,1,0
216.86,1,3,utilities,0.062,0.5,20.2,0.43,205,0,0,0,0
37.65,15,2,travel,0.121,0.363,17.4,0.91,2729,0,0,1,0
49.74,19,3,grocery,0.013,0.167,9.7,1.13,1137,0,0,0,0
10.24,15,3,grocery,0.021,0.083,2.3,0.83,831,0,0,1,0
54.2,20,2,gas_transport,0.061,0.13,3.6,0.34,2553,0,0,1,0
101.22,15,3,utilities,0.066,0.265,12.6,0.99,1716,0,0,0,0
31.15,16,4,entertainment,0.13,0.098,3.2,0.89,324,0,0,0,0
30.13,18,1,dining,0.072,0.041,7.2,1.51,421,0,0,1,0
36.09,20,1,gas_transport,0.164,0.325,18.7,0.94,2872,0,0,1,0
46.93,13,2,electronics,0.246,0.105,16.5,0.88,1887,0,0,1,0
152.64,9,5,grocery,0.058,0.23,2.8,1.31,2530,0,0,1,0
20.03,21,4,travel,0.085,0.051,2.8,1.21,1802,0,0,1,0
90.48,11,3,grocery,0.085,0.128,12.4,0.89,476,0,0,0,0
49.02,11,2,utilities,0.06,0.179,0.7,1.38,2710,1,0,1,0
27.07,11,1,gas_transport,0.107,0.138,5.1,1.27,524,0,0,0,0
60.73,18,1,utilities,0.171,0.494,4.5,1.31,1129,0,0,0,0
91.43,7,1,electronics,0.327,0.264,10.0,0.89,2414,0,0,1,0
42.26,7,1,electronics,0.015,0.114,4.4,1.28,2291,0,0,1,0
106.95,6,1,dining,0.205,0.179,2.3,1.21,2189,0,0,0,0
18.7,19,1,gas_transport,0.088,0.229,14.6,0.9,2313,0,0,0,0
31.24,11,5,travel,0.171,0.309,12.6,0.55,1658,0,0,0,0
29.61,8,3,grocery,0.103,0.192,7.1,1.13,465,0,0,1,0
34.52,12,1,dining,0.301,0.108,35.1,1.21,3348,0,0,1,0
59.61,14,2,grocery,0.45,0.063,11.4,1.17,1388,0,0,0,0
115.86,7,2,gas_transport,0.07,0.391,13.9,1.24,3404,0,0,1,0
20.66,6,1,gas_transport,0.216,0.06,5.4,1.02,3024,0,0,0,0
82.36,13,3,gas_transport,0.247,0.059,8.2,1.41,1330,0,0,0,0
38.72,9,3,grocery,0.053,0.197,42.5,0.71,2604,0,0,1,0
14.51,15,4,electronics,0.017,0.148,41.1,1.17,1105,0,0,1,0
58.96,11,4,entertainment,0.051,0.268,8.9,1.2,1685,0,0,0,0
18.45,7,1,grocery,0.053,0.5,5.4,0.94,3460,0,0,0,0
121.45,3,5,clothing,0.648,0.906,818.1,2.09,26,2,0,1,1
26.68,13,1,electronics,0.077,0.355,27.6,1.36,590,0,0,0,0
37.68,11,2,grocery,0.163,0.428,11.9,0.66,1979,0,0,1,0
1115.12,22,7,entertainment,0.723,0.7,146.6,6.31,253,1,1,1,1
8.17,15,2,grocery,0.078,0.268,0.4,0.71,2371,0,0,0,0
40.06,10,1,dining,0.095,0.205,17.7,1.23,1154,0,0,1,0
40.75,14,1,health_beauty,0.014,0.206,8.3,1.33,1094,0,0,0,0
29.58,7,2,grocery,0.094,0.142,41.9,0.48,1642,0,0,1,0
19.28,15,1,health_beauty,0.324,0.252,30.1,1.58,3545,0,0,1,0
316.28,10,2,clothing,0.043,0.5,5.7,1.22,2290,0,0,0,0
62.83,9,1,gas_transport,0.308,0.271,5.3,1.37,763,0,0,1,0
45.38,23,1,dining,0.022,0.045,19.9,1.02,1150,0,0,0,0
97.14,9,2,grocery,0.126,0.169,3.5,1.19,1748,1,0,1,0
979.56,4,9,travel,0.865,0.664,402.7,8.7,80,3,0,1,1
22.71,10,3,dining,0.016,0.39,1.4,1.12,2562,0,0,0,0
101.98,9,2,grocery,0.134,0.059,21.8,1.03,2197,1,0,1,0
9.29,22,1,gas_transport,0.154,0.173,13.9,1.55,2485,0,0,1,0
22.86,10,3,clothing,0.027,0.191,12.2,0.63,2532,0,0,0,0
35.57,5,1,entertainment,0.153,0.061,6.0,1.15,979,0,0,0,0
70.45,11,1,gas_transport,0.411,0.255,3.8,0.78,2608,0,1,0,0
67.06,17,2,grocery,0.1,0.162,1.0,1.0,235,1,0,1,0
52.25,14,1,dining,0.403,0.374,2.5,0.7,2262,0,0,0,0
35.64,12,2,gas_transport,0.149,0.049,2.9,0.6,1505,0,1,1,0
72.7,5,1,dining,0.136,0.3,1.4,0.65,3271,0,1,1,0
5.0,11,3,gas_transport,0.1,0.101,0.2,1.39,3060,0,0,0,0
56.77,12,1,entertainment,0.085,0.016,8.7,1.3,892,0,0,0,0
22.54,6,1,grocery,0.101,0.181,6.1,0.42,2048,0,0,0,0
63.31,16,4,clothing,0.45,0.01,1.9,0.96,2972,0,1,0,0
12.42,11,2,clothing,0.039,0.18,29.2,0.8,2159,0,0,0,0
45.91,16,1,clothing,0.179,0.071,10.1,0.79,2923,0,0,0,0
56.24,21,1,clothing,0.025,0.134,19.7,1.66,2857,0,1,0,0
133.55,0,1,grocery,0.181,0.166,1.6,1.15,2936,0,0,0,0
413.58,6,13,entertainment,0.789,0.464,579.8,6.85,327,4,1,1,1
37.27,18,3,grocery,0.034,0.169,2.5,1.51,2183,0,0,1,0
169.44,14,1,grocery,0.158,0.205,16.5,0.97,2163,0,0,1,0
47.7,7,1,travel,0.106,0.238,18.1,0.54,415,0,0,0,0
61.29,20,1,clothing,0.144,0.042,15.8,1.13,629,0,0,1,0
13.58,19,3,retail,0.01,0.163,10.1,0.85,1764,0,0,0,0
220.37,18,2,travel,0.045,0.417,9.0,0.68,586,0,0,0,0
60.59,8,2,dining,0.371,0.038,21.9,1.12,1168,0,0,1,0
15.54,4,1,gas_transport,0.24,0.124,4.9,1.17,1113,0,0,1,0
64.13,12,1,dining,0.16,0.036,12.6,1.55,2941,0,0,0,0
54.15,23,3,grocery,0.148,0.233,20.7,0.76,1168,0,0,1,0
566.02,15,6,dining,0.742,0.766,1357.9,7.29,56,3,1,0,1
41.64,11,1,dining,0.218,0.301,6.4,1.41,1369,0,1,1,0
61.33,3,2,grocery,0.058,0.19,6.4,1.3,210,0,0,0,0
131.72,14,1,entertainment,0.097,0.256,9.2,1.21,3248,0,0,0,0
51.49,18,4,electronics,0.302,0.28,44.2,1.14,1632,0,0,0,0
75.97,13,2,grocery,0.327,0.217,1.8,0.66,690,1,1,0,0
27.08,11,1,gas_transport,0.45,0.078,5.5,0.78,523,0,0,1,0
49.55,11,1,dining,0.154,0.232,5.2,1.18,1388,0,0,0,0
45.45,9,1,health_beauty,0.288,0.207,7.1,0.39,3151,0,0,0,0
20.53,6,1,dining,0.025,0.211,0.7,1.62,1650,0,0,0,0
5.0,14,1,travel,0.028,0.057,0.9,1.26,624,0,0,1,0
65.11,11,3,gas_transport,0.107,0.494,2.7,1.21,976,0,0,1,0
12.18,21,2,travel,0.154,0.168,9.8,1.6,382,0,0,0,0
13.12,13,3,clothing,0.348,0.049,39.3,0.78,1625,0,0,0,0
119.3,17,2,dining,0.124,0.121,4.6,1.08,2882,0,0,0,0
147.18,7,3,electronics,0.032,0.284,7.0,1.14,2541,0,0,0,0
38.39,9,5,travel,0.21,0.149,22.9,1.1,503,0,0,1,0
51.53,17,2,grocery,0.171,0.239,10.0,1.16,1617,0,0,1,0
191.68,16,2,travel,0.083,0.17,0.7,1.15,817,0,0,1,0
186.93,2,6,electronics,0.84,0.565,495.9,6.58,20,2,1,1,1
99.14,7,1,grocery,0.365,0.167,5.1,0.22,1196,0,0,0,0
112.52,15,1,utilities,0.207,0.07,17.9,0.92,2616,0,0,0,0
35.67,12,1,retail,0.218,0.118,5.9,1.23,1313,0,0,1,0
142.71,15,1,dining,0.099,0.072,13.7,0.79,2410,0,0,1,0
69.63,17,2,gas_transport,0.138,0.076,11.3,0.64,2280,0,0,1,0
22.31,8,2,gas_transport,0.128,0.285,11.2,1.09,429,0,0,0,0
11.38,9,1,clothing,0.013,0.043,1.9,1.61,1958,0,0,1,0
618.35,16,8,travel,0.77,0.825,554.9,3.62,548,3,1,1,1
33.1,14,1,dining,0.063,0.104,27.8,1.4,2365,0,0,1,0
53.57,10,4,grocery,0.045,0.05,14.3,0.91,1270,0,0,1,0
41.41,12,1,gas_transport,0.119,0.31,12.1,0.93,1366,0,1,1,0
72.5,14,1,utilities,0.129,0.13,3.9,1.26,2851,0,0,1,0
34.5,14,5,grocery,0.058,0.282,19.1,0.69,1239,0,0,1,0
20.29,7,2,grocery,0.285,0.1,19.4,0.48,1988,0,0,1,0
56.81,7,3,gas_transport,0.01,0.081,10.0,1.02,1638,0,0,1,0
147.81,18,1,entertainment,0.189,0.129,2.2,0.92,3325,0,1,0,0
71.8,6,4,gas_transport,0.081,0.361,2.2,0.61,575,0,0,1,0
42.26,12,3,dining,0.097,0.283,8.9,0.2,2934,0,0,1,0
100.7,14,1,dining,0.047,0.061,35.0,1.38,2701,0,0,0,0
44.0,7,1,entertainment,0.224,0.103,27.8,0.65,3500,0,0,0,0
11.24,9,1,clothing,0.236,0.244,27.4,1.17,959,0,0,0,0
74.49,12,3,gas_transport,0.049,0.125,8.8,0.96,2486,0,0,1,0
50.38,18,1,electronics,0.147,0.214,0.5,1.0,3122,0,0,1,0
57.51,15,4,clothing,0.45,0.128,15.4,1.0,3046,0,0,0,0
60.61,23,2,electronics,0.075,0.069,9.3,0.51,346,1,0,1,0
47.91,15,5,utilities,0.01,0.12,5.1,1.35,1483,0,0,0,0
34.38,15,4,clothing,0.213,0.051,0.1,1.2,3417,0,0,1,0
46.86,7,2,gas_transport,0.055,0.022,7.5,1.03,295,1,0,1,0
30.94,10,2,dining,0.074,0.177,7.7,1.04,998,0,0,1,0
132.44,14,1,dining,0.162,0.037,4.5,0.79,3451,0,0,1,0
30.66,15,1,entertainment,0.245,0.248,6.2,1.13,2877,0,0,0,0
22.88,15,2,dining,0.247,0.125,7.7,1.07,1336,0,0,0,0
34.33,17,1,electronics,0.12,0.027,6.5,0.92,281,0,1,1,0
11.41,17,1,travel,0.136,0.285,9.6,1.02,1693,0,0,0,0
117.08,9,1,gas_transport,0.036,0.069,9.4,0.77,1691,1,0,1,0
21.49,17,3,gas_transport,0.156,0.137,16.1,0.8,639,0,0,1,0
60.78,11,1,travel,0.02,0.188,1.9,0.88,2989,0,0,1,0
45.57,16,1,grocery,0.279,0.016,19.3,0.92,2263,0,0,0,0
39.07,19,1,dining,0.319,0.224,3.7,1.29,484,0,0,1,0
11.89,22,1,gas_transport,0.036,0.089,2.0,0.28,3136,0,0,0,0
95.68,20,1,clothing,0.024,0.405,10.3,1.11,1208,0,0,1,0
35.82,15,1,grocery,0.203,0.095,28.3,0.96,3044,0,0,0,0
13.08,11,2,gas_transport,0.253,0.296,20.1,0.75,1443,0,0,0,0
36.93,20,1,grocery,0.048,0.041,11.0,1.13,3037,0,0,1,0
38.54,21,3,travel,0.337,0.146,3.6,0.89,1487,0,0,1,0
15.03,18,4,utilities,0.267,0.161,20.1,1.33,765,0,0,0,0
43.2,15,2,gas_transport,0.04,0.133,5.1,1.44,1683,0,1,1,0
24.87,13,1,utilities,0.076,0.019,4.6,1.06,1731,0,0,1,0
179.66,18,1,dining,0.118,0.049,1.3,1.03,3065,0,0,1,0
746.89,4,5,travel,0.529,0.726,1512.5,3.02,66,0,0,1,1
35.37,12,3,clothing,0.109,0.061,7.2,0.92,2804,0,0,1,0
28.13,8,3,dining,0.095,0.093,6.4,1.23,1564,0,0,1,0
36.77,8,1,gas_transport,0.092,0.117,14.5,1.24,1726,0,0,1,0
105.25,7,2,gas_transport,0.137,0.082,4.2,0.72,2165,0,0,1,0
21.38,8,2,clothing,0.176,0.01,4.1,0.42,2228,0,0,1,0
39.2,14,1,travel,0.052,0.11,2.1,1.14,358,0,0,0,0
93.44,15,5,electronics,0.217,0.319,0.5,1.3,1451,0,0,1,0
199.69,8,4,dining,0.441,0.057,26.0,1.07,349,0,0,0,0
33.99,15,3,electronics,0.335,0.104,17.6,1.18,3044,0,0,0,0
32.79,14,1,health_beauty,0.038,0.131,1.8,0.77,2277,0,0,1,0
63.24,7,1,travel,0.011,0.038,0.5,0.83,2416,0,1,0,0
88.35,3,3,health_beauty,0.01,0.205,0.3,1.23,3207,0,0,1,0
31.66,14,1,clothing,0.45,0.209,0.8,1.26,2179,0,0,1,0
22.83,12,2,dining,0.108,0.055,5.9,1.02,561,2,0,0,0
37.29,10,2,gas_transport,0.259,0.049,7.6,1.06,508,0,0,0,0
20.47,16,2,grocery,0.165,0.03,2.7,1.11,3100,1,1,0,0
297.06,17,1,electronics,0.01,0.149,21.6,0.77,3110,0,0,0,0
4800.0,6,8,gas_transport,0.717,0.824,699.4,7.29,84,2,1,1,1
131.09,9,1,clothing,0.08,0.062,5.7,1.2,2405,0,0,0,0
44.16,22,1,dining,0.025,0.338,25.5,0.45,568,0,0,1,0
79.06,9,2,health_beauty,0.035,0.061,20.3,1.07,3416,0,0,0,0
29.75,16,4,clothing,0.032,0.271,4.9,1.04,954,0,0,1,0
26.65,13,2,gas_transport,0.185,0.087,0.3,1.43,256,0,0,1,0
49.35,13,1,clothing,0.01,0.115,10.7,0.98,2643,0,1,0,0
73.31,12,1,dining,0.02,0.221,2.2,0.78,2458,0,0,1,0
72.85,11,1,dining,0.012,0.064,10.1,0.92,1059,0,0,1,0
90.31,10,1,dining,0.111,0.164,0.8,0.5,1908,0,0,0,0
161.46,17,1,retail,0.088,0.172,15.9,0.67,2090,0,0,1,0
137.62,19,2,clothing,0.132,0.031,2.9,1.21,824,0,0,1,0
1668.69,21,12,retail,0.9,0.658,15.0,2.98,439,0,1,1,1
51.82,16,5,dining,0.221,0.138,30.9,1.66,333,0,0,1,0
31.77,21,1,grocery,0.13,0.194,1.8,1.06,2480,0,0,1,0
103.27,21,1,clothing,0.018,0.065,4.7,1.04,2425,0,0,0,0
133.73,14,1,entertainment,0.01,0.098,40.1,0.35,291,0,0,1,0
68.2,19,1,clothing,0.01,0.229,5.0,1.21,1246,0,0,1,0
972.05,5,5,clothing,0.818,0.675,99.9,1.8,194,0,1,1,1
96.02,6,1,entertainment,0.028,0.324,35.7,0.6,2289,0,0,0,0
37.61,16,2,clothing,0.214,0.075,0.5,0.49,1605,0,0,1,0
261.17,15,5,gas_transport,0.055,0.128,14.3,1.12,1567,0,0,1,0
27.92,11,3,grocery,0.125,0.057,86.4,0.78,1422,0,0,1,0
28.96,15,6,grocery,0.254,0.026,15.1,1.21,2784,0,0,1,0
44.37,18,1,dining,0.031,0.131,1.1,1.32,1422,0,0,1,0
71.94,19,1,entertainment,0.251,0.253,0.4,0.96,1196,0,0,1,0
43.7,9,2,grocery,0.062,0.428,12.3,1.29,1392,0,0,0,0
118.15,15,2,grocery,0.074,0.015,12.6,1.08,617,0,0,1,0
51.65,10,2,grocery,0.084,0.387,3.3,1.28,2325,0,0,1,0
51.43,17,2,entertainment,0.094,0.098,22.8,0.82,246,0,0,1,0
16.59,8,3,electronics,0.213,0.193,16.5,0.93,1938,1,0,1,0
73.71,14,1,clothing,0.32,0.088,12.3,0.2,2538,0,0,1,0
74.75,0,1,gas_transport,0.054,0.147,9.7,0.74,2241,0,0,0,0
27.12,8,3,entertainment,0.075,0.329,7.0,0.64,2103,0,0,1,0
63.86,6,2,clothing,0.212,0.075,9.4,0.75,1315,0,0,1,0
20.9,13,2,travel,0.128,0.056,11.9,1.51,1860,0,0,0,0
35.1,16,1,entertainment,0.074,0.224,1.8,0.38,1177,0,0,0,0
50.73,16,2,entertainment,0.134,0.129,28.0,0.62,1755,0,0,1,0
173.64,0,8,gas_transport,0.767,0.523,648.0,2.79,14,2,1,1,1
297.56,1,2,electronics,0.914,0.64,1704.1,6.35,262,2,0,1,1
17.19,19,3,gas_transport,0.144,0.182,1.0,1.35,1477,0,0,1,0
50.04,14,1,clothing,0.359,0.015,25.2,1.33,278,0,0,1,0
62.62,14,4,gas_transport,0.1,0.387,18.7,1.0,954,0,0,1,0
105.58,17,1,grocery,0.132,0.316,20.0,0.56,1647,0,0,1,0
22.88,10,1,retail,0.181,0.062,29.2,0.47,624,0,0,1,0
4800.0,19,9,electronics,0.678,0.609,186.1,7.0,157,1,1,1,1
75.1,17,1,gas_transport,0.022,0.128,2.3,1.57,257,0,0,0,0
125.51,7,2,retail,0.253,0.071,0.5,0.51,1023,0,0,0,0
19.66,18,1,clothing,0.271,0.227,2.4,1.23,3302,0,0,1,0
213.06,1,4,travel,0.774,0.728,172.9,5.14,82,1,1,0,1
101.95,8,2,electronics,0.21,0.188,18.1,0.83,2870,0,0,1,0
18.1,5,4,entertainment,0.25,0.263,7.3,1.29,497,0,0,1,0
502.39,17,8,electronics,0.671,0.843,193.0,4.6,385,4,1,1,1
59.26,9,1,clothing,0.131,0.189,7.9,1.14,2062,0,0,0,0
37.03,17,1,retail,0.025,0.197,28.7,1.01,1280,0,0,0,0
27.39,11,3,grocery,0.083,0.04,3.7,1.3,1055,0,0,1,0
23.95,8,1,dining,0.073,0.103,22.4,0.36,2987,0,0,1,0
57.03,9,3,gas_transport,0.126,0.213,10.4,1.55,440,0,0,0,0
162.43,7,1,travel,0.092,0.064,13.3,1.37,1592,0,0,1,0
400.47,8,5,clothing,0.678,0.571,215.7,6.92,674,3,0,1,1
27.58,8,3,retail,0.11,0.223,9.3,1.12,744,0,1,0,0
42.7,11,1,grocery,0.324,0.026,11.0,1.5,2722,0,0,0,0
10.86,14,2,grocery,0.126,0.141,3.1,0.61,2786,0,0,0,0
34.95,10,3,grocery,0.166,0.151,1.9,0.65,1109,0,0,1,0
55.01,19,2,travel,0.307,0.079,19.5,1.06,1553,0,0,1,0
48.99,12,1,clothing,0.012,0.065,13.0,1.25,645,0,0,1,0
202.38,6,3,dining,0.086,0.409,23.1,0.99,2264,1,0,1,0
14.3,11,1,grocery,0.184,0.377,12.9,0.66,3000,0,0,1,0
45.27,13,4,grocery,0.099,0.119,9.4,0.79,847,0,0,0,0
28.07,17,3,grocery,0.158,0.096,42.3,1.38,1852,0,0,1,0
7.98,20,3,gas_transport,0.052,0.067,37.3,1.26,1997,0,0,0,0
32.07,12,1,entertainment,0.071,0.106,6.5,1.13,3272,0,0,0,0
228.63,19,2,electronics,0.302,0.062,3.1,1.25,3333,1,1,0,0
65.35,18,3,utilities,0.07,0.09,13.1,1.31,1940,0,0,1,0
1061.67,1,8,electronics,0.869,0.666,436.8,6.93,292,0,1,1,1
91.53,6,3,electronics,0.01,0.224,17.5,0.86,1901,0,0,0,0
16.0,12,1,gas_transport,0.067,0.049,3.4,1.09,3088,0,0,0,0
11.84,10,3,clothing,0.13,0.233,24.5,1.13,1222,0,0,0,0
46.17,14,2,clothing,0.03,0.278,43.7,0.68,427,0,0,0,0
69.03,7,1,electronics,0.091,0.234,15.4,0.79,3056,0,0,0,0
61.8,18,6,entertainment,0.342,0.028,22.2,0.8,1372,0,0,1,0
12.82,14,1,clothing,0.118,0.238,15.8,1.79,458,0,0,1,0
72.19,17,3,grocery,0.041,0.193,0.1,1.03,3190,0,0,1,0
40.43,10,3,entertainment,0.106,0.091,5.6,1.19,2054,0,0,1,0
37.48,13,1,grocery,0.07,0.133,1.8,1.61,1893,0,0,1,0
32.35,7,2,health_beauty,0.042,0.169,5.8,1.37,1220,0,0,0,0
53.49,11,1,dining,0.085,0.025,13.3,0.82,3042,0,0,0,0
93.93,8,1,electronics,0.029,0.401,3.0,0.86,3336,0,0,0,0
56.5,16,4,gas_transport,0.284,0.035,22.5,0.86,361,0,0,1,0
27.95,13,2,entertainment,0.324,0.041,20.4,1.11,2165,0,0,0,0
466.18,0,6,electronics,0.625,0.867,2238.1,1.8,161,3,0,1,1
15.18,14,4,electronics,0.154,0.048,6.0,0.56,3147,0,0,0,0
36.6,11,1,dining,0.203,0.091,3.2,0.43,1574,0,1,1,0
124.0,5,1,grocery,0.056,0.221,38.3,0.66,560,0,0,0,0
51.82,10,1,dining,0.104,0.228,5.3,1.59,3120,0,0,1,0
591.96,2,15,utilities,0.633,0.868,525.5,6.11,223,3,1,1,1
56.01,20,2,gas_transport,0.053,0.249,22.9,1.27,2733,0,0,0,0
103.42,11,2,entertainment,0.02,0.159,40.8,0.91,3120,0,0,1,0
21.67,9,1,entertainment,0.215,0.5,7.0,1.42,1192,0,0,1,0
1480.79,4,10,electronics,0.769,0.73,15.0,6.45,194,3,0,1,1
30.97,15,1,entertainment,0.026,0.236,4.0,0.89,542,0,0,1,0
24.76,11,2,gas_transport,0.105,0.261,1.8,1.62,2237,0,0,1,0
50.46,16,2,gas_transport,0.027,0.251,1.1,0.59,2539,0,0,0,0
40.4,12,2,grocery,0.084,0.081,7.0,0.88,2487,0,0,0,0
14.48,13,1,dining,0.178,0.137,36.5,0.57,816,0,0,1,0
120.0,14,7,electronics,0.975,0.73,703.6,8.53,731,0,0,1,1
77.51,6,1,grocery,0.12,0.089,1.1,1.4,517,1,0,1,0
83.56,19,5,gas_transport,0.092,0.27,3.0,0.99,3091,0,0,0,0
39.64,14,1,dining,0.078,0.05,2.7,0.55,3249,0,0,0,0
38.64,7,3,gas_transport,0.396,0.1,9.2,0.93,285,0,0,1,0
51.19,16,1,gas_transport,0.067,0.121,6.8,0.2,460,0,0,1,0
13.46,23,3,entertainment,0.326,0.442,16.0,1.35,1172,0,0,0,0
116.3,15,1,gas_transport,0.178,0.017,39.8,1.14,2746,0,0,0,0
21.11,18,3,clothing,0.055,0.228,11.9,1.24,2701,0,0,1,0
140.28,11,2,clothing,0.299,0.28,2.7,1.02,2767,0,0,0,0
49.26,11,4,electronics,0.05,0.145,14.6,1.35,1346,0,0,1,0
35.78,12,3,dining,0.22,0.078,2.1,1.42,1507,0,0,1,0
120.0,13,6,travel,0.724,0.853,53.3,10.55,20,4,1,1,1
28.91,18,1,health_beauty,0.023,0.055,38.8,1.06,2565,0,0,0,0
59.81,16,1,health_beauty,0.081,0.039,0.4,0.89,2512,0,0,1,0
4105.96,6,8,electronics,0.873,0.621,648.7,8.09,318,3,0,1,1
71.03,15,2,clothing,0.02,0.327,13.9,0.84,1629,0,0,0,0
92.34,19,1,grocery,0.259,0.107,17.9,1.42,1637,0,0,1,0
20.83,13,1,grocery,0.053,0.488,21.7,1.26,1973,0,0,1,0
37.34,17,2,clothing,0.082,0.255,4.5,1.01,245,0,0,0,0
21.63,9,3,grocery,0.01,0.098,1.9,1.45,903,0,0,1,0
66.57,16,4,grocery,0.111,0.152,0.7,0.84,3283,0,0,1,0
23.75,6,2,grocery,0.052,0.21,6.9,0.64,1263,0,0,1,0
2853.35,23,5,electronics,0.851,0.973,1125.1,4.88,128,1,1,0,1
33.68,17,3,dining,0.292,0.268,12.7,0.65,2060,0,0,1,0
56.25,12,1,dining,0.162,0.116,36.5,0.86,1441,0,0,1,0
95.39,9,1,entertainment,0.154,0.044,20.9,1.01,1894,0,0,0,0
7.28,9,2,utilities,0.025,0.077,19.3,1.05,3268,0,0,1,0
76.12,9,1,clothing,0.249,0.011,2.9,1.16,865,0,0,0,0
30.78,16,1,travel,0.063,0.423,11.7,1.17,277,0,0,0,0
9.69,8,1,clothing,0.219,0.017,7.5,1.36,1088,0,0,0,0
103.29,11,1,grocery,0.272,0.225,5.7,0.54,1573,1,0,0,0
244.14,11,6,health_beauty,0.127,0.146,10.5,1.03,2818,0,0,1,0
145.59,14,5,electronics,0.789,0.503,3210.0,4.1,41,1,1,1,1
12.9,17,1,electronics,0.119,0.051,31.3,1.28,2022,0,0,1,0
27.55,11,2,clothing,0.233,0.47,2.7,1.24,2235,0,0,0,0
84.72,8,1,grocery,0.118,0.204,29.5,1.11,1742,0,0,1,0
89.82,4,1,dining,0.034,0.5,5.1,1.44,2844,0,0,1,0
46.29,15,1,dining,0.032,0.165,7.4,1.3,2658,0,0,0,0
34.28,11,6,dining,0.125,0.207,3.3,1.12,1490,0,0,0,0
32.68,19,1,gas_transport,0.159,0.059,1.8,1.14,542,0,0,0,0
5.56,18,2,utilities,0.23,0.065,2.8,0.97,1827,0,0,0,0
55.13,15,1,travel,0.026,0.03,16.5,1.08,1832,1,0,1,0
143.43,1,7,travel,0.772,0.851,500.7,8.08,576,1,0,1,1
48.01,2,3,grocery,0.286,0.074,6.6,0.92,1485,0,0,1,0
29.53,8,3,retail,0.056,0.13,22.3,1.27,2041,0,0,0,0
9.24,9,1,electronics,0.012,0.24,1.8,0.25,852,0,0,1,0
25.94,6,1,gas_transport,0.06,0.042,1.9,0.8,1741,0,0,0,0
105.11,9,2,gas_transport,0.039,0.262,3.1,1.15,198,0,0,0,0
61.98,9,1,travel,0.251,0.109,4.2,1.3,2953,0,0,0,0
90.09,14,1,gas_transport,0.109,0.129,19.2,1.59,320,0,0,0,0
52.22,8,1,grocery,0.084,0.044,2.0,0.98,2672,0,0,1,0
80.49,11,1,health_beauty,0.116,0.316,0.1,0.84,972,1,0,1,0
213.25,15,1,dining,0.01,0.277,3.0,0.76,512,0,0,0,0
75.5,21,2,entertainment,0.035,0.153,0.9,1.33,2862,0,0,1,0
38.3,8,3,grocery,0.262,0.285,0.5,0.95,3540,0,0,1,0
1829.3,1,5,travel,0.855,0.585,216.9,3.93,150,1,1,1,1
32.9,6,1,health_beauty,0.016,0.123,3.6,0.69,2863,0,0,1,0
9.1,19,5,grocery,0.087,0.129,7.3,0.86,2739,0,0,1,0
36.85,20,3,electronics,0.344,0.212,16.1,0.97,1988,0,0,1,0
123.99,16,4,electronics,0.448,0.356,27.9,1.04,3161,0,0,0,0
114.89,18,2,grocery,0.116,0.14,52.4,1.54,2543,0,0,1,0
22.84,12,1,clothing,0.136,0.049,23.8,1.8,746,0,0,1,0
219.92,17,2,gas_transport,0.186,0.196,6.7,1.27,2220,0,0,1,0
113.75,11,2,dining,0.06,0.036,8.2,0.91,2804,0,0,1,0
29.65,6,2,dining,0.138,0.186,12.5,0.92,261,0,0,0,0
26.37,16,1,clothing,0.022,0.144,30.4,0.46,341,0,1,1,0
40.52,11,3,entertainment,0.175,0.355,7.3,0.81,884,0,0,1,0
37.29,8,2,dining,0.053,0.223,15.6,1.54,1389,1,0,0,0
17.53,10,1,gas_transport,0.032,0.254,16.0,0.7,2688,0,0,0,0
53.75,9,1,grocery,0.059,0.316,18.5,1.34,2983,0,0,1,0
48.25,11,1,grocery,0.331,0.046,1.0,1.16,720,0,0,1,0
124.32,12,3,health_beauty,0.05,0.132,20.4,1.26,464,0,0,0,0
193.44,14,2,retail,0.181,0.138,11.2,1.52,1168,0,0,0,0
71.31,16,4,gas_transport,0.078,0.113,1.6,0.85,3021,0,0,1,0
26.45,7,1,dining,0.026,0.303,1.7,0.7,954,0,0,0,0
45.65,12,2,retail,0.247,0.032,26.6,0.87,1175,0,0,1,0
85.11,15,4,grocery,0.158,0.5,39.2,0.55,818,0,0,1,0
68.84,6,3,travel,0.142,0.084,8.2,0.27,3212,0,0,0,0
125.96,6,3,dining,0.095,0.042,7.8,0.8,1716,0,0,1,0
96.04,17,1,utilities,0.142,0.112,18.5,0.97,2067,0,0,0,0
253.9,15,1,dining,0.1,0.044,0.4,0.7,434,0,0,1,0
31.71,15,1,gas_transport,0.05,0.156,47.4,1.4,3264,0,0,0,0
16.19,19,1,clothing,0.123,0.06,10.1,1.26,3256,0,0,0,0
61.23,5,5,gas_transport,0.197,0.321,4.7,1.08,670,0,0,1,0
48.6,11,3,dining,0.097,0.219,6.4,0.66,472,0,0,1,0
34.58,5,2,clothing,0.341,0.203,3.3,0.85,3520,0,0,0,0
50.36,16,1,dining,0.228,0.151,6.4,1.38,550,0,0,1,0
47.58,0,3,gas_transport,0.301,0.022,8.6,1.62,1064,0,0,0,0
134.45,8,3,grocery,0.033,0.06,17.7,1.42,3346,0,0,0,0
81.54,20,2,grocery,0.068,0.188,9.5,0.63,2149,0,0,0,0
38.21,17,2,clothing,0.45,0.269,17.7,0.98,430,0,0,1,0
75.66,15,2,travel,0.092,0.054,26.2,0.74,2561,0,0,0,0
22.97,17,3,utilities,0.077,0.09,3.5,0.75,1116,0,0,1,0
188.17,22,2,dining,0.2,0.168,16.4,1.64,3001,0,0,1,0
62.43,19,1,gas_transport,0.169,0.187,1.0,0.81,1109,0,0,1,0
58.97,12,2,retail,0.068,0.19,11.6,0.73,1972,0,0,0,0
18.71,17,1,grocery,0.317,0.047,3.2,1.23,2679,0,0,0,0
18.87,10,3,grocery,0.022,0.076,0.6,0.8,448,0,0,1,0
150.82,6,4,gas_transport,0.029,0.187,1.3,0.81,238,0,0,1,0
15.79,21,1,grocery,0.17,0.269,6.8,1.11,599,0,1,0,0
169.31,22,1,dining,0.03,0.118,34.1,0.97,647,0,0,0,0
29.85,1,2,dining,0.06,0.429,20.4,1.27,3308,0,0,0,0
20.96,12,1,travel,0.172,0.069,2.5,0.86,1394,0,0,1,0
205.09,19,11,electronics,0.662,0.601,321.7,6.75,43,0,1,1,1
156.84,3,10,clothing,0.789,0.748,165.1,4.37,31,1,0,1,1
40.38,16,1,grocery,0.094,0.087,23.3,1.11,2411,0,0,1,0
51.61,13,4,dining,0.051,0.132,9.4,0.78,2071,0,0,1,0
1961.11,19,3,travel,0.75,0.753,142.5,4.81,150,1,1,0,1
16.42,21,1,retail,0.048,0.027,9.0,1.26,2164,0,0,0,0
37.81,11,1,grocery,0.199,0.34,4.7,0.52,739,0,0,1,0
21.63,11,2,travel,0.096,0.14,1.2,0.43,2200,0,0,1,0
27.02,13,2,grocery,0.044,0.01,4.3,0.31,2124,0,0,1,0
60.75,14,1,grocery,0.167,0.5,1.5,1.21,1376,0,0,1,0
161.38,17,1,retail,0.059,0.178,7.7,0.97,2733,0,0,1,0
29.98,6,3,grocery,0.07,0.313,20.8,0.59,1266,0,0,1,0
13.72,20,1,grocery,0.094,0.064,3.9,0.74,1909,0,0,0,0
33.94,14,2,grocery,0.324,0.091,2.6,0.94,2740,0,0,0,0
14.44,9,1,clothing,0.025,0.315,16.1,0.72,1497,0,0,1,0
170.31,20,1,grocery,0.028,0.289,12.3,1.43,1054,1,0,1,0
30.31,12,3,entertainment,0.143,0.313,13.6,0.94,2814,0,0,0,0
48.39,17,3,gas_transport,0.142,0.148,31.7,0.26,997,0,0,0,0
123.11,1,4,clothing,0.78,0.818,316.4,7.28,182,2,0,1,1
38.84,11,2,utilities,0.026,0.173,13.7,0.79,3262,0,0,1,0
1260.24,19,6,travel,0.921,0.807,43.6,6.89,1185,4,1,1,1
40.35,11,1,dining,0.01,0.045,2.8,1.13,903,2,0,0,0
42.11,7,1,gas_transport,0.19,0.02,1.1,1.2,630,0,0,0,0
32.99,16,2,dining,0.183,0.117,19.1,0.72,870,0,0,1,0
99.23,11,3,utilities,0.268,0.053,4.7,0.34,1066,0,0,0,0
114.63,13,1,grocery,0.081,0.143,7.0,1.02,422,1,0,1,0
119.8,13,1,gas_transport,0.22,0.234,7.0,0.57,1553,0,0,1,0
90.2,13,5,grocery,0.083,0.242,5.9,1.19,1147,0,0,1,0
35.14,10,1,travel,0.254,0.135,22.6,1.17,3377,0,0,1,0
1101.7,1,7,clothing,0.961,0.671,411.9,4.33,403,1,1,1,1
17.12,16,3,clothing,0.059,0.084,0.2,1.29,2421,0,0,0,0
75.6,8,1,gas_transport,0.218,0.3,21.2,0.8,2515,0,0,1,0
70.05,5,1,gas_transport,0.064,0.098,24.3,1.13,3014,0,0,0,0
73.36,19,4,electronics,0.041,0.158,3.0,1.09,1534,0,0,0,0
10.07,12,1,grocery,0.253,0.215,1.2,1.05,886,0,0,0,0
136.29,13,1,grocery,0.028,0.176,2.6,1.33,2761,0,0,0,0
41.18,9,4,retail,0.075,0.486,7.1,1.04,551,0,0,0,0
37.34,11,2,grocery,0.086,0.036,2.9,1.17,2739,0,0,0,0
12.45,8,1,grocery,0.119,0.294,44.5,0.86,1673,0,0,1,0
6.26,18,1,dining,0.024,0.126,75.3,1.39,986,0,0,1,0
16.73,15,1,entertainment,0.181,0.199,5.7,1.57,352,0,0,1,0
28.72,13,3,grocery,0.169,0.182,21.3,0.86,1062,0,0,1,0
59.12,10,3,dining,0.011,0.213,12.1,1.37,324,0,0,0,0
361.84,19,7,dining,0.65,0.84,776.5,6.54,48,2,1,1,1
24.77,12,1,dining,0.017,0.056,22.0,1.16,3433,0,0,0,0
51.03,15,3,grocery,0.329,0.025,12.4,0.75,951,0,0,1,0
27.07,4,1,gas_transport,0.333,0.128,0.2,1.17,1408,0,0,1,0
29.25,13,1,dining,0.169,0.08,11.4,0.54,1770,0,0,1,0
1621.7,1,10,travel,0.666,0.588,161.8,1.8,346,4,0,1,1
91.5,17,4,dining,0.01,0.211,23.3,0.33,472,0,0,1,0
370.03,4,9,clothing,0.727,0.838,93.6,3.88,249,1,1,0,1
14.33,13,4,grocery,0.101,0.012,7.3,1.29,2268,0,0,0,0
22.64,8,1,utilities,0.141,0.289,15.3,0.62,2545,0,0,0,0
34.19,10,3,retail,0.11,0.189,0.5,1.0,2025,0,0,1,0
230.41,15,5,dining,0.216,0.13,21.5,0.96,1757,0,0,1,0
79.86,5,1,entertainment,0.308,0.145,6.7,0.66,2622,0,0,1,0
1568.81,3,4,entertainment,0.772,0.4,579.5,7.2,8,3,0,1,1
29.29,9,1,grocery,0.068,0.196,5.6,0.31,2355,0,0,1,0
58.26,14,3,grocery,0.23,0.136,33.8,0.87,1111,0,0,1,0
67.92,6,1,gas_transport,0.408,0.093,0.1,1.24,2544,0,0,0,0
72.59,9,1,retail,0.09,0.095,3.9,0.64,2798,0,0,1,0
148.51,8,3,grocery,0.176,0.017,8.1,1.1,2811,0,0,0,0
102.11,17,3,dining,0.028,0.276,7.5,0.57,1653,0,0,0,0
94.76,12,1,electronics,0.23,0.431,16.8,1.04,1393,0,1,1,0
64.64,7,6,utilities,0.132,0.014,17.2,1.47,559,0,0,0,0
15.79,18,1,travel,0.162,0.107,0.9,0.94,3149,0,0,0,0
180.42,15,2,grocery,0.234,0.308,4.8,1.06,822,0,0,0,0
363.81,16,2,grocery,0.171,0.053,9.8,1.34,497,1,0,0,0
12.08,11,2,electronics,0.113,0.142,12.7,1.11,1040,0,0,1,0
94.23,8,2,grocery,0.191,0.402,8.8,0.6,3446,0,0,1,0
29.07,15,1,utilities,0.062,0.082,17.4,0.97,1470,0,0,1,0
57.82,11,4,grocery,0.02,0.02,1.3,0.89,1103,0,0,1,0
13.47,6,1,travel,0.01,0.271,8.4,1.27,2257,0,0,1,0
31.21,6,1,grocery,0.309,0.169,1.1,1.36,3010,0,0,1,0
58.84,7,1,grocery,0.055,0.055,4.6,1.35,1961,1,0,0,0
67.11,16,1,travel,0.161,0.332,3.8,0.53,1786,0,0,0,0
39.98,9,1,grocery,0.048,0.137,2.2,0.54,393,0,0,1,0
23.13,15,1,grocery,0.142,0.093,9.7,1.58,920,2,0,1,0
38.22,11,1,travel,0.45,0.288,15.7,1.67,668,0,0,1,0
33.47,6,2,electronics,0.1,0.013,6.8,1.03,2703,0,0,0,0
33.48,2,2,clothing,0.092,0.1,26.8,0.95,1755,0,0,1,0
147.55,8,2,gas_transport,0.054,0.197,8.4,1.42,2642,0,0,0,0
41.0,11,3,entertainment,0.129,0.117,24.6,1.16,418,0,0,0,0
171.0,5,3,grocery,0.137,0.225,6.7,0.88,3287,0,0,0,0
136.94,23,1,grocery,0.235,0.069,13.7,0.81,706,0,0,0,0
18.13,10,3,travel,0.177,0.306,23.3,1.07,3102,0,0,1,0
164.57,11,4,grocery,0.051,0.075,9.8,1.56,3530,0,0,0,0
10.41,5,3,grocery,0.252,0.291,0.1,0.64,2000,0,0,1,0
86.32,11,1,grocery,0.082,0.031,1.7,0.55,1852,0,0,0,0
66.23,18,3,travel,0.449,0.312,8.8,0.77,3229,0,0,0,0
4800.0,0,7,travel,0.818,0.628,122.9,7.74,178,2,1,0,1
53.33,19,1,electronics,0.171,0.01,17.3,0.88,368,0,0,1,0
130.87,15,2,grocery,0.207,0.146,2.3,1.35,3307,0,0,0,0
222.44,1,7,electronics,0.745,0.989,545.5,2.0,81,1,0,1,1
79.95,9,2,grocery,0.239,0.185,1.5,0.66,2259,0,0,1,0
67.26,17,1,grocery,0.023,0.126,2.3,1.17,2617,0,0,1,0
65.4,12,1,entertainment,0.208,0.089,18.6,0.74,3587,0,0,1,0
32.77,17,1,grocery,0.192,0.378,10.3,1.19,3465,0,0,0,0
87.08,6,1,entertainment,0.046,0.063,11.8,0.98,1124,0,0,0,0
92.52,16,2,dining,0.032,0.082,17.5,1.81,2026,0,0,0,0
78.74,13,1,grocery,0.034,0.232,16.1,1.56,965,0,0,1,0
75.13,23,1,grocery,0.015,0.238,4.5,1.12,2894,0,0,0,0
87.39,6,3,clothing,0.14,0.153,52.2,1.35,2022,0,1,0,0
27.9,6,3,dining,0.102,0.013,13.2,1.06,3294,0,0,1,0
205.06,9,4,health_beauty,0.078,0.126,2.7,0.97,1386,0,0,1,0
93.15,11,2,grocery,0.093,0.107,7.1,0.5,753,0,0,0,0
38.26,16,1,dining,0.031,0.307,2.5,0.34,2464,0,0,1,0
121.81,11,1,retail,0.032,0.086,3.1,1.3,3573,0,0,1,0
26.85,11,2,grocery,0.062,0.403,10.3,0.79,3388,0,0,0,0
5.0,17,1,travel,0.027,0.136,16.1,0.67,1258,1,1,0,0
76.8,7,4,gas_transport,0.116,0.365,10.5,1.39,884,0,0,1,0
11.76,10,1,grocery,0.45,0.044,8.2,1.07,1978,0,0,0,0
17.5,17,3,entertainment,0.442,0.151,2.7,1.23,3037,0,0,1,0
134.54,7,4,utilities,0.01,0.35,2.8,0.62,1284,0,0,0,0
16.78,6,1,gas_transport,0.037,0.011,34.6,0.54,1165,0,0,1,0
287.3,12,11,travel,0.813,0.847,1683.7,6.3,101,3,1,1,1
27.45,22,1,entertainment,0.111,0.24,12.4,0.66,3239,0,0,0,0
119.67,16,2,retail,0.01,0.354,7.5,1.05,398,0,1,1,0
38.14,4,1,gas_transport,0.091,0.263,2.8,1.38,2415,0,0,0,0
36.85,12,1,grocery,0.05,0.152,1.4,1.1,3579,0,1,0,0
22.24,12,1,electronics,0.048,0.276,17.6,0.83,272,0,0,0,0
45.73,9,2,health_beauty,0.133,0.184,19.8,0.42,2650,0,0,0,0
96.96,6,1,travel,0.125,0.264,13.4,0.51,1607,0,0,1,0
44.23,11,3,health_beauty,0.262,0.222,25.5,0.88,2500,0,0,1,0
40.25,19,2,grocery,0.074,0.169,15.4,1.15,2994,0,0,0,0
24.13,15,3,electronics,0.06,0.123,7.7,0.5,2263,0,1,0,0
106.93,8,3,utilities,0.241,0.15,8.9,0.93,1424,2,1,1,0
10.04,3,2,dining,0.045,0.196,22.8,1.26,617,0,0,0,0
37.55,15,2,gas_transport,0.01,0.032,13.8,0.52,3007,0,0,0,0
33.76,10,1,gas_transport,0.053,0.058,2.9,1.63,726,0,0,1,0
60.64,5,1,clothing,0.024,0.302,22.6,0.88,1875,0,0,0,0
36.36,21,1,grocery,0.01,0.294,22.9,1.33,1747,0,0,1,0
5.1,14,1,clothing,0.257,0.042,20.6,1.0,2279,0,0,0,0
50.86,14,1,gas_transport,0.158,0.078,26.4,0.9,722,0,0,0,0
15.18,18,1,dining,0.201,0.099,2.1,1.38,1468,0,0,0,0
44.04,22,2,dining,0.054,0.489,60.4,0.73,463,1,0,1,0
41.84,10,1,grocery,0.085,0.31,4.2,0.9,792,0,0,0,0
20.54,6,4,gas_transport,0.096,0.027,0.6,1.15,399,0,0,0,0
255.77,5,9,dining,0.763,0.732,1079.0,9.15,8,3,0,1,1
51.96,7,4,retail,0.261,0.088,6.3,1.12,412,0,0,1,0
38.45,8,4,grocery,0.171,0.256,32.6,1.09,3096,0,1,1,0
20.11,10,1,grocery,0.147,0.06,4.5,0.94,2744,0,0,1,0
165.0,7,1,travel,0.16,0.232,40.9,1.05,3267,0,0,0,0
44.74,11,1,gas_transport,0.183,0.051,13.4,1.01,2364,0,0,1,0
74.3,10,1,retail,0.105,0.168,11.5,0.2,2578,0,0,1,0
37.04,6,1,gas_transport,0.45,0.057,8.9,0.82,3097,0,0,0,0
13.23,11,3,retail,0.098,0.133,14.4,1.24,2302,0,0,0,0
17.1,7,1,gas_transport,0.075,0.341,20.4,0.84,3109,0,0,1,0
18.09,7,1,health_beauty,0.426,0.021,23.2,0.57,1061,0,0,1,0
1795.75,11,4,electronics,0.858,0.655,557.8,4.9,336,3,1,1,1
1494.38,5,3,clothing,0.935,0.373,172.6,7.88,93,2,0,1,1
53.87,12,1,grocery,0.195,0.197,11.1,1.58,910,0,0,1,0
62.48,5,1,travel,0.133,0.213,42.1,0.7,2815,0,0,1,0
158.17,20,3,clothing,0.352,0.196,6.9,1.09,655,0,0,0,0
31.0,6,2,clothing,0.181,0.302,15.5,1.06,1329,0,0,0,0
18.67,9,1,health_beauty,0.195,0.116,18.1,0.98,658,0,0,1,0
88.55,15,1,gas_transport,0.162,0.146,10.0,0.94,1579,0,0,1,0
40.17,7,2,retail,0.01,0.255,7.7,1.38,3459,0,0,1,0
5.0,19,1,clothing,0.45,0.277,2.9,1.39,2445,0,0,0,0
114.29,14,1,grocery,0.139,0.069,16.5,0.84,1307,0,0,1,0
181.99,11,3,grocery,0.01,0.359,8.0,0.56,3231,0,0,0,0
18.84,16,1,dining,0.253,0.028,6.9,0.89,1249,0,0,0,0
60.89,7,4,electronics,0.213,0.125,2.0,1.1,787,0,0,1,0
63.52,22,1,gas_transport,0.221,0.184,9.3,1.27,2835,0,0,0,0
43.66,14,4,electronics,0.337,0.336,3.4,1.07,552,0,0,0,0
34.25,19,1,clothing,0.102,0.058,6.0,0.93,1707,0,0,1,0
108.52,14,1,grocery,0.45,0.248,32.1,0.87,1388,0,0,0,0
26.34,12,1,travel,0.376,0.128,25.7,1.13,2158,0,0,0,0
67.96,12,1,grocery,0.048,0.34,40.9,1.1,2929,1,0,1,0
525.59,10,6,electronics,0.696,0.829,595.0,1.83,339,1,0,1,1
74.9,14,2,dining,0.124,0.225,6.5,0.83,2740,0,0,0,0
80.78,14,1,grocery,0.077,0.121,21.7,1.31,2683,0,0,1,0
14.33,4,1,grocery,0.089,0.066,34.1,0.7,2159,0,0,0,0
53.76,10,1,dining,0.052,0.073,11.8,0.58,551,0,0,0,0
24.45,14,3,entertainment,0.266,0.219,1.7,1.06,1524,0,0,1,0
117.45,14,1,dining,0.351,0.246,18.9,1.09,1436,0,0,1,0
12.93,14,7,travel,0.041,0.04,23.4,1.67,2073,0,0,1,0
123.27,11,1,gas_transport,0.091,0.276,15.5,0.82,1128,0,0,1,0
24.52,12,3,clothing,0.164,0.317,4.7,1.25,1870,0,0,0,0
24.15,19,1,clothing,0.025,0.369,0.3,0.67,3363,0,0,0,0
54.63,6,1,gas_transport,0.102,0.198,11.9,1.07,3196,0,0,1,0
199.13,8,2,entertainment,0.013,0.133,18.8,1.13,2804,0,0,0,0
31.01,13,2,dining,0.056,0.087,19.2,1.11,2345,0,0,1,0
114.23,13,1,health_beauty,0.074,0.145,3.0,1.31,1516,0,0,0,0
17.29,5,1,retail,0.01,0.068,3.8,0.71,3004,0,0,1,0
159.16,14,5,dining,0.07,0.033,23.0,1.32,2474,0,0,0,0
29.86,8,2,retail,0.275,0.291,1.0,0.87,1035,2,0,1,0
99.63,12,1,entertainment,0.11,0.036,16.3,0.97,406,0,0,1,0
61.53,9,2,clothing,0.283,0.068,28.5,1.51,624,0,0,0,0
44.44,23,1,dining,0.023,0.196,32.4,0.52,672,0,0,1,0
19.11,4,1,entertainment,0.096,0.035,1.2,1.39,2771,0,0,1,0
81.29,5,1,grocery,0.057,0.139,6.4,1.52,1882,0,0,0,0
127.19,6,3,clothing,0.366,0.139,23.3,1.16,2378,0,0,1,0
132.23,13,1,gas_transport,0.014,0.237,10.2,0.75,2471,0,0,1,0
67.21,10,1,dining,0.168,0.24,56.5,1.19,1000,0,0,1,0
60.7,12,2,health_beauty,0.244,0.187,14.4,1.07,383,0,0,0,0
193.48,17,3,entertainment,0.035,0.05,5.6,0.66,2210,0,0,0,0
56.01,11,3,grocery,0.019,0.339,9.9,1.31,1287,0,0,0,0
77.36,5,1,clothing,0.08,0.114,1.2,0.93,1607,0,0,1,0
68.49,3,3,entertainment,0.03,0.055,15.2,1.38,1806,0,1,1,0
302.99,11,1,entertainment,0.045,0.176,5.0,1.0,1949,0,0,0,0
17.4,2,1,dining,0.114,0.293,6.7,1.4,3505,0,0,0,0
80.06,9,2,grocery,0.133,0.099,0.3,1.24,2258,0,0,0,0
18.09,9,1,grocery,0.077,0.5,18.6,0.83,2893,0,0,0,0
21.73,11,2,travel,0.329,0.203,8.4,0.57,1223,0,0,1,0
21.41,16,2,grocery,0.147,0.313,6.0,1.29,914,0,0,0,0
104.1,13,1,clothing,0.018,0.134,11.6,1.72,3337,0,0,0,0
186.28,14,6,entertainment,0.667,0.646,174.5,1.8,547,3,0,1,1
17.83,11,1,health_beauty,0.05,0.018,16.1,1.31,1166,0,0,1,0
145.58,7,1,travel,0.044,0.105,12.1,1.15,205,0,0,0,0
16.05,21,2,dining,0.157,0.295,9.5,0.59,2072,0,0,1,0
88.66,17,3,travel,0.309,0.183,1.4,0.73,2762,0,0,0,0
38.61,17,1,dining,0.138,0.054,28.6,1.19,2554,0,0,1,0
120.0,4,3,retail,0.904,0.785,454.3,9.31,34,0,1,1,1
29.67,17,3,dining,0.139,0.453,14.2,1.0,2120,0,0,1,0
214.79,15,2,grocery,0.077,0.052,10.2,1.08,1765,0,0,1,0
22.69,11,3,travel,0.07,0.195,12.1,1.02,3576,0,0,0,0
27.67,16,4,grocery,0.15,0.177,28.4,1.27,3496,0,0,1,0
343.0,6,7,clothing,0.769,0.96,1663.3,8.24,5,2,1,0,1
81.91,17,3,dining,0.156,0.203,17.2,1.2,1833,0,0,0,0
35.61,11,2,entertainment,0.117,0.078,10.7,0.72,525,0,0,1,0
35.75,6,1,grocery,0.135,0.091,9.7,0.95,613,0,0,1,0
28.17,14,1,dining,0.4,0.273,5.3,1.24,2180,0,0,0,0
37.15,8,1,electronics,0.116,0.099,1.1,0.84,2657,0,0,0,0
24.84,18,2,grocery,0.01,0.01,9.2,1.35,1293,0,0,1,0
15.62,9,2,entertainment,0.01,0.15,3.4,0.89,2293,0,0,1,0
41.3,15,3,grocery,0.087,0.409,21.9,1.04,2366,0,0,0,0
85.78,21,1,gas_transport,0.066,0.165,3.6,0.97,3479,0,0,1,0
21.93,17,1,utilities,0.01,0.099,11.7,0.7,1943,0,0,0,0
88.73,17,2,dining,0.06,0.251,65.4,1.21,952,0,0,1,0
49.0,18,2,dining,0.173,0.111,18.9,1.32,409,0,0,1,0
72.48,17,1,electronics,0.051,0.423,4.3,0.89,547,0,0,0,0
899.37,16,4,travel,0.864,0.857,1496.8,6.47,425,2,1,1,1
15.1,17,2,grocery,0.23,0.109,7.7,1.19,3313,0,0,0,0
260.35,4,9,clothing,0.757,0.702,2061.0,5.61,90,1,0,1,1
72.63,6,4,gas_transport,0.154,0.5,18.6,0.84,3592,0,0,1,0
43.17,7,3,travel,0.088,0.111,11.1,1.04,2462,1,0,1,0
143.94,15,5,utilities,0.128,0.151,21.9,1.44,3384,0,0,1,0
115.92,18,2,gas_transport,0.295,0.272,0.6,1.21,2300,1,1,1,0
172.44,1,1,gas_transport,0.065,0.132,0.8,1.32,2292,0,0,1,0
18.37,12,2,health_beauty,0.173,0.055,19.0,0.89,923,0,0,1,0
84.86,11,3,electronics,0.332,0.021,5.6,1.03,1460,0,0,0,0
23.19,13,2,gas_transport,0.131,0.207,12.2,1.05,2797,0,0,1,0
80.52,18,1,travel,0.178,0.213,2.1,1.3,359,0,0,0,0
52.88,12,2,gas_transport,0.029,0.305,11.5,0.55,448,0,0,1,0
25.72,17,1,gas_transport,0.01,0.192,9.3,0.59,1880,0,0,1,0
40.97,8,1,clothing,0.026,0.183,30.5,1.56,1828,0,0,1,0
111.85,7,1,clothing,0.027,0.247,23.0,1.2,3376,0,0,1,0
36.93,18,4,entertainment,0.029,0.077,2.1,1.49,2082,0,0,0,0
336.62,21,6,electronics,0.693,0.502,687.4,7.55,213,2,0,1,1
21.85,21,4,gas_transport,0.229,0.074,8.2,1.49,2424,0,0,0,0
57.99,16,3,gas_transport,0.201,0.186,17.6,0.98,585,0,0,1,0
35.71,13,5,travel,0.137,0.249,0.4,0.49,1976,0,0,1,0
21.62,16,5,electronics,0.307,0.08,3.1,1.19,2408,0,0,1,0
40.11,10,3,grocery,0.105,0.121,10.1,1.49,1544,0,0,0,0
504.13,7,9,entertainment,0.649,0.726,2024.9,6.3,292,2,1,1,1
111.9,18,1,entertainment,0.155,0.317,5.1,1.18,2497,0,0,0,0
32.21,11,3,clothing,0.047,0.037,6.8,0.98,3162,0,0,0,0
14.91,8,2,entertainment,0.412,0.148,4.5,1.36,816,0,0,1,0
74.28,15,2,grocery,0.023,0.358,15.1,0.74,2295,0,0,1,0
29.96,10,2,gas_transport,0.069,0.15,10.5,0.9,2583,0,0,1,0
10.19,17,3,clothing,0.115,0.01,18.6,0.92,1017,0,0,0,0
61.96,8,2,grocery,0.183,0.064,10.0,0.92,1312,0,0,0,0
256.91,5,5,electronics,0.545,0.627,762.0,1.8,110,3,1,1,1
19.61,13,4,grocery,0.115,0.228,5.6,1.24,1918,0,0,1,0
3388.72,14,9,electronics,0.928,0.482,799.8,2.6,275,2,1,1,1
35.85,10,4,utilities,0.125,0.371,10.6,0.85,328,0,0,0,0
73.19,6,1,grocery,0.269,0.019,5.5,1.07,1023,0,0,0,0
42.02,18,4,gas_transport,0.187,0.253,21.3,1.18,549,0,0,0,0
120.0,3,3,clothing,0.89,0.721,478.9,5.01,462,0,1,1,1
144.52,13,1,dining,0.162,0.079,5.6,0.81,3182,0,0,0,0
40.17,13,3,grocery,0.323,0.36,4.9,0.65,3437,0,0,1,0
20.18,12,5,health_beauty,0.156,0.031,19.4,0.65,3301,0,0,1,0
25.33,7,1,utilities,0.079,0.064,6.5,0.84,1261,0,0,0,0
14.58,13,2,clothing,0.036,0.098,64.7,1.05,1189,0,0,1,0
11.18,5,3,grocery,0.162,0.105,1.9,0.81,828,1,0,1,0
1623.09,20,7,electronics,0.774,0.91,131.0,3.59,31,0,0,1,1
76.61,7,1,dining,0.266,0.024,17.7,1.83,1290,0,0,0,0
13.43,9,3,clothing,0.126,0.079,16.9,1.02,2917,0,0,1,0
25.27,11,3,dining,0.266,0.264,10.0,0.97,534,0,0,1,0
163.83,17,3,grocery,0.14,0.294,19.9,1.17,2998,0,0,0,0
54.9,11,1,grocery,0.158,0.187,2.4,0.93,2740,0,0,0,0
65.26,18,4,grocery,0.207,0.143,1.5,0.78,421,0,0,0,0
19.24,10,1,clothing,0.058,0.123,0.4,1.18,2291,0,0,1,0
225.44,9,4,gas_transport,0.112,0.059,5.6,1.02,3278,0,0,1,0
159.57,11,1,utilities,0.059,0.175,15.9,1.22,2551,0,0,1,0
12.81,15,3,dining,0.036,0.389,3.2,1.07,2337,0,0,1,0
25.54,16,3,entertainment,0.096,0.057,33.5,0.86,2551,0,0,1,0
45.64,14,1,dining,0.105,0.316,0.9,0.89,3583,0,0,0,0
77.4,7,4,grocery,0.162,0.199,15.8,0.82,715,0,0,0,0
20.64,6,3,grocery,0.1,0.352,3.9,1.04,932,0,0,0,0
8.57,6,2,grocery,0.087,0.194,5.0,0.86,1216,0,0,1,0
61.91,11,1,gas_transport,0.286,0.141,3.9,0.99,1897,0,0,1,0
37.63,10,5,grocery,0.128,0.161,36.8,1.45,1231,0,0,1,0
29.7,12,1,grocery,0.174,0.181,7.3,0.75,675,0,0,0,0
105.15,10,2,gas_transport,0.082,0.08,12.6,1.99,1271,0,0,1,0
37.71,7,1,health_beauty,0.277,0.342,25.4,0.99,2274,0,0,0,0
85.68,9,1,clothing,0.033,0.125,11.0,1.36,3562,0,0,1,0
14.0,15,3,electronics,0.102,0.106,10.9,0.25,2505,0,0,0,0
30.67,1,3,entertainment,0.084,0.272,3.3,0.92,2072,0,0,0,0
63.1,19,1,dining,0.194,0.033,36.5,0.6,241,0,0,1,0
21.05,11,2,grocery,0.074,0.382,22.9,0.96,2580,0,0,0,0
23.8,16,3,grocery,0.035,0.063,9.5,0.4,1339,0,0,0,0
78.15,12,4,gas_transport,0.045,0.113,4.7,0.85,1328,0,1,1,0
148.02,6,1,grocery,0.036,0.122,9.5,0.93,2260,0,0,1,0
11.24,16,1,grocery,0.056,0.217,13.9,1.06,1965,0,0,1,0
41.03,11,1,electronics,0.296,0.065,32.0,0.9,3278,0,0,1,0
74.48,12,1,dining,0.146,0.181,3.4,1.35,3427,0,0,0,0
90.85,3,1,clothing,0.01,0.118,0.7,1.67,3531,0,0,0,0
26.67,6,1,dining,0.084,0.139,11.5,1.17,1834,0,0,1,0
84.04,12,1,clothing,0.1,0.096,17.6,0.71,767,0,0,1,0
17.24,11,1,clothing,0.246,0.075,0.3,0.73,461,0,0,1,0
14.44,16,1,gas_transport,0.037,0.072,3.4,1.58,1473,0,0,1,0
76.75,16,2,grocery,0.019,0.107,31.2,1.26,357,0,0,0,0
70.55,15,1,grocery,0.188,0.076,10.4,0.54,1159,0,0,0,0
24.04,12,1,utilities,0.19,0.235,18.1,1.09,1235,0,0,1,0
471.63,2,2,clothing,0.685,0.763,269.5,3.08,191,3,1,1,1
40.15,9,2,dining,0.245,0.078,10.2,1.09,2165,0,0,1,0
137.95,11,1,clothing,0.149,0.238,1.9,1.55,1421,0,0,0,0
38.85,6,1,grocery,0.01,0.129,33.2,1.24,3075,0,0,1,0
29.4,10,1,electronics,0.126,0.113,39.0,1.11,2882,0,1,0,0
166.0,20,2,entertainment,0.179,0.109,8.9,1.39,1585,0,0,0,0
18.21,16,4,grocery,0.27,0.096,0.6,0.37,3393,1,0,1,0
27.9,7,1,gas_transport,0.144,0.194,10.7,0.76,287,0,0,1,0
35.01,5,1,grocery,0.102,0.396,4.6,0.98,520,0,0,1,0
96.2,6,1,grocery,0.11,0.145,16.6,0.54,579,0,0,1,0
93.74,8,1,clothing,0.052,0.184,23.0,1.01,3251,0,1,0,0
25.37,17,4,retail,0.073,0.035,9.1,0.57,972,0,0,1,0
28.34,10,3,health_beauty,0.095,0.113,14.0,1.41,882,0,0,1,0
28.73,19,3,dining,0.33,0.117,9.0,1.39,2887,0,0,1,0
46.19,18,3,grocery,0.08,0.237,9.6,1.26,1307,0,0,0,0
494.73,3,7,electronics,0.805,0.52,563.7,4.22,44,1,0,1,1
56.55,15,2,grocery,0.143,0.237,26.8,1.39,844,0,0,0,0
27.4,14,1,dining,0.083,0.123,8.4,1.02,3066,0,0,1,0
34.25,11,2,grocery,0.116,0.157,13.1,1.03,1993,0,0,0,0
36.65,19,1,entertainment,0.033,0.213,5.1,1.47,2860,0,0,1,0
11.33,14,1,retail,0.099,0.144,3.9,1.03,1525,1,0,1,0
67.99,6,3,gas_transport,0.107,0.319,0.1,1.4,2468,0,0,1,0
131.23,9,1,grocery,0.082,0.135,9.9,1.2,3331,0,0,1,0
3848.32,11,9,travel,0.664,0.765,452.5,5.8,40,1,0,1,1
83.03,19,4,dining,0.022,0.063,1.4,0.92,2094,0,0,1,0
902.38,12,10,clothing,0.909,0.9,681.8,7.46,272,2,1,1,1
116.15,9,1,dining,0.076,0.113,0.6,0.6,1849,0,0,1,0
146.0,14,2,clothing,0.043,0.148,12.8,1.21,2158,0,0,0,0
477.79,2,9,electronics,0.812,0.686,283.5,7.6,93,2,1,1,1
5.0,16,2,travel,0.073,0.212,12.6,1.01,1189,0,0,1,0
40.59,11,1,clothing,0.01,0.215,3.1,0.78,932,0,0,1,0
63.36,15,2,grocery,0.032,0.062,9.5,0.77,1945,0,0,1,0
328.5,23,4,electronics,0.848,0.782,1567.1,7.42,289,3,1,1,1
106.33,13,1,gas_transport,0.096,0.022,2.6,1.48,1029,0,0,0,0
2139.37,22,8,electronics,0.866,0.35,64.1,4.63,272,1,0,1,1
17.8,8,3,utilities,0.254,0.145,38.9,1.33,547,0,0,0,0
70.55,15,2,grocery,0.18,0.131,19.1,1.42,3262,0,0,0,0
59.57,12,1,clothing,0.01,0.209,2.0,1.41,3403,0,0,0,0
29.83,9,2,gas_transport,0.157,0.332,20.0,0.87,674,0,1,1,0
48.33,13,5,clothing,0.143,0.264,18.8,1.09,1018,0,0,0,0
18.99,13,1,grocery,0.067,0.013,1.7,0.53,713,0,0,1,0
13.69,17,4,grocery,0.104,0.075,11.9,1.2,3402,0,0,0,0
93.9,12,2,grocery,0.019,0.206,18.7,0.82,3285,1,0,0,0
107.16,9,2,grocery,0.236,0.114,11.8,0.86,1283,0,0,0,0
50.42,13,2,grocery,0.043,0.303,6.2,1.19,2015,0,0,0,0
2623.25,6,4,electronics,0.797,0.834,954.0,6.08,96,0,1,1,1
7.64,9,1,gas_transport,0.095,0.12,1.5,1.06,1462,0,0,0,0
39.54,21,4,clothing,0.015,0.058,7.2,1.1,3299,0,0,0,0
14.46,10,2,travel,0.164,0.262,3.2,0.8,501,0,0,0,0
56.44,15,1,dining,0.05,0.198,1.9,0.82,1514,0,0,1,0
8.06,11,3,electronics,0.067,0.083,45.7,0.81,3167,0,0,1,0
18.57,12,4,electronics,0.01,0.026,0.1,0.78,716,0,0,0,0
36.32,20,1,grocery,0.053,0.052,15.4,1.51,1840,0,0,1,0
18.82,18,1,electronics,0.079,0.097,1.4,0.56,2096,0,0,0,0
52.39,6,2,health_beauty,0.032,0.09,9.7,1.15,3164,0,0,1,0
81.44,13,3,clothing,0.07,0.036,16.6,0.72,730,0,0,1,0
598.49,23,6,clothing,0.99,0.696,2284.4,9.46,171,1,1,1,1
51.16,9,1,gas_transport,0.279,0.206,2.6,0.95,3519,0,0,0,0
64.65,12,4,health_beauty,0.232,0.14,11.0,1.16,679,0,0,1,0
14.74,6,1,grocery,0.014,0.47,7.4,1.31,3028,0,0,1,0
105.67,15,1,health_beauty,0.45,0.186,13.8,0.85,556,0,0,0,0
78.37,1,1,dining,0.035,0.203,14.0,0.45,454,0,0,1,0
18.98,17,2,grocery,0.066,0.053,25.0,1.12,2301,0,0,0,0
39.08,7,1,grocery,0.026,0.116,5.9,1.3,2858,0,0,1,0
36.96,12,1,health_beauty,0.178,0.092,80.4,0.84,2373,0,0,1,0
29.28,6,3,gas_transport,0.136,0.036,14.6,1.48,1619,0,0,1,0
53.87,23,1,dining,0.087,0.5,1.6,1.42,1454,0,0,0,0
14.5,9,1,grocery,0.074,0.014,1.2,0.63,2194,0,0,1,0
28.07,18,5,dining,0.01,0.445,24.1,0.58,305,0,0,1,0
38.95,15,2,grocery,0.174,0.11,2.0,0.69,587,0,0,0,0
20.71,17,2,health_beauty,0.036,0.013,14.9,0.7,3003,0,0,0,0
23.85,14,1,grocery,0.073,0.011,6.3,1.03,3366,0,0,1,0
300.42,2,7,travel,0.73,0.776,264.3,3.04,31,2,0,1,1
5.0,10,4,utilities,0.181,0.096,9.9,0.57,881,0,0,0,0
22.37,11,1,clothing,0.04,0.059,3.5,1.59,2091,0,0,1,0
11.66,13,2,utilities,0.04,0.195,10.3,1.03,208,0,0,1,0
36.68,20,2,dining,0.049,0.195,3.6,1.33,3396,0,0,0,0
31.89,6,3,utilities,0.45,0.091,15.6,1.32,2863,0,0,0,0
72.72,13,2,dining,0.215,0.214,3.8,0.87,193,0,0,1,0
22.65,12,1,gas_transport,0.035,0.212,8.2,1.13,2382,0,0,1,0
38.25,19,4,grocery,0.248,0.176,3.1,0.89,1708,0,0,0,0
41.2,21,2,utilities,0.071,0.111,17.7,0.76,1117,0,0,0,0
93.76,17,2,gas_transport,0.284,0.076,9.9,0.52,661,0,0,1,0
80.14,4,4,grocery,0.102,0.133,2.9,0.86,1970,0,0,1,0
56.58,11,2,grocery,0.071,0.37,5.4,1.08,3285,0,0,1,0
106.86,11,1,grocery,0.087,0.279,9.6,1.23,1772,0,0,0,0
1410.95,4,5,travel,0.662,0.581,766.6,8.08,476,1,1,1,1
49.67,21,1,dining,0.209,0.049,23.3,1.38,596,0,1,0,0
20.18,20,1,grocery,0.077,0.247,1.6,1.4,188,0,0,0,0
38.56,14,1,gas_transport,0.051,0.432,15.9,0.77,2867,0,0,1,0
26.87,17,1,retail,0.044,0.087,14.1,0.91,1300,0,1,1,0
74.22,17,1,travel,0.01,0.254,25.9,0.84,1297,0,0,1,0
6.66,9,5,grocery,0.207,0.144,21.5,1.13,237,0,0,0,0
33.68,9,4,gas_transport,0.036,0.205,9.2,0.92,379,0,0,0,0
28.87,6,2,entertainment,0.16,0.082,3.3,0.43,1874,0,0,1,0
83.27,14,3,retail,0.07,0.208,11.2,0.62,262,0,0,0,0
3455.45,23,16,electronics,0.608,0.659,125.3,6.13,562,0,1,1,1
32.64,3,1,entertainment,0.187,0.114,28.3,1.53,2600,0,0,0,0
108.84,17,2,electronics,0.306,0.227,5.5,1.16,2007,0,0,1,0
22.99,16,1,grocery,0.229,0.139,0.8,0.61,3093,0,0,1,0
92.99,8,2,utilities,0.211,0.236,27.0,0.93,1529,0,0,1,0
69.58,13,1,retail,0.156,0.032,37.3,0.71,1650,0,1,1,0
27.41,10,4,grocery,0.099,0.098,21.6,0.82,1984,0,0,1,0
27.66,16,1,dining,0.178,0.065,12.9,0.78,2247,0,0,0,0
42.75,10,1,grocery,0.111,0.178,9.5,0.69,513,0,0,0,0
79.7,11,2,dining,0.184,0.275,0.4,1.06,2968,0,0,1,0
30.6,16,2,electronics,0.16,0.242,40.8,0.66,1608,0,0,1,0
41.37,12,4,grocery,0.031,0.101,36.5,0.83,2059,0,0,1,0
12.99,9,1,clothing,0.074,0.193,11.1,1.72,759,0,0,1,0
63.28,21,1,dining,0.027,0.131,1.6,1.25,661,0,0,0,0
17.03,9,1,grocery,0.155,0.106,3.4,0.93,1938,0,0,1,0
86.18,11,1,gas_transport,0.073,0.18,7.1,1.3,1500,0,0,1,0
244.41,15,7,retail,0.72,0.557,284.6,3.17,95,0,1,0,1
84.24,6,1,dining,0.114,0.272,17.3,0.85,830,0,0,0,0
97.32,13,1,dining,0.21,0.274,28.1,1.04,1417,0,0,0,0
140.03,16,2,gas_transport,0.146,0.204,2.7,0.96,267,0,0,1,0
87.16,10,2,grocery,0.029,0.299,19.0,0.92,2806,0,0,1,0
58.58,6,5,travel,0.171,0.187,13.2,1.04,1210,0,0,1,0
81.92,10,2,utilities,0.131,0.181,5.3,0.47,3466,0,0,1,0
13.56,10,1,gas_transport,0.072,0.083,7.6,1.26,3387,0,0,0,0
13.71,22,2,grocery,0.013,0.448,9.8,1.1,1339,0,0,0,0
64.82,12,3,travel,0.224,0.083,8.4,1.04,2493,0,0,0,0
49.21,10,3,electronics,0.136,0.426,16.3,1.19,1701,0,0,1,0
11.61,19,3,grocery,0.078,0.297,12.2,1.76,608,0,0,1,0
61.89,18,1,grocery,0.03,0.212,6.4,0.75,2608,0,0,1,0
15.61,1,2,gas_transport,0.094,0.183,16.5,0.82,1988,0,0,1,0
26.3,8,2,grocery,0.157,0.25,14.0,1.08,3392,0,0,0,0
39.29,9,1,electronics,0.082,0.283,12.3,0.96,3121,0,0,0,0
53.01,14,1,retail,0.234,0.09,40.6,0.63,2221,0,0,0,0
22.72,13,5,electronics,0.2,0.11,16.8,0.91,362,0,0,0,0
37.18,9,2,dining,0.031,0.167,9.9,0.71,2159,1,0,1,0
48.22,7,2,retail,0.204,0.5,52.4,1.25,1750,0,0,0,0
29.27,20,1,dining,0.033,0.203,2.4,1.02,2458,0,0,0,0
54.92,16,1,grocery,0.024,0.075,3.4,0.59,1540,0,0,1,0
141.96,8,1,gas_transport,0.063,0.193,18.3,0.87,1395,0,0,1,0
32.46,10,1,entertainment,0.225,0.179,3.4,0.74,3297,0,0,1,0
19.98,9,1,clothing,0.111,0.428,22.1,0.98,296,0,0,0,0
95.89,16,2,travel,0.127,0.144,1.4,0.95,389,0,0,1,0
44.33,17,3,clothing,0.066,0.133,29.7,1.09,621,0,0,0,0
24.78,8,5,gas_transport,0.01,0.26,5.7,1.15,3440,0,0,1,0
7.58,9,1,dining,0.082,0.044,0.6,1.24,3392,0,0,1,0
120.0,5,5,electronics,0.69,0.624,1418.7,3.3,21,4,1,1,1
27.85,8,2,grocery,0.19,0.076,19.8,1.09,2009,0,0,1,0
35.7,9,1,electronics,0.163,0.084,1.9,0.68,2379,0,0,1,0
51.76,14,1,clothing,0.033,0.013,11.5,1.04,858,0,0,1,0
97.52,15,3,clothing,0.3,0.078,2.5,0.75,1683,0,0,1,0
110.94,12,2,grocery,0.19,0.033,10.3,0.57,2795,0,0,1,0
17.65,21,5,gas_transport,0.104,0.211,8.7,0.9,1278,0,0,0,0
204.18,16,4,grocery,0.018,0.272,24.1,0.94,2787,0,0,1,0
55.55,20,1,gas_transport,0.112,0.024,2.7,0.89,870,0,0,1,0
26.54,10,1,health_beauty,0.054,0.037,6.7,1.48,1197,0,0,0,0
53.81,10,1,clothing,0.01,0.301,6.1,0.78,2150,2,0,1,0
91.23,18,1,retail,0.231,0.055,33.0,0.95,2490,0,0,1,0
33.45,12,1,gas_transport,0.375,0.141,7.1,0.67,3242,0,0,0,0
850.0,17,2,dining,0.052,0.199,1.5,1.27,1305,0,0,1,0
42.71,14,3,grocery,0.04,0.185,2.3,0.87,203,1,0,1,0
25.27,7,3,electronics,0.177,0.224,4.7,1.08,1728,0,1,1,0
19.27,14,2,grocery,0.05,0.036,11.1,1.16,408,0,0,0,0
23.21,14,2,dining,0.019,0.03,17.3,0.87,1041,0,0,0,0
7.88,19,1,gas_transport,0.01,0.269,0.5,0.93,883,0,0,1,0
25.13,8,1,dining,0.369,0.158,4.3,1.12,1945,0,0,0,0
21.46,7,1,clothing,0.244,0.192,15.1,1.07,1169,0,0,1,0
31.15,12,1,grocery,0.183,0.48,17.8,1.37,412,0,0,0,0
23.01,16,2,clothing,0.355,0.19,23.2,0.41,1980,0,0,1,0
116.51,19,3,clothing,0.021,0.137,0.8,0.73,981,0,0,0,0
131.95,8,1,dining,0.229,0.045,0.1,1.29,681,0,0,0,0
23.6,7,2,entertainment,0.209,0.018,14.5,1.11,2560,0,0,1,0
21.4,13,2,electronics,0.062,0.095,21.8,1.46,974,0,0,0,0
31.78,10,2,dining,0.104,0.067,5.0,1.08,1142,1,0,0,0
45.69,23,2,grocery,0.024,0.264,5.3,0.95,1265,0,0,1,0
26.43,11,2,gas_transport,0.158,0.333,20.6,0.93,1090,0,0,1,0
100.9,7,2,grocery,0.263,0.178,25.4,1.23,3054,0,0,1,0
64.24,17,1,gas_transport,0.184,0.092,28.8,1.02,2556,0,0,1,0
131.74,18,3,gas_transport,0.088,0.094,9.1,1.18,1011,0,0,0,0
40.98,3,1,entertainment,0.039,0.08,13.7,1.21,1308,0,0,0,0
17.29,21,1,electronics,0.094,0.441,15.6,1.44,1651,0,0,1,0
59.57,19,2,retail,0.206,0.01,1.2,1.27,2774,0,0,0,0
22.77,12,4,dining,0.138,0.381,15.5,0.92,805,0,0,0,0
96.83,18,4,grocery,0.254,0.098,0.5,0.87,2879,0,0,0,0
28.67,11,3,utilities,0.21,0.123,38.7,1.04,3230,0,0,0,0
16.49,11,1,travel,0.132,0.233,5.7,0.74,3259,0,0,0,0
39.82,9,1,entertainment,0.028,0.225,0.2,0.83,3182,0,0,0,0
46.07,15,2,dining,0.114,0.247,4.8,0.96,1392,0,0,1,0
10.19,6,3,gas_transport,0.136,0.029,13.9,0.84,2924,0,0,0,0
20.34,8,2,gas_transport,0.122,0.231,9.8,1.08,672,0,0,1,0
63.0,8,1,entertainment,0.032,0.071,5.3,1.11,1427,0,0,0,0
94.26,15,3,grocery,0.01,0.353,7.1,1.25,2628,0,0,0,0
207.74,7,2,dining,0.105,0.033,7.0,1.05,3280,0,0,0,0
34.78,4,2,dining,0.138,0.19,2.8,1.24,482,0,0,0,0
112.37,11,2,dining,0.078,0.162,13.1,0.62,2382,0,0,1,0
31.36,11,2,electronics,0.047,0.098,30.9,1.11,3041,0,1,0,0
53.9,15,2,dining,0.063,0.174,10.9,1.37,1468,0,0,0,0
73.39,22,1,grocery,0.199,0.041,11.6,1.18,1888,0,0,0,0
42.44,15,3,clothing,0.117,0.015,13.7,0.9,2191,0,0,1,0
21.79,21,4,utilities,0.138,0.164,6.1,0.99,1024,0,0,0,0
11.56,20,2,clothing,0.35,0.087,6.7,1.05,681,0,0,1,0
140.03,10,1,gas_transport,0.018,0.172,3.6,0.76,1606,0,0,1,0
51.47,8,2,dining,0.045,0.04,7.2,0.95,2850,0,0,0,0
992.08,14,7,travel,0.767,0.916,1939.4,5.36,120,1,0,1,1
67.8,12,2,gas_transport,0.269,0.446,9.4,1.48,2034,0,0,1,0
83.72,14,3,dining,0.039,0.141,2.2,1.28,2190,0,0,1,0
70.6,14,1,grocery,0.096,0.424,17.9,0.54,883,0,0,1,0
19.84,9,4,grocery,0.029,0.021,6.9,1.07,2396,0,0,1,0
79.89,14,1,electronics,0.116,0.102,9.3,1.11,267,0,0,1,0
672.69,7,8,electronics,0.682,0.588,736.2,3.07,43,0,0,1,1
42.36,18,3,grocery,0.068,0.229,41.4,0.75,744,0,0,0,0
22.55,17,4,electronics,0.012,0.259,20.8,1.12,191,0,0,1,0
26.91,1,3,grocery,0.156,0.23,0.4,1.29,608,0,0,1,0
172.18,1,2,health_beauty,0.032,0.307,13.0,1.72,742,0,0,1,0
16.72,10,3,clothing,0.095,0.288,6.2,0.62,1508,0,0,0,0
180.04,11,6,travel,0.775,0.568,2567.5,6.57,284,0,0,1,1
111.29,12,1,grocery,0.119,0.253,39.8,1.09,460,2,0,0,0
45.25,7,1,utilities,0.051,0.048,17.9,1.16,613,0,0,1,0
47.56,12,1,dining,0.056,0.107,25.9,1.14,3428,0,0,1,0
380.59,0,10,dining,0.63,0.718,1794.6,4.67,292,2,1,1,1
9.83,17,1,clothing,0.05,0.085,3.0,0.68,3176,0,0,0,0
939.38,18,8,health_beauty,0.838,0.711,204.2,10.82,31,1,0,1,1
34.16,15,1,dining,0.328,0.343,3.4,1.15,346,0,0,1,0
37.96,14,2,entertainment,0.375,0.049,6.2,1.22,3298,0,0,1,0
141.45,8,2,grocery,0.267,0.236,22.2,1.26,837,0,0,0,0
24.46,13,1,gas_transport,0.142,0.093,8.3,0.83,3143,0,0,1,0
45.54,14,3,entertainment,0.021,0.203,10.7,1.18,2005,0,0,0,0
84.53,15,3,clothing,0.261,0.229,7.4,1.49,2075,0,0,1,0
120.24,11,1,travel,0.01,0.213,7.6,0.93,724,1,0,1,0
41.82,13,1,electronics,0.286,0.16,0.5,0.56,3345,0,1,0,0
124.41,9,3,utilities,0.216,0.169,22.1,1.35,1122,0,0,0,0
68.77,4,3,gas_transport,0.097,0.24,3.2,0.36,1053,0,0,0,0
148.82,7,2,dining,0.052,0.214,6.3,1.18,516,1,0,1,0
293.1,6,6,electronics,0.721,0.613,101.6,7.89,93,1,0,1,1
41.39,0,1,electronics,0.45,0.1,5.5,1.17,2813,0,0,1,0
153.14,23,1,entertainment,0.041,0.034,3.9,0.98,2381,0,0,0,0
69.84,17,4,electronics,0.16,0.155,10.5,0.66,788,0,0,1,0
26.99,9,3,grocery,0.041,0.311,22.6,0.65,3433,0,0,0,0
20.93,12,2,grocery,0.077,0.101,5.1,1.36,430,0,0,1,0
53.76,17,2,entertainment,0.01,0.106,4.1,1.36,3002,0,0,0,0
58.18,2,1,dining,0.112,0.217,1.7,1.15,984,0,0,0,0
32.97,15,1,grocery,0.166,0.398,10.0,0.83,777,0,1,0,0
70.76,5,2,dining,0.022,0.074,22.2,1.09,237,0,0,0,0
58.99,12,3,health_beauty,0.139,0.211,4.9,1.86,3027,0,0,0,0
23.88,6,1,grocery,0.02,0.335,0.3,1.23,2478,0,0,0,0
128.85,14,2,health_beauty,0.069,0.056,1.1,1.04,1652,0,0,1,0
72.79,17,2,clothing,0.26,0.192,8.0,1.26,2251,0,0,0,0
62.73,19,2,clothing,0.108,0.363,32.1,0.81,3321,0,0,1,0
44.55,22,2,utilities,0.057,0.162,0.8,0.96,2883,0,1,1,0
46.32,7,3,grocery,0.01,0.113,33.7,1.06,1189,0,0,1,0
41.88,13,2,clothing,0.159,0.298,15.6,1.5,2692,0,0,0,0
6.63,5,2,grocery,0.223,0.01,4.4,0.67,336,0,0,1,0
489.92,18,2,gas_transport,0.076,0.064,6.8,0.83,2195,0,0,0,0
91.74,14,1,grocery,0.225,0.126,10.2,1.43,2134,0,0,1,0
37.05,10,1,gas_transport,0.039,0.276,10.8,0.81,1573,1,1,0,0
8.57,17,1,grocery,0.049,0.037,1.2,1.33,3285,0,0,1,0
243.19,20,2,gas_transport,0.044,0.358,12.8,0.89,2208,0,0,1,0
39.52,9,1,electronics,0.045,0.067,23.6,0.71,3006,0,0,1,0
82.03,16,1,grocery,0.153,0.051,76.0,0.35,3202,0,0,1,0
110.06,13,1,grocery,0.196,0.109,4.5,1.08,3588,0,0,0,0
239.73,11,1,grocery,0.262,0.099,12.5,0.81,865,0,0,0,0
30.35,15,2,gas_transport,0.084,0.217,26.0,0.93,2541,0,0,0,0
47.13,9,1,dining,0.01,0.067,10.4,0.94,3115,0,0,1,0
80.86,13,1,grocery,0.025,0.125,36.0,1.27,184,0,0,0,0
47.6,15,4,entertainment,0.021,0.139,18.5,0.71,1799,0,0,1,0
184.53,0,1,clothing,0.011,0.5,1.9,0.82,3221,0,0,0,0
43.09,14,1,dining,0.161,0.227,18.4,1.05,2072,0,0,0,0
26.89,15,5,travel,0.249,0.285,10.4,0.82,3027,0,0,1,0
48.96,8,1,travel,0.061,0.358,7.1,0.62,795,0,0,1,0
66.12,14,2,grocery,0.02,0.081,20.9,1.07,3205,0,0,1,0
83.0,10,1,travel,0.235,0.161,3.3,1.02,2231,0,0,1,0
41.42,12,1,entertainment,0.085,0.099,10.2,0.54,2221,2,0,1,0
46.3,9,3,grocery,0.071,0.109,27.7,0.9,2213,0,0,1,0
13.49,16,2,grocery,0.035,0.261,5.2,0.9,583,0,0,0,0
83.71,5,2,dining,0.208,0.062,13.1,1.24,2486,0,0,1,0
16.68,15,1,clothing,0.1,0.169,25.5,1.09,2181,0,0,1,0
39.91,4,2,grocery,0.035,0.022,21.0,1.02,1764,0,0,1,0
11.76,13,2,clothing,0.154,0.323,12.4,1.36,229,0,0,0,0
16.23,12,4,travel,0.386,0.048,30.9,0.99,1451,0,0,1,0
15.31,8,4,utilities,0.148,0.241,2.7,0.82,3373,0,0,1,0
27.39,16,3,entertainment,0.094,0.187,8.0,0.76,2422,0,0,1,0
16.78,17,3,grocery,0.196,0.287,64.8,0.94,863,0,0,0,0
80.01,10,2,grocery,0.019,0.328,8.7,0.73,723,0,0,1,0
10.65,7,3,health_beauty,0.2,0.06,8.4,0.71,944,0,0,0,0
25.46,15,1,grocery,0.013,0.096,18.5,0.61,2187,0,0,1,0
50.72,5,4,travel,0.327,0.263,18.5,1.13,1857,0,0,1,0
119.8,18,2,grocery,0.197,0.098,10.9,1.15,3577,0,0,0,0
30.02,22,2,grocery,0.216,0.027,42.6,1.27,858,1,0,1,0
31.63,10,1,grocery,0.075,0.12,17.3,0.58,2896,0,0,1,0
206.69,1,2,clothing,0.236,0.211,25.8,1.19,1360,0,0,1,0
250.62,17,2,dining,0.047,0.026,7.6,1.41,1411,0,0,1,0
150.24,10,2,electronics,0.087,0.103,27.4,0.84,463,0,0,0,0
53.49,9,2,dining,0.01,0.235,33.7,0.9,2324,0,0,0,0
69.89,16,2,gas_transport,0.139,0.099,8.6,0.85,2525,0,0,1,0
144.39,8,2,clothing,0.254,0.116,25.4,0.78,2324,0,0,0,0
21.27,8,3,grocery,0.147,0.025,27.7,0.4,1025,0,0,1,0
110.81,14,1,retail,0.042,0.163,6.2,0.9,3194,0,0,1,0
24.55,14,1,health_beauty,0.218,0.185,5.8,1.34,914,0,0,1,0
21.82,15,3,entertainment,0.01,0.089,13.5,1.12,467,0,0,0,0
63.56,14,1,gas_transport,0.01,0.245,12.1,0.92,1579,0,0,0,0
53.19,8,2,entertainment,0.329,0.092,12.4,0.87,3340,0,0,0,0
112.78,21,1,clothing,0.01,0.5,4.2,0.6,2040,0,0,0,0
25.92,20,1,grocery,0.072,0.181,3.2,0.93,3276,0,0,1,0
2708.81,19,7,travel,0.816,0.598,545.6,5.66,49,3,1,1,1
29.11,12,2,travel,0.013,0.118,4.6,0.54,3237,0,0,0,0
61.33,20,2,gas_transport,0.095,0.348,3.3,0.88,1649,0,0,0,0
158.09,9,1,clothing,0.45,0.011,1.5,0.95,2626,0,0,1,0
48.54,6,2,grocery,0.169,0.168,9.9,1.13,2823,0,0,0,0
19.03,8,1,health_beauty,0.45,0.189,7.4,1.3,2526,0,0,0,0
66.97,9,1,dining,0.014,0.216,3.4,0.92,936,0,0,0,0
235.17,20,2,utilities,0.406,0.104,11.3,1.29,2352,0,0,0,0
243.95,0,7,electronics,0.743,0.623,679.2,9.17,169,3,0,1,1
449.38,1,5,electronics,0.631,0.856,49.9,1.8,68,3,1,1,1
42.38,13,3,travel,0.058,0.384,29.1,0.97,2622,1,0,1,0
14.71,10,2,entertainment,0.079,0.088,47.6,1.11,1291,0,0,0,0
55.83,20,4,travel,0.154,0.122,17.7,1.06,3434,0,0,1,0
25.23,12,3,dining,0.142,0.183,0.5,1.16,1186,0,0,1,0
23.91,20,4,grocery,0.039,0.049,0.2,0.93,768,0,0,1,0
93.74,17,1,gas_transport,0.01,0.14,2.5,0.75,1728,0,0,1,0
153.64,9,2,clothing,0.144,0.122,13.7,1.29,1984,0,0,1,0
44.77,20,4,gas_transport,0.089,0.244,14.0,0.74,546,0,0,1,0
742.27,11,4,entertainment,0.489,0.706,661.5,7.69,27,1,0,1,1
89.6,19,2,travel,0.159,0.113,7.2,1.02,1645,0,0,1,0
11.49,15,1,grocery,0.153,0.027,3.1,0.45,1467,0,1,0,0
58.27,17,1,utilities,0.046,0.064,12.1,1.41,2377,0,0,1,0
9.36,1,2,gas_transport,0.159,0.069,6.2,1.09,203,0,0,1,0
25.36,10,3,electronics,0.268,0.026,2.4,1.31,1766,0,0,0,0
20.47,10,1,clothing,0.348,0.163,3.2,0.91,3147,0,0,1,0
69.6,14,1,clothing,0.091,0.014,11.7,0.7,3265,1,0,0,0
97.82,14,3,retail,0.03,0.192,24.9,1.15,691,0,0,1,0
23.65,17,1,utilities,0.183,0.427,0.1,0.89,2391,0,0,1,0
38.38,16,1,travel,0.069,0.275,11.8,1.09,3166,0,0,1,0
37.47,14,2,health_beauty,0.049,0.485,2.0,0.93,1477,2,0,1,0
81.66,10,2,grocery,0.178,0.046,0.7,0.72,671,0,0,0,0
62.17,12,1,dining,0.031,0.326,7.8,0.61,2147,1,0,1,0
126.09,14,1,electronics,0.387,0.012,6.7,1.39,3458,0,0,1,0
354.83,5,1,health_beauty,0.072,0.207,3.5,1.23,2203,0,0,1,0
357.15,3,4,retail,0.763,0.555,358.0,4.89,51,1,0,1,1
52.16,13,2,grocery,0.064,0.266,2.2,0.94,865,0,0,1,0
214.88,9,3,gas_transport,0.262,0.062,16.1,1.44,2042,0,0,0,0
25.35,14,2,dining,0.057,0.049,26.4,0.81,2409,1,0,0,0
54.33,14,1,grocery,0.01,0.396,2.4,1.11,1909,0,0,1,0
17.29,16,2,utilities,0.232,0.267,4.5,1.03,790,0,0,0,0
166.0,13,1,grocery,0.274,0.267,5.1,1.02,1992,0,0,1,0
817.55,3,6,electronics,0.869,0.709,718.8,1.8,400,0,0,1,1
38.37,10,1,electronics,0.01,0.018,2.7,1.01,1308,0,0,0,0
21.19,15,2,gas_transport,0.426,0.115,18.4,1.11,2805,0,0,0,0
26.62,14,1,electronics,0.219,0.122,4.9,1.18,959,0,0,1,0
28.31,8,3,retail,0.089,0.34,8.7,0.94,3000,0,0,1,0
156.78,11,1,electronics,0.146,0.132,12.6,0.66,217,0,0,1,0
42.84,17,1,grocery,0.132,0.103,1.2,0.73,1244,0,0,1,0
14.7,6,1,grocery,0.118,0.382,3.7,0.46,2861,0,0,0,0
86.98,4,1,retail,0.152,0.284,3.9,1.12,2586,0,0,1,0
29.03,14,5,gas_transport,0.187,0.227,1.4,0.99,2667,0,0,0,0
2871.04,6,8,retail,0.562,0.534,585.8,5.11,12,4,0,1,1
18.1,11,1,dining,0.02,0.247,22.4,1.24,3309,0,0,1,0
63.23,8,1,utilities,0.051,0.073,8.8,0.95,1927,1,1,0,0
18.4,8,2,dining,0.255,0.089,1.7,0.68,2163,0,0,0,0
42.98,11,2,grocery,0.05,0.03,1.0,0.71,3091,0,0,1,0
67.7,13,1,retail,0.059,0.032,41.5,1.44,2873,0,0,1,0
123.28,3,7,electronics,0.766,0.921,382.0,1.8,430,1,0,1,1
55.88,14,2,grocery,0.253,0.183,30.6,0.97,2768,0,0,1,0
66.97,6,2,grocery,0.202,0.332,18.4,1.09,3306,0,0,0,0
72.76,12,2,grocery,0.301,0.221,9.2,0.88,601,0,0,0,0
58.94,0,3,retail,0.024,0.362,7.7,0.74,2491,0,0,0,0
65.25,10,1,health_beauty,0.369,0.17,2.3,1.23,2796,0,0,0,0
25.15,13,1,dining,0.062,0.075,13.0,0.94,3186,0,0,0,0
120.0,16,9,dining,0.58,0.578,952.9,3.32,26,2,0,1,1
37.59,15,1,clothing,0.207,0.024,12.2,1.6,2264,0,0,0,0
16.07,17,1,gas_transport,0.157,0.308,8.6,1.33,2016,0,0,0,0
34.57,15,1,entertainment,0.18,0.274,1.6,1.29,1985,0,0,1,0
47.99,10,1,clothing,0.01,0.176,0.4,1.08,1519,0,0,1,0
303.15,2,6,clothing,0.726,0.833,4900.0,8.18,269,4,0,1,1
18.32,5,2,gas_transport,0.032,0.5,14.5,1.25,525,0,0,1,0
1342.07,10,4,travel,0.512,0.792,91.3,8.77,83,0,1,1,1
32.27,17,2,electronics,0.275,0.143,22.5,1.27,2363,0,0,0,0
5.0,5,2,clothing,0.079,0.287,10.2,0.99,2274,0,0,0,0
11.04,12,3,clothing,0.074,0.176,27.1,0.89,3139,0,1,1,0
85.74,5,1,clothing,0.16,0.193,15.5,1.12,533,0,0,0,0
564.36,23,8,electronics,0.496,0.91,91.6,3.18,52,0,0,1,1
978.07,2,6,electronics,0.677,0.626,15.0,3.85,311,1,0,1,1
777.99,23,6,travel,0.85,0.801,343.3,9.44,77,3,0,1,1
44.26,20,7,retail,0.137,0.061,3.7,1.23,2913,1,0,0,0
27.7,14,1,travel,0.151,0.075,4.2,1.44,2069,0,0,0,0
43.47,17,5,grocery,0.096,0.019,21.6,0.44,1580,0,0,0,0
19.41,12,1,utilities,0.022,0.273,4.4,0.7,2099,2,0,1,0
1399.7,1,5,clothing,0.867,0.78,215.0,6.69,15,3,1,1,1
38.92,16,1,grocery,0.05,0.29,19.9,0.47,1363,0,0,1,0
22.46,8,2,clothing,0.064,0.096,4.3,1.12,824,0,0,0,0
65.73,11,1,travel,0.183,0.127,2.4,1.12,518,0,0,1,0
61.41,22,4,clothing,0.207,0.094,24.9,0.46,1754,0,0,1,0
45.94,21,1,dining,0.254,0.014,13.2,0.83,1481,0,0,1,0
29.23,20,5,grocery,0.189,0.033,7.2,1.44,2181,0,0,1,0
57.27,12,2,health_beauty,0.036,0.075,1.0,1.13,2266,0,0,0,0
41.26,15,2,grocery,0.041,0.277,4.1,1.34,795,0,0,0,0
42.07,19,2,gas_transport,0.068,0.093,0.1,1.19,1964,0,0,1,0
167.14,11,6,electronics,0.812,0.685,2948.2,8.19,21,2,1,1,1
31.18,15,1,entertainment,0.079,0.146,0.7,0.98,432,0,0,0,0
35.63,15,2,gas_transport,0.118,0.091,29.1,0.94,3262,0,0,0,0
245.72,5,9,electronics,0.67,0.832,2164.4,6.48,50,0,1,1,1
66.26,13,1,entertainment,0.123,0.368,10.9,1.01,2713,0,0,0,0
63.94,18,2,grocery,0.283,0.152,21.1,1.17,3251,0,0,0,0
66.73,16,1,grocery,0.126,0.28,29.7,0.81,1908,0,0,1,0
12.53,14,4,entertainment,0.261,0.269,29.5,1.65,2002,0,0,0,0
32.67,14,1,grocery,0.043,0.035,0.3,1.23,579,0,0,0,0
36.81,18,1,dining,0.052,0.224,5.3,1.65,926,0,0,0,0
88.29,16,4,grocery,0.122,0.397,2.3,1.24,356,0,0,0,0
104.21,10,3,clothing,0.194,0.364,10.7,1.76,1280,0,0,0,0
52.72,7,4,grocery,0.176,0.191,1.9,0.58,1904,0,0,1,0
149.58,2,7,travel,0.637,0.9,560.1,5.29,143,4,1,1,1
12.62,12,1,grocery,0.066,0.026,6.3,1.13,2370,0,0,1,0
18.75,9,1,gas_transport,0.207,0.062,1.2,0.72,783,0,0,1,0
44.31,8,4,electronics,0.01,0.286,3.0,0.67,2449,0,0,1,0
34.25,9,2,entertainment,0.012,0.066,2.3,1.15,610,0,0,1,0
281.46,9,3,clothing,0.032,0.142,1.5,0.5,1795,0,0,1,0
1131.45,5,6,electronics,0.717,0.701,556.2,5.41,109,2,1,1,1
128.61,22,2,gas_transport,0.178,0.134,66.9,1.06,378,0,0,1,0
109.6,18,5,utilities,0.099,0.036,1.0,0.53,3329,0,0,1,0
88.01,10,2,gas_transport,0.163,0.084,7.2,1.56,2507,0,0,1,0
18.2,17,3,entertainment,0.01,0.153,6.8,0.68,530,0,0,0,0
14.54,23,1,dining,0.14,0.184,7.5,1.05,756,0,0,1,0
41.3,16,1,utilities,0.035,0.195,7.0,0.85,2268,0,0,1,0
98.7,17,1,grocery,0.108,0.287,8.1,0.87,3538,0,0,0,0
20.9,14,1,grocery,0.025,0.182,16.6,1.26,1206,0,0,1,0
256.54,12,1,gas_transport,0.061,0.214,40.1,0.9,3191,0,0,1,0
77.34,8,1,clothing,0.24,0.09,60.0,0.82,1801,0,0,0,0
110.2,7,1,grocery,0.019,0.118,14.4,1.23,1801,0,0,0,0
25.12,17,2,grocery,0.032,0.347,9.0,1.57,2668,0,0,1,0
15.74,13,4,grocery,0.127,0.197,6.2,0.64,2730,0,0,1,0
13.43,19,3,grocery,0.097,0.138,0.9,1.18,438,0,0,1,0
28.74,16,5,grocery,0.038,0.072,10.8,0.92,2562,0,0,1,0
114.75,1,1,clothing,0.014,0.21,3.5,1.37,1940,0,0,0,0
66.69,19,1,travel,0.212,0.15,0.5,1.33,846,0,0,1,0
17.14,17,1,utilities,0.337,0.206,29.8,0.61,3550,0,0,0,0
76.7,15,1,grocery,0.096,0.06,2.6,1.34,861,0,0,1,0
47.44,11,1,gas_transport,0.056,0.261,1.4,1.12,1221,0,0,0,0
105.17,15,1,retail,0.238,0.338,5.4,1.0,3323,0,0,0,0
539.14,2,3,clothing,0.939,0.845,1355.2,9.62,607,2,0,1,1
13.64,14,2,grocery,0.015,0.27,12.9,1.09,2050,0,0,0,0
20.06,18,2,grocery,0.048,0.183,19.7,1.15,1479,0,0,0,0
2721.83,19,5,travel,0.791,0.453,1438.4,5.33,146,4,0,1,1
105.5,15,2,gas_transport,0.134,0.086,2.4,1.12,1864,0,0,1,0
37.29,8,1,dining,0.45,0.138,8.3,1.46,3319,0,0,1,0
2008.16,2,10,travel,0.627,0.939,834.5,4.38,64,2,0,1,1
52.24,16,1,health_beauty,0.19,0.137,5.6,0.2,536,0,0,1,0
122.67,18,4,travel,0.126,0.212,10.0,1.04,1925,0,0,0,0
236.41,2,9,clothing,0.916,0.35,27.8,6.28,46,1,0,1,1
21.31,5,2,gas_transport,0.032,0.036,4.3,0.91,451,0,0,0,0
852.73,13,10,electronics,0.856,0.588,1748.4,7.58,34,3,1,1,1
70.58,9,2,retail,0.061,0.087,0.5,1.26,3233,0,0,1,0
36.45,8,1,electronics,0.23,0.011,6.7,0.97,2128,0,0,1,0
83.1,12,4,retail,0.075,0.115,8.2,0.79,1743,0,0,1,0
16.79,14,5,gas_transport,0.024,0.077,20.6,0.8,2469,0,0,1,0
35.17,19,1,clothing,0.033,0.336,19.1,0.9,1541,0,0,1,0
20.2,19,1,gas_transport,0.085,0.156,1.2,0.93,3121,0,0,1,0
55.19,16,5,gas_transport,0.085,0.27,2.8,1.09,449,0,0,1,0
91.29,9,4,clothing,0.309,0.068,11.7,1.61,1542,0,0,0,0
14.92,1,2,health_beauty,0.012,0.107,4.1,0.26,3371,0,0,1,0
82.46,10,1,health_beauty,0.134,0.128,0.1,0.94,2079,0,0,0,0
12.48,16,4,grocery,0.222,0.45,20.1,1.05,2260,0,0,0,0
21.19,10,2,grocery,0.213,0.337,8.8,0.5,3266,1,0,0,0
51.2,10,2,grocery,0.069,0.07,31.0,0.69,2078,0,0,1,0
22.71,12,1,grocery,0.07,0.029,3.6,0.23,297,0,1,0,0
16.63,10,1,grocery,0.074,0.363,3.8,0.63,1417,0,0,1,0
69.73,10,3,dining,0.062,0.062,43.1,1.16,3256,0,0,0,0
248.1,12,1,gas_transport,0.044,0.175,0.9,0.59,3069,0,0,1,0
17.77,12,1,electronics,0.24,0.214,0.2,1.03,1065,1,0,0,0
19.67,16,1,gas_transport,0.183,0.164,25.8,0.87,3283,1,0,0,0
79.83,16,1,gas_transport,0.01,0.313,0.8,0.6,781,0,0,0,0
120.0,20,10,travel,0.853,0.831,1055.3,6.2,11,2,1,1,1
25.81,17,3,gas_transport,0.132,0.191,8.6,0.47,2792,0,0,1,0
32.34,17,1,gas_transport,0.192,0.308,3.7,1.11,741,0,0,0,0
27.0,17,3,entertainment,0.073,0.039,33.3,0.96,2449,0,0,1,0
91.25,5,2,grocery,0.122,0.054,10.8,1.14,458,0,0,1,0
38.78,16,2,travel,0.177,0.01,28.6,0.97,470,0,0,1,0
102.56,12,1,gas_transport,0.116,0.204,5.7,0.21,734,0,0,1,0
23.38,11,1,electronics,0.04,0.185,2.9,1.28,1077,0,0,1,0
42.39,9,1,entertainment,0.01,0.135,14.0,1.05,3570,1,0,1,0
15.75,9,2,gas_transport,0.284,0.212,0.7,0.75,1187,0,0,0,0
74.21,12,2,gas_transport,0.154,0.182,19.1,0.76,1500,0,0,0,0
30.88,12,2,utilities,0.011,0.182,3.7,0.81,2698,0,0,1,0
41.26,19,1,dining,0.139,0.183,15.8,1.23,302,0,0,0,0
29.13,7,2,health_beauty,0.108,0.306,25.9,0.88,1811,0,0,0,0
397.26,17,6,entertainment,0.874,0.719,192.3,6.66,156,1,0,1,1
63.85,9,2,gas_transport,0.284,0.206,0.8,0.77,1715,0,0,1,0
58.78,11,2,dining,0.012,0.114,7.1,1.13,3470,2,0,1,0
74.73,17,1,utilities,0.091,0.13,18.0,1.12,3190,0,0,0,0
33.89,16,1,clothing,0.078,0.418,1.5,1.03,1056,0,0,1,0
37.16,18,2,grocery,0.059,0.086,14.5,1.13,2463,0,0,1,0
50.17,15,1,grocery,0.222,0.193,27.6,0.73,1125,1,0,0,0
18.51,9,1,retail,0.104,0.136,3.7,0.2,3318,0,0,0,0
14.89,10,7,retail,0.019,0.047,5.3,1.36,3256,0,0,1,0
32.71,10,1,dining,0.01,0.437,4.1,0.73,2356,0,0,1,0
112.78,12,1,grocery,0.016,0.035,3.2,0.72,1945,0,0,0,0
38.77,15,1,electronics,0.121,0.269,0.4,0.61,1241,0,0,0,0
47.91,16,2,grocery,0.235,0.01,10.4,1.24,2061,0,0,1,0
36.28,15,3,travel,0.26,0.367,15.0,1.63,542,1,0,0,0
34.44,15,2,dining,0.083,0.121,34.4,1.41,1780,0,0,0,0
285.46,9,1,grocery,0.096,0.078,19.1,0.48,2112,0,0,0,0
2264.89,8,7,travel,0.431,0.848,154.4,3.86,64,1,0,1,1
110.88,18,1,gas_transport,0.116,0.053,2.7,0.73,3537,0,0,1,0
55.48,20,1,gas_transport,0.142,0.085,6.5,1.27,2155,0,0,1,0
255.15,8,3,grocery,0.185,0.189,3.2,1.04,1760,0,0,1,0
41.83,16,3,gas_transport,0.234,0.5,6.0,0.93,329,0,0,1,0
77.5,8,1,grocery,0.45,0.119,3.0,1.44,1411,0,0,0,0
18.88,18,4,grocery,0.358,0.306,11.7,1.33,2842,0,0,0,0
52.26,15,5,travel,0.222,0.031,17.8,1.08,2384,0,0,0,0
66.21,16,3,clothing,0.249,0.107,9.3,1.26,829,0,0,0,0
58.11,15,4,grocery,0.027,0.399,6.1,0.84,1777,0,0,0,0
68.57,12,3,travel,0.264,0.068,3.7,0.89,1471,0,0,1,0
53.53,13,1,grocery,0.133,0.166,0.6,1.08,3471,0,0,1,0
105.31,14,5,grocery,0.124,0.269,7.7,1.05,2407,0,0,1,0
40.78,13,3,clothing,0.017,0.244,6.7,1.55,2522,0,0,0,0
72.81,14,1,dining,0.149,0.105,7.4,0.99,1263,0,0,1,0
76.61,9,1,clothing,0.364,0.051,5.3,0.82,520,0,0,1,0
125.99,15,7,dining,0.396,0.034,9.6,1.04,2001,0,0,1,0
45.07,11,4,entertainment,0.019,0.18,15.3,1.06,2241,0,0,1,0
1646.45,2,9,clothing,0.456,0.749,430.2,9.17,474,3,1,1,1
25.46,19,2,clothing,0.144,0.153,3.2,0.37,3195,0,0,1,0
116.12,16,2,clothing,0.45,0.097,1.6,0.83,992,0,0,0,0
19.3,10,1,dining,0.154,0.125,7.7,1.14,1565,0,0,0,0
54.25,9,1,clothing,0.069,0.335,17.2,0.2,2732,0,0,0,0
154.62,9,2,grocery,0.264,0.148,18.0,1.05,2878,0,0,1,0
47.74,12,2,health_beauty,0.103,0.242,20.4,0.46,1399,0,0,0,0
30.27,14,2,clothing,0.011,0.109,12.0,1.08,547,0,0,0,0
31.88,21,2,dining,0.092,0.058,2.7,0.8,3013,0,1,1,0
42.21,19,1,gas_transport,0.066,0.213,13.1,1.49,2697,0,1,0,0
66.9,11,3,entertainment,0.28,0.015,11.3,1.34,2278,0,0,0,0
134.84,19,3,dining,0.07,0.167,1.3,1.07,1783,0,0,0,0
974.36,10,11,travel,0.466,0.677,532.9,7.93,392,4,0,1,1
51.15,7,1,gas_transport,0.01,0.5,8.9,1.42,2105,0,0,0,0
33.08,9,1,retail,0.45,0.341,3.3,0.65,2141,0,0,1,0
129.02,16,1,grocery,0.038,0.178,5.4,0.94,1370,0,0,1,0
8.14,17,4,gas_transport,0.352,0.302,22.5,0.75,478,0,0,0,0
66.25,16,1,health_beauty,0.138,0.22,5.6,0.97,2166,0,0,0,0
53.91,8,2,dining,0.204,0.052,23.9,0.66,2552,0,0,0,0
26.38,10,1,grocery,0.092,0.23,5.0,0.74,670,0,0,0,0
31.19,7,1,grocery,0.339,0.212,14.5,0.39,1089,0,0,1,0
27.02,11,1,gas_transport,0.01,0.24,13.8,0.74,2101,0,0,0,0
16.05,11,4,retail,0.245,0.213,20.1,1.47,3066,0,0,0,0
14.88,17,1,grocery,0.221,0.23,11.2,0.93,3568,0,0,1,0
72.46,10,2,grocery,0.258,0.035,2.1,0.94,1799,0,0,1,0
23.72,0,1,grocery,0.244,0.441,14.5,0.97,2851,0,0,1,0
22.58,11,2,grocery,0.079,0.151,7.5,1.3,3216,0,0,0,0
110.64,19,2,retail,0.107,0.051,4.7,1.0,296,0,0,1,0
250.91,8,1,gas_transport,0.016,0.324,4.2,0.83,1307,0,0,0,0
25.96,20,2,gas_transport,0.013,0.03,4.0,0.72,2758,0,0,0,0
29.52,21,1,entertainment,0.047,0.301,2.4,0.81,1553,0,0,0,0
120.87,16,1,dining,0.076,0.191,5.6,0.85,894,0,0,0,0
42.02,12,2,utilities,0.01,0.139,8.0,0.49,2882,0,0,0,0
19.35,20,1,electronics,0.269,0.147,17.2,1.19,678,0,0,1,0
44.94,11,4,travel,0.112,0.188,25.9,1.19,814,1,0,1,0
27.62,20,4,grocery,0.08,0.155,2.0,1.25,2417,0,0,1,0
20.03,6,3,gas_transport,0.092,0.15,27.5,1.08,1686,0,0,0,0
23.09,14,2,entertainment,0.061,0.292,15.2,1.28,2248,0,0,1,0
39.64,10,4,gas_transport,0.01,0.216,2.6,1.08,2075,0,0,0,0
33.98,15,1,dining,0.184,0.256,9.1,1.02,1841,0,0,1,0
83.56,14,1,electronics,0.046,0.206,2.8,1.22,2134,0,0,0,0
76.89,15,2,health_beauty,0.155,0.057,3.0,1.53,3034,0,0,0,0
127.09,12,5,dining,0.143,0.076,9.3,1.1,1592,0,0,0,0
407.89,2,7,electronics,0.4,0.545,930.4,4.8,140,4,0,1,1
56.53,10,1,dining,0.324,0.059,1.9,1.11,2694,0,0,0,0
92.41,16,1,clothing,0.019,0.265,2.7,0.95,3534,0,0,0,0
238.8,11,7,travel,0.721,0.642,151.0,4.92,455,0,0,1,1
32.66,13,1,grocery,0.09,0.229,7.5,0.87,1922,0,0,1,0
27.14,6,2,dining,0.125,0.297,3.4,0.67,2941,0,0,1,0
124.09,16,1,dining,0.181,0.053,2.9,0.95,3225,0,0,1,0
25.44,13,2,entertainment,0.045,0.083,6.9,1.32,3240,0,0,1,0
43.33,11,2,gas_transport,0.351,0.235,11.1,0.58,336,0,0,0,0
75.95,20,1,grocery,0.45,0.022,2.3,1.28,1877,0,0,1,0
38.91,12,1,travel,0.211,0.283,0.9,0.55,208,0,0,1,0
12.26,17,3,travel,0.138,0.044,28.6,1.34,1312,0,0,0,0
286.01,14,2,utilities,0.12,0.193,8.8,0.67,1938,0,0,0,0
159.48,14,2,dining,0.246,0.071,9.7,1.15,2337,0,0,0,0
31.94,15,1,clothing,0.058,0.384,13.5,0.88,1650,0,0,1,0
29.58,10,1,clothing,0.01,0.079,3.0,1.04,2962,1,0,1,0
10.87,7,1,entertainment,0.024,0.088,1.8,0.66,2902,0,0,1,0
126.49,16,3,gas_transport,0.111,0.23,18.7,1.08,1282,0,0,0,0
29.49,8,1,grocery,0.095,0.37,11.2,0.89,2878,0,0,1,0
61.05,16,1,health_beauty,0.022,0.237,8.1,0.83,2424,0,1,1,0
83.61,1,2,entertainment,0.103,0.072,1.0,0.34,3031,0,0,1,0
40.82,22,3,electronics,0.385,0.221,11.6,0.98,1043,0,0,1,0
65.07,11,1,dining,0.055,0.022,6.6,1.12,2815,1,0,1,0
17.76,14,3,retail,0.021,0.314,0.1,0.65,3207,0,0,0,0
25.75,11,3,gas_transport,0.049,0.055,1.5,0.78,1445,1,0,1,0
90.67,0,3,grocery,0.09,0.15,24.6,0.79,495,0,0,1,0
98.9,11,1,dining,0.238,0.041,1.3,1.12,730,0,0,1,0
107.73,10,4,gas_transport,0.022,0.238,6.1,1.13,1948,0,0,0,0
174.52,7,2,grocery,0.077,0.264,41.8,1.03,992,0,0,0,0
52.35,17,1,dining,0.45,0.23,6.0,0.97,664,0,0,0,0
41.82,22,2,entertainment,0.079,0.104,6.0,0.89,3537,0,1,1,0
87.94,9,3,electronics,0.236,0.379,9.2,1.19,3412,0,0,1,0
27.57,9,4,health_beauty,0.04,0.019,4.1,0.61,2416,0,0,0,0
37.68,10,1,travel,0.095,0.107,2.1,1.03,2031,0,0,0,0
14.04,5,2,clothing,0.04,0.055,17.4,0.98,2174,0,0,0,0
89.71,9,1,health_beauty,0.103,0.361,1.1,0.72,3147,0,0,0,0
15.35,16,1,grocery,0.027,0.272,31.0,1.05,523,0,0,1,0
53.33,9,3,utilities,0.011,0.133,2.5,1.16,748,0,1,1,0
27.47,6,3,clothing,0.01,0.219,0.3,0.78,476,0,0,1,0
10.35,11,1,gas_transport,0.032,0.029,7.1,1.02,3138,0,0,1,0
35.72,15,2,health_beauty,0.169,0.303,0.2,0.57,1511,0,0,1,0
874.7,4,7,electronics,0.806,0.912,94.4,2.63,138,4,1,1,1
62.29,17,2,grocery,0.196,0.035,2.6,0.97,1201,2,0,0,0
94.63,12,4,dining,0.076,0.102,5.1,0.65,2975,0,0,0,0
43.42,10,2,retail,0.031,0.243,2.3,1.13,3017,0,1,0,0
114.04,5,1,grocery,0.091,0.165,1.3,0.81,1881,0,0,0,0
792.5,2,8,electronics,0.693,0.776,750.9,4.22,27,3,1,1,1
31.13,12,2,entertainment,0.165,0.186,27.8,0.97,2320,0,0,1,0
39.86,14,4,grocery,0.3,0.261,30.8,1.09,2480,0,1,1,0
28.95,13,4,grocery,0.04,0.277,13.3,1.09,3447,0,0,1,0
172.43,10,11,travel,0.71,0.685,1123.9,9.87,57,4,0,1,1
83.92,7,2,clothing,0.09,0.304,0.2,1.03,2378,0,0,0,0
59.45,8,2,grocery,0.38,0.276,11.8,1.46,3043,1,1,0,0
39.24,15,1,clothing,0.115,0.061,0.1,0.86,3127,0,0,1,0
15.01,12,1,grocery,0.282,0.212,2.1,1.22,1387,0,0,1,0
40.59,8,3,dining,0.016,0.097,30.2,1.17,3146,0,0,0,0
32.63,10,2,clothing,0.07,0.462,9.3,0.61,994,0,0,0,0
23.24,6,4,grocery,0.158,0.043,20.3,1.6,3071,0,0,1,0
22.95,9,3,electronics,0.1,0.128,12.0,1.09,323,0,0,0,0
17.63,21,3,utilities,0.17,0.386,9.4,1.03,616,0,0,1,0
75.82,8,5,clothing,0.219,0.049,8.1,0.96,3469,0,0,1,0
22.14,16,1,entertainment,0.105,0.09,1.7,0.77,433,0,0,1,0
72.22,8,3,health_beauty,0.042,0.426,4.5,1.04,1263,0,0,1,0
392.23,15,3,grocery,0.25,0.109,13.6,1.11,1153,0,0,0,0
31.37,12,3,dining,0.185,0.04,2.3,1.36,2696,0,0,1,0
19.58,12,6,dining,0.02,0.01,4.3,1.22,697,0,0,1,0
27.65,16,2,gas_transport,0.049,0.169,16.7,0.31,332,0,0,1,0
1233.59,21,7,electronics,0.787,0.828,2035.2,2.99,733,3,0,1,1
37.1,19,2,dining,0.041,0.086,11.2,0.8,2622,0,0,1,0
34.86,3,1,grocery,0.189,0.238,0.3,1.21,1745,0,0,1,0
36.45,11,2,gas_transport,0.01,0.171,12.8,1.37,1142,0,0,0,0
20.04,10,3,dining,0.07,0.105,13.7,0.73,2905,0,0,1,0
35.82,17,1,clothing,0.146,0.22,32.0,1.13,3146,0,0,0,0
123.57,8,4,clothing,0.021,0.326,36.7,0.67,896,1,0,0,0
47.76,13,2,electronics,0.211,0.5,9.7,1.31,2778,0,0,1,0
186.14,14,1,dining,0.029,0.256,0.1,1.42,597,0,0,1,0
108.81,20,2,gas_transport,0.041,0.103,13.2,0.74,1764,0,0,0,0
65.2,9,1,gas_transport,0.014,0.267,1.2,1.22,3434,0,0,1,0
47.5,17,1,grocery,0.01,0.113,0.2,1.44,625,0,0,1,0
132.6,9,2,grocery,0.056,0.075,20.9,0.75,1789,0,0,0,0
53.96,11,4,electronics,0.181,0.245,14.6,1.21,2064,0,0,0,0
120.11,16,4,gas_transport,0.341,0.226,6.7,1.04,1897,0,0,0,0
62.46,18,1,grocery,0.024,0.236,4.2,1.35,1316,2,0,1,0
14.9,18,2,clothing,0.019,0.157,28.6,0.95,3264,0,0,1,0
41.6,15,2,electronics,0.028,0.307,34.8,1.32,3036,0,0,1,0
27.78,7,3,gas_transport,0.276,0.193,0.5,0.85,3367,0,0,1,0
84.17,11,1,gas_transport,0.098,0.39,2.9,1.57,314,0,0,1,0
107.47,13,2,utilities,0.028,0.107,0.9,0.9,3131,0,0,1,0
22.0,22,1,utilities,0.274,0.132,6.5,0.85,1204,0,0,1,0
45.27,6,1,health_beauty,0.171,0.162,0.1,0.54,3380,0,0,1,0
18.79,6,1,clothing,0.154,0.378,3.4,0.89,1212,0,0,0,0
85.46,15,2,electronics,0.18,0.175,4.9,0.96,2550,0,0,1,0
27.48,14,1,grocery,0.067,0.079,20.8,0.72,1327,0,0,0,0
45.79,7,1,gas_transport,0.093,0.147,0.5,1.0,767,0,1,0,0
39.46,20,2,dining,0.097,0.495,3.0,1.02,1001,0,0,1,0
81.67,23,4,clothing,0.242,0.237,16.0,0.61,1539,0,0,0,0
311.49,16,4,gas_transport,0.138,0.185,14.5,1.14,593,0,0,0,0
34.15,5,2,grocery,0.102,0.135,2.9,0.7,1385,0,0,1,0
53.09,15,1,dining,0.327,0.064,1.0,1.06,1980,0,0,1,0
29.97,11,4,clothing,0.156,0.123,1.1,1.06,635,0,0,0,0
36.33,8,2,gas_transport,0.163,0.141,4.5,1.25,1432,0,0,1,0
225.63,12,5,electronics,0.126,0.156,7.9,0.91,926,0,0,1,0
138.68,7,1,retail,0.02,0.104,12.4,1.08,2521,0,0,0,0
76.46,15,1,grocery,0.03,0.056,4.1,1.3,2301,0,0,0,0
29.27,13,1,electronics,0.023,0.376,32.2,1.34,809,0,0,1,0
181.21,10,1,clothing,0.414,0.08,2.0,1.16,1731,0,0,0,0
131.88,13,1,entertainment,0.202,0.024,29.6,0.83,3562,1,0,1,0
122.11,10,1,grocery,0.036,0.123,9.3,0.63,432,1,0,1,0
34.49,7,3,grocery,0.077,0.14,8.2,1.0,1762,0,0,1,0
133.15,8,2,gas_transport,0.082,0.129,19.4,0.2,3510,1,0,1,0
33.57,12,1,gas_transport,0.105,0.095,3.1,0.85,3487,0,0,0,0
32.26,10,2,dining,0.2,0.174,3.9,0.88,1383,0,0,1,0
27.61,19,3,grocery,0.025,0.122,2.4,0.57,1006,0,0,1,0
38.93,8,4,gas_transport,0.313,0.05,0.1,0.59,1407,0,0,0,0
4536.05,0,4,travel,0.722,0.684,1841.9,5.55,111,1,1,1,1
31.56,4,3,health_beauty,0.102,0.054,5.6,1.41,759,0,0,1,0
746.8,3,7,gas_transport,0.861,0.767,395.3,2.91,294,3,1,1,1
62.86,9,2,health_beauty,0.081,0.292,3.1,0.66,1625,0,0,1,0
51.71,20,1,dining,0.023,0.273,3.0,1.04,837,0,0,0,0
35.7,9,1,grocery,0.332,0.159,2.2,1.03,3261,0,0,1,0
45.89,5,3,clothing,0.167,0.07,0.8,1.04,3107,0,0,0,0
18.99,16,3,utilities,0.077,0.114,9.4,0.76,2213,1,0,0,0
134.61,8,1,dining,0.32,0.364,7.0,0.6,3357,0,0,0,0
136.26,11,1,utilities,0.079,0.326,15.0,0.91,3482,0,0,1,0
141.47,16,1,health_beauty,0.169,0.103,13.5,1.0,2154,0,0,0,0
71.53,13,2,dining,0.096,0.109,5.8,0.52,3313,0,0,1,0
36.07,18,2,electronics,0.053,0.071,0.6,0.28,251,0,0,1,0
22.26,9,1,health_beauty,0.132,0.268,18.0,1.02,2669,0,0,0,0
13.66,19,3,retail,0.071,0.413,4.8,0.98,538,0,0,0,0
4264.95,3,6,health_beauty,0.84,0.547,762.0,6.1,58,4,0,1,1
34.54,7,4,electronics,0.204,0.086,3.2,0.34,309,0,0,1,0
34.71,21,1,clothing,0.027,0.184,10.4,0.75,577,0,0,0,0
24.59,10,1,dining,0.16,0.248,0.6,0.93,3009,0,0,0,0
21.03,10,4,clothing,0.251,0.177,30.1,0.69,1129,0,0,0,0
894.89,4,4,travel,0.838,0.877,1813.2,8.52,25,1,1,1,1
36.06,12,1,utilities,0.144,0.124,11.5,1.13,2310,0,0,1,0
15.74,10,1,gas_transport,0.06,0.026,7.5,0.76,1409,0,0,0,0
123.48,7,1,travel,0.232,0.412,4.8,1.09,3268,0,0,0,0
48.8,9,2,entertainment,0.099,0.112,11.5,1.04,3046,0,0,0,0
211.91,21,1,grocery,0.096,0.196,11.2,0.78,547,0,0,0,0
13.41,12,1,dining,0.15,0.199,6.9,0.43,2822,0,0,1,0
32.38,7,2,dining,0.101,0.419,12.5,1.38,1744,0,0,0,0
255.36,3,2,clothing,0.934,0.701,554.4,6.36,116,2,1,1,1
41.91,17,2,grocery,0.253,0.095,39.9,0.99,1812,0,0,1,0
50.94,7,1,entertainment,0.38,0.175,0.5,0.87,2392,0,0,1,0
140.78,16,1,health_beauty,0.14,0.088,10.5,0.87,818,0,0,1,0
66.26,16,1,dining,0.036,0.252,13.7,1.19,1279,0,0,0,0
37.74,23,1,grocery,0.072,0.134,10.4,1.19,3515,0,1,0,0
119.45,10,4,utilities,0.233,0.355,1.7,1.05,1984,0,0,0,0
181.6,11,3,dining,0.244,0.163,8.1,0.59,1356,0,0,0,0
96.16,23,2,grocery,0.083,0.254,13.0,0.8,1027,0,0,0,0
38.57,11,1,entertainment,0.148,0.5,1.9,0.88,2207,0,0,1,0
223.79,0,1,grocery,0.111,0.027,3.5,1.07,632,0,0,0,0
42.01,4,2,entertainment,0.029,0.046,1.8,1.06,1343,0,0,0,0
53.8,8,2,health_beauty,0.038,0.264,7.2,1.02,1329,0,0,1,0
20.48,14,1,utilities,0.208,0.091,4.2,1.04,607,1,0,0,0
40.6,8,3,gas_transport,0.073,0.225,7.9,1.17,2874,0,0,0,0
39.35,20,2,dining,0.048,0.139,0.1,0.9,258,0,0,1,0
569.12,2,5,clothing,0.587,0.767,643.7,7.5,969,1,0,1,1
37.78,19,2,clothing,0.022,0.234,2.9,0.3,3068,0,0,0,0
185.94,19,3,grocery,0.01,0.252,1.9,1.11,1629,0,0,0,0
77.11,13,3,dining,0.01,0.352,7.5,1.38,3023,0,0,0,0
149.85,16,1,health_beauty,0.136,0.425,3.8,1.22,1632,0,0,0,0
43.4,18,2,grocery,0.243,0.061,24.1,1.12,1015,0,0,0,0
13.14,18,1,dining,0.148,0.164,11.8,1.0,1179,0,0,1,0
46.29,7,2,electronics,0.154,0.063,11.2,1.26,1431,0,0,0,0
34.7,8,2,electronics,0.025,0.394,27.5,0.45,1400,0,1,0,0
38.07,7,1,health_beauty,0.037,0.056,21.3,1.53,3590,0,0,1,0
41.69,10,1,gas_transport,0.135,0.297,3.7,0.81,264,0,0,0,0
45.58,13,3,grocery,0.444,0.151,10.1,1.26,624,0,0,1,0
10.56,15,2,grocery,0.173,0.04,4.2,0.56,2048,0,0,0,0
32.16,8,2,grocery,0.12,0.359,4.4,1.33,2921,0,0,0,0
55.77,9,4,grocery,0.237,0.028,8.5,1.2,3257,0,1,0,0
81.14,16,1,electronics,0.224,0.16,3.3,1.0,2941,0,0,1,0
15.96,11,2,dining,0.074,0.231,0.7,1.14,479,0,1,0,0
2661.3,8,7,clothing,0.717,0.445,365.9,8.62,469,0,1,0,1
19.54,11,1,travel,0.126,0.157,24.6,1.15,282,0,0,1,0
48.7,19,2,gas_transport,0.234,0.119,8.5,0.7,1194,0,0,0,0
369.77,1,10,travel,0.959,0.913,1093.9,7.17,184,1,0,1,1
41.07,13,2,grocery,0.076,0.142,4.5,1.07,1391,0,0,1,0
54.22,10,3,grocery,0.104,0.142,5.7,1.16,2381,0,0,0,0
59.9,12,2,electronics,0.179,0.027,11.4,1.06,448,0,0,0,0
74.41,14,1,grocery,0.063,0.166,3.3,0.88,2384,0,0,1,0
25.08,13,1,grocery,0.019,0.04,21.7,1.02,245,0,0,1,0
46.45,18,5,dining,0.148,0.329,4.5,0.84,2267,0,0,1,0
53.48,6,1,gas_transport,0.01,0.219,6.8,0.74,2661,0,1,0,0
53.86,12,1,health_beauty,0.028,0.178,1.0,1.14,465,0,0,1,0
48.19,8,3,grocery,0.136,0.164,7.0,0.86,1380,0,0,0,0
42.61,16,2,grocery,0.033,0.5,7.8,1.29,2539,0,0,0,0
82.07,5,3,gas_transport,0.016,0.362,0.5,0.91,778,0,0,1,0
145.42,8,1,gas_transport,0.01,0.454,54.2,0.88,1170,0,0,1,0
30.64,9,1,entertainment,0.391,0.055,3.5,1.15,2277,0,0,0,0
103.46,19,2,clothing,0.01,0.162,1.8,1.31,3542,0,0,0,0
22.04,17,2,clothing,0.106,0.282,6.4,1.08,3150,0,0,1,0
171.02,15,2,gas_transport,0.083,0.046,7.4,1.25,1482,0,0,0,0
17.14,4,3,retail,0.018,0.093,8.1,1.16,967,0,0,0,0
50.62,15,1,grocery,0.01,0.025,2.7,0.78,2322,0,0,1,0
58.63,8,4,entertainment,0.116,0.399,40.6,1.13,3208,0,0,0,0
95.27,9,1,grocery,0.019,0.02,0.8,1.23,1914,0,0,1,0
7.2,8,2,dining,0.042,0.039,15.5,1.29,1012,0,1,1,0
50.28,11,1,electronics,0.046,0.193,9.8,1.57,2310,0,0,0,0
55.36,7,2,dining,0.01,0.096,9.7,0.78,883,0,0,0,0
5.06,8,1,entertainment,0.19,0.437,2.4,1.5,2946,0,0,1,0
68.94,20,1,grocery,0.106,0.5,4.4,0.91,1606,0,0,0,0
40.73,14,2,grocery,0.114,0.266,43.4,1.24,434,0,0,1,0
428.11,11,3,dining,0.158,0.318,5.4,0.93,2334,0,0,0,0
51.61,20,1,gas_transport,0.152,0.101,28.7,1.27,2847,0,0,1,0
67.11,16,7,clothing,0.023,0.18,3.0,1.23,1975,0,0,1,0
10.89,7,4,entertainment,0.098,0.272,3.8,1.01,2170,0,0,0,0
29.4,9,2,gas_transport,0.065,0.136,1.6,1.39,2118,0,0,1,0
50.25,14,2,dining,0.182,0.067,26.1,0.47,2264,0,0,0,0
8.77,11,1,dining,0.059,0.083,9.0,1.28,2336,0,0,1,0
100.92,11,4,dining,0.13,0.04,0.7,0.77,2949,0,0,0,0
58.33,8,1,dining,0.082,0.207,10.2,0.74,2108,0,0,0,0
21.07,11,1,dining,0.017,0.194,12.0,1.45,1348,0,0,1,0
52.66,21,2,electronics,0.276,0.19,14.8,0.87,2896,0,0,1,0
49.81,14,1,dining,0.156,0.282,24.1,0.81,1112,0,0,1,0
25.96,21,1,entertainment,0.01,0.256,13.0,1.01,664,0,0,0,0
131.12,20,3,grocery,0.239,0.117,0.1,1.04,325,0,0,1,0
272.13,19,8,electronics,0.726,0.473,973.9,7.98,112,1,1,1,1
206.47,11,1,grocery,0.145,0.327,17.6,1.37,1935,0,0,0,0
23.04,14,2,grocery,0.039,0.263,5.2,1.18,489,0,0,1,0
42.44,14,1,clothing,0.036,0.201,2.7,1.2,648,0,0,0,0
103.14,15,1,clothing,0.055,0.116,4.3,1.7,3261,0,1,1,0
29.96,21,2,gas_transport,0.126,0.27,27.0,0.26,324,0,0,1,0
72.56,13,4,clothing,0.222,0.03,24.7,0.95,2935,0,0,1,0
46.09,19,1,clothing,0.131,0.056,4.1,0.93,1828,0,0,1,0
72.63,12,1,gas_transport,0.065,0.299,1.1,0.74,2769,0,0,0,0
30.17,8,2,grocery,0.01,0.128,2.9,0.6,438,0,0,0,0
42.88,18,1,grocery,0.032,0.274,3.3,0.96,2142,0,0,1,0
20.13,13,5,grocery,0.146,0.359,20.7,0.38,2583,0,0,0,0
169.39,12,1,health_beauty,0.114,0.045,4.3,1.47,1976,0,0,1,0
183.97,2,9,travel,0.639,0.9,727.1,9.43,29,0,1,0,1
38.49,7,2,dining,0.039,0.218,10.1,0.94,3375,0,0,1,0
1837.64,16,7,gas_transport,0.465,0.447,676.5,7.74,71,2,1,1,1
28.46,16,1,dining,0.068,0.174,2.0,1.14,1877,0,0,0,0
32.22,14,1,utilities,0.213,0.122,12.8,1.12,973,1,0,0,0
86.52,21,1,gas_transport,0.033,0.036,10.8,0.73,1119,0,0,1,0
52.34,7,1,electronics,0.227,0.063,3.6,0.34,1676,0,1,0,0
45.04,10,2,grocery,0.018,0.115,19.2,0.82,1808,0,0,0,0
85.39,14,3,grocery,0.226,0.101,16.5,0.8,2579,0,0,1,0
106.85,11,1,gas_transport,0.108,0.31,22.5,0.77,2184,0,0,1,0
195.85,20,2,health_beauty,0.056,0.254,4.8,0.64,1193,0,0,1,0
62.53,8,2,dining,0.072,0.145,7.0,0.61,2686,0,0,0,0
9.97,5,3,grocery,0.067,0.01,5.1,1.11,1156,0,0,1,0
39.34,9,4,gas_transport,0.128,0.017,13.9,1.12,2869,0,0,1,0
38.75,8,1,dining,0.253,0.145,6.5,1.32,567,0,0,1,0
75.75,18,3,grocery,0.107,0.449,12.6,1.01,1654,0,0,0,0
5.0,17,2,dining,0.039,0.032,8.4,0.89,2998,0,0,0,0
29.38,15,3,utilities,0.111,0.319,16.6,1.06,1411,0,0,1,0
99.61,13,2,grocery,0.021,0.05,2.6,0.62,436,0,0,1,0
309.05,8,5,dining,0.607,0.759,388.6,2.18,111,0,0,1,1
35.85,11,1,grocery,0.067,0.412,3.7,1.03,1559,0,0,0,0
87.05,7,1,dining,0.17,0.133,26.9,1.23,2646,0,0,0,0
34.91,15,1,utilities,0.041,0.249,28.2,0.81,539,0,0,0,0
160.53,11,5,clothing,0.188,0.011,1.9,1.45,3249,0,0,1,0
5.0,16,1,gas_transport,0.043,0.187,10.7,0.99,504,0,1,1,0
62.23,19,1,entertainment,0.029,0.158,12.2,1.02,313,0,0,1,0
47.25,16,4,grocery,0.063,0.012,1.6,0.96,2678,0,0,1,0
37.25,13,1,grocery,0.083,0.067,4.4,0.48,2311,0,1,1,0
1036.96,3,8,travel,0.736,0.844,99.0,7.51,70,4,0,1,1
22.1,17,1,clothing,0.198,0.155,15.7,0.93,2383,0,0,0,0
55.37,22,1,grocery,0.154,0.014,29.0,0.8,740,0,0,1,0
61.16,13,1,dining,0.39,0.109,4.1,0.89,3416,0,0,0,0
17.17,11,1,clothing,0.147,0.158,10.3,0.94,1141,0,1,0,0
67.58,10,4,dining,0.307,0.019,20.9,0.77,1769,0,1,1,0
46.79,1,1,utilities,0.033,0.374,3.4,0.71,3288,0,0,1,0
35.87,6,1,electronics,0.161,0.103,5.2,0.46,1952,0,0,1,0
10.79,8,3,gas_transport,0.042,0.049,18.9,1.11,2616,0,0,0,0
19.16,9,2,electronics,0.297,0.255,4.2,1.01,1088,0,0,0,0
41.5,9,2,utilities,0.104,0.044,17.4,0.74,1400,0,0,0,0
32.2,22,6,retail,0.061,0.023,11.3,0.97,2394,0,0,0,0
8.78,22,2,clothing,0.118,0.5,59.4,1.18,796,0,0,1,0
48.09,14,2,travel,0.01,0.014,4.9,0.69,1212,0,0,0,0
57.41,2,1,clothing,0.136,0.056,12.1,1.08,1835,2,0,0,0
111.66,4,1,dining,0.028,0.054,2.0,1.01,2075,0,0,0,0
47.19,15,2,clothing,0.218,0.011,16.2,1.37,1732,0,0,0,0
25.58,14,1,entertainment,0.151,0.01,29.1,1.19,2457,0,0,0,0
79.9,10,1,dining,0.129,0.172,13.6,1.2,2076,0,0,1,0
118.48,14,1,clothing,0.029,0.359,22.7,0.69,2623,0,0,0,0
98.99,10,1,travel,0.12,0.019,8.6,1.1,1267,0,0,1,0
99.18,11,3,grocery,0.115,0.223,0.9,0.79,3289,0,0,0,0
37.55,7,3,electronics,0.151,0.242,5.3,0.88,2823,0,0,0,0
993.06,6,8,travel,0.879,0.676,662.6,6.19,280,2,1,1,1
48.32,18,1,grocery,0.053,0.12,8.1,0.91,759,0,0,1,0
21.54,12,1,entertainment,0.041,0.018,32.0,0.57,2807,0,0,1,0
13.67,8,1,grocery,0.129,0.016,5.9,0.8,2510,1,0,1,0
59.35,15,1,travel,0.042,0.271,35.6,0.56,1754,0,0,1,0
27.4,17,1,clothing,0.162,0.097,9.6,0.63,876,0,0,1,0
86.33,12,1,gas_transport,0.024,0.096,15.3,0.55,1084,0,0,1,0
26.12,14,1,electronics,0.023,0.069,11.4,1.55,2860,0,1,0,0
26.0,10,2,health_beauty,0.05,0.037,6.2,0.97,2633,0,0,1,0
25.93,11,1,gas_transport,0.099,0.134,1.0,1.43,3479,0,0,1,0
966.97,4,6,clothing,0.693,0.617,27.0,3.84,300,1,1,1,1
55.72,16,1,grocery,0.119,0.068,5.9,1.02,1807,0,0,0,0
234.92,12,2,grocery,0.245,0.221,6.2,0.88,565,0,0,1,0
47.36,11,1,retail,0.052,0.23,1.1,0.46,2027,0,0,1,0
17.76,11,3,grocery,0.232,0.14,1.9,0.71,2122,0,0,1,0
23.32,19,1,gas_transport,0.165,0.15,10.3,1.22,2277,0,0,1,0
46.56,13,2,grocery,0.116,0.117,10.6,1.26,1055,0,0,1,0
30.11,11,3,grocery,0.267,0.125,8.3,0.28,732,0,0,1,0
59.86,14,3,health_beauty,0.441,0.193,16.6,1.52,946,0,0,1,0
121.46,8,2,grocery,0.07,0.165,5.0,1.03,335,0,0,1,0
16.59,15,2,electronics,0.174,0.141,26.0,0.68,879,0,0,0,0
34.45,13,1,grocery,0.114,0.414,0.8,0.87,1767,0,0,0,0
215.25,11,1,utilities,0.01,0.345,1.4,1.44,3505,0,0,1,0
64.25,9,3,gas_transport,0.131,0.209,0.9,1.25,1373,0,1,0,0
5.0,21,4,gas_transport,0.2,0.397,1.6,1.06,1270,1,0,1,0
53.19,8,2,dining,0.035,0.12,3.7,0.76,627,0,0,0,0
90.38,10,1,grocery,0.124,0.068,13.3,0.63,953,0,0,1,0
17.16,11,1,gas_transport,0.04,0.172,4.2,1.44,920,0,0,0,0
8.67,21,1,gas_transport,0.136,0.224,10.5,1.48,1549,0,0,1,0
54.2,15,2,health_beauty,0.12,0.016,9.6,1.1,1426,0,0,1,0
12.01,7,2,dining,0.017,0.173,32.3,1.12,522,0,0,1,0
40.28,15,1,health_beauty,0.059,0.18,6.0,1.01,3562,1,0,0,0
38.3,11,1,electronics,0.034,0.132,5.0,0.91,443,0,0,0,0
6.66,9,1,grocery,0.217,0.07,14.1,0.7,817,0,0,1,0
18.95,13,1,gas_transport,0.11,0.281,6.7,1.08,2455,0,0,0,0
33.53,14,1,dining,0.107,0.49,0.4,0.67,1374,0,1,1,0
23.04,15,1,grocery,0.078,0.105,21.4,1.19,2286,0,0,1,0
27.42,13,2,gas_transport,0.044,0.102,15.2,1.0,1378,0,0,1,0
34.84,11,4,gas_transport,0.057,0.112,8.4,1.41,1997,0,0,1,0
27.29,5,1,health_beauty,0.223,0.133,4.4,1.81,2202,0,0,1,0
90.73,13,1,gas_transport,0.118,0.337,18.4,0.84,1211,0,1,1,0
120.0,22,7,travel,0.848,0.707,87.9,2.51,154,2,0,1,1
79.4,9,2,utilities,0.024,0.123,16.6,1.31,3108,0,0,1,0
66.91,11,3,gas_transport,0.097,0.311,21.6,0.92,1937,0,0,1,0
127.87,6,1,retail,0.044,0.111,32.2,0.44,273,0,0,1,0
36.77,9,3,dining,0.094,0.153,18.4,1.25,3032,0,0,1,0
37.44,8,1,clothing,0.069,0.062,4.4,0.87,3370,0,0,0,0
169.22,11,4,dining,0.031,0.073,10.4,1.39,2321,0,0,0,0
171.02,23,1,clothing,0.032,0.242,19.3,0.55,3100,0,0,1,0
46.3,20,2,clothing,0.185,0.105,15.8,1.09,912,0,0,0,0
69.5,19,1,travel,0.172,0.155,15.6,1.3,1777,0,0,0,0
15.52,10,1,gas_transport,0.102,0.067,9.6,1.35,3131,0,0,0,0
66.37,16,2,travel,0.059,0.178,5.2,1.08,1666,0,0,1,0
24.08,7,3,gas_transport,0.143,0.064,12.8,1.0,1829,0,0,1,0
43.84,17,4,dining,0.01,0.388,7.3,0.27,1154,0,0,0,0
102.9,14,1,travel,0.074,0.253,5.8,1.36,1871,0,0,1,0
56.7,9,1,gas_transport,0.093,0.174,2.3,1.53,1027,0,0,1,0
276.35,22,1,health_beauty,0.01,0.109,7.6,1.17,448,0,0,1,0
81.67,11,3,dining,0.051,0.271,14.7,1.17,1005,0,0,0,0
29.81,17,1,grocery,0.177,0.074,7.4,1.24,266,1,0,1,0
152.35,17,1,gas_transport,0.073,0.375,8.7,0.75,771,0,0,0,0
60.82,16,3,clothing,0.026,0.223,15.7,0.78,1337,0,0,0,0
3228.69,23,5,electronics,0.411,0.813,15.0,2.98,898,1,0,1,1
39.7,11,1,dining,0.19,0.021,4.9,1.29,3488,0,0,0,0
333.7,3,12,electronics,0.845,0.781,364.3,1.8,10,1,0,1,1
65.11,14,4,entertainment,0.17,0.099,29.7,1.34,2581,0,0,0,0
78.08,12,1,dining,0.113,0.069,0.7,1.02,2995,0,1,1,0
158.01,8,3,utilities,0.101,0.202,3.3,1.04,325,0,0,1,0
30.27,13,3,gas_transport,0.137,0.077,9.6,0.78,2527,0,0,1,0
88.58,7,1,retail,0.035,0.5,3.8,1.36,2439,0,0,1,0
65.43,15,1,retail,0.203,0.432,0.2,1.01,656,0,0,0,0
1028.11,1,11,electronics,0.948,0.544,482.2,6.25,257,2,0,0,1
1524.79,16,8,entertainment,0.908,0.693,578.3,7.23,14,0,1,1,1
33.93,5,1,travel,0.205,0.062,3.8,0.76,207,0,0,1,0
35.6,7,3,dining,0.029,0.112,64.8,1.33,241,0,0,0,0
87.23,17,4,gas_transport,0.01,0.12,8.4,0.82,575,0,0,0,0
17.4,16,3,utilities,0.064,0.082,8.2,1.58,2978,0,0,0,0
5.9,6,1,clothing,0.075,0.067,8.1,1.65,3023,0,0,0,0
38.58,16,4,entertainment,0.25,0.277,12.5,0.75,371,0,0,1,0
18.74,15,1,electronics,0.136,0.067,17.1,0.69,1478,1,0,1,0
26.81,12,2,dining,0.187,0.362,1.6,0.94,2220,0,0,0,0
102.59,11,4,gas_transport,0.152,0.072,50.9,1.24,1553,0,0,0,0
20.92,2,5,clothing,0.099,0.087,5.2,0.76,250,0,0,0,0
65.76,5,3,grocery,0.194,0.171,12.7,1.21,3035,0,0,1,0
34.94,22,1,electronics,0.087,0.364,13.5,0.82,525,1,0,0,0
37.58,16,2,grocery,0.201,0.371,1.8,1.57,2803,0,0,0,0
64.21,18,1,gas_transport,0.083,0.379,22.7,0.97,472,0,0,1,0
48.35,19,1,grocery,0.093,0.091,16.4,1.11,606,0,0,1,0
173.64,4,13,electronics,0.681,0.597,88.3,3.78,95,3,0,1,1
29.63,13,3,gas_transport,0.044,0.072,0.7,1.2,2697,0,0,0,0
84.04,7,2,grocery,0.01,0.113,11.5,0.39,2277,0,0,1,0
29.4,10,3,entertainment,0.082,0.27,1.5,1.05,510,0,0,1,0
20.41,21,1,health_beauty,0.149,0.252,9.9,0.88,2789,0,0,1,0
23.9,5,1,travel,0.076,0.067,3.9,1.19,475,0,0,0,0
14.41,10,2,gas_transport,0.45,0.212,19.0,0.58,844,0,0,0,0
67.36,10,1,grocery,0.187,0.126,15.1,0.56,2714,0,0,0,0
284.79,19,10,electronics,0.721,0.534,1051.5,6.95,59,1,1,1,1
209.91,8,2,electronics,0.099,0.205,9.1,1.6,610,0,0,1,0
46.97,15,4,grocery,0.109,0.084,1.9,0.3,1263,0,0,1,0
17.35,7,2,entertainment,0.366,0.237,0.1,0.93,1365,0,0,0,0
25.03,21,1,dining,0.243,0.392,43.2,0.52,2385,1,0,1,0
98.99,18,4,grocery,0.02,0.283,8.7,0.3,1708,0,0,1,0
31.56,15,1,grocery,0.376,0.141,37.0,1.3,2619,0,0,0,0
21.38,7,1,gas_transport,0.048,0.086,14.9,0.43,436,0,0,0,0
83.64,18,1,dining,0.067,0.5,35.5,0.92,3214,0,0,0,0
52.63,16,1,grocery,0.029,0.038,13.1,0.66,2475,0,0,1,0
11.21,12,1,dining,0.234,0.187,28.8,1.27,2253,0,0,0,0
230.2,18,1,dining,0.114,0.185,4.5,1.26,2039,0,0,1,0
329.75,20,7,clothing,0.732,0.897,74.7,5.42,2,3,0,1,1
19.77,19,1,clothing,0.098,0.48,3.6,0.98,3197,0,0,1,0
34.5,15,2,retail,0.247,0.13,11.7,0.79,1090,0,0,1,0
38.94,12,1,grocery,0.202,0.327,23.2,1.04,336,0,1,1,0
12.07,7,1,grocery,0.016,0.231,59.3,1.43,2672,0,0,1,0
23.51,7,1,retail,0.044,0.115,9.5,1.11,471,0,0,0,0
39.92,21,2,retail,0.067,0.26,19.5,0.53,1807,0,0,0,0
10.93,18,3,electronics,0.313,0.221,12.1,0.75,3581,0,0,0,0
19.96,16,3,health_beauty,0.071,0.379,11.6,1.4,371,0,0,0,0
47.93,13,2,electronics,0.091,0.176,7.1,1.0,938,0,0,0,0
146.44,8,2,clothing,0.127,0.454,9.1,1.13,1559,0,0,0,0
57.43,10,2,electronics,0.135,0.069,18.8,0.56,1013,0,0,1,0
29.65,15,2,grocery,0.087,0.24,4.4,0.93,1512,0,0,0,0
41.06,9,1,entertainment,0.027,0.092,11.9,1.0,659,0,0,1,0
150.11,9,2,dining,0.078,0.187,3.6,0.93,555,0,0,0,0
15.01,17,1,gas_transport,0.129,0.415,14.4,0.87,2291,0,0,1,0
75.61,18,1,retail,0.064,0.073,2.0,1.03,3167,0,0,1,0
101.22,16,1,electronics,0.03,0.201,7.8,1.6,1554,0,0,1,0
45.82,16,1,clothing,0.028,0.347,15.2,0.73,1027,0,0,0,0
65.68,7,1,clothing,0.091,0.204,4.7,1.24,1430,1,0,1,0
45.25,10,1,electronics,0.01,0.191,3.0,1.18,2389,0,0,1,0
44.13,9,1,grocery,0.065,0.263,11.6,1.15,984,0,0,1,0
28.73,15,2,grocery,0.327,0.04,6.0,0.53,1844,0,1,0,0
1183.99,5,6,travel,0.722,0.618,49.3,4.5,110,1,0,1,1
66.99,18,1,utilities,0.082,0.206,4.4,1.32,3446,0,0,1,0
38.62,17,3,entertainment,0.066,0.216,23.7,1.28,1352,0,0,0,0
25.14,17,3,travel,0.383,0.102,1.4,1.02,681,0,0,0,0
59.76,1,2,dining,0.055,0.206,11.4,0.92,3588,0,0,1,0
575.07,10,4,retail,0.159,0.249,15.0,1.16,2904,0,0,1,0
26.49,15,1,health_beauty,0.116,0.412,4.6,0.81,2505,0,0,1,0
249.38,11,1,gas_transport,0.114,0.244,2.9,1.08,1343,0,0,0,0
25.64,19,2,dining,0.023,0.134,9.4,0.98,3562,0,0,1,0
7.12,22,3,gas_transport,0.085,0.318,3.5,1.52,811,0,0,0,0
86.59,14,2,grocery,0.285,0.021,20.4,1.28,2769,0,0,0,0
18.42,3,2,dining,0.183,0.484,19.1,0.92,2265,0,0,0,0
33.56,12,2,health_beauty,0.035,0.275,45.0,0.79,2911,0,0,0,0
50.14,9,1,electronics,0.186,0.089,9.6,0.78,867,0,0,1,0
33.09,12,2,gas_transport,0.155,0.05,9.4,0.76,2616,0,0,1,0
14.97,10,1,gas_transport,0.183,0.042,12.6,1.01,3519,0,1,0,0
37.75,11,5,gas_transport,0.01,0.393,41.7,0.66,3334,0,0,0,0
67.24,17,7,grocery,0.072,0.083,5.3,0.76,2368,0,0,1,0
23.99,16,3,gas_transport,0.087,0.143,16.4,0.95,999,0,0,1,0
63.2,11,1,gas_transport,0.138,0.292,4.9,1.39,1883,0,0,1,0
28.88,7,1,dining,0.067,0.354,5.9,0.53,3420,0,0,0,0
37.46,14,2,grocery,0.332,0.206,11.1,0.93,2582,0,0,0,0
59.65,5,2,clothing,0.162,0.442,4.6,0.86,2990,0,0,1,0
1111.36,2,7,electronics,0.796,0.67,320.2,6.75,588,0,0,0,1
65.58,16,2,gas_transport,0.034,0.207,7.9,1.29,1267,0,1,1,0
91.04,13,1,clothing,0.074,0.079,31.5,1.25,1300,0,0,0,0
86.64,22,5,travel,0.381,0.209,4.3,0.89,1148,0,0,1,0
191.52,2,5,travel,0.795,0.898,887.9,5.09,583,0,1,0,1
34.8,14,2,grocery,0.119,0.392,11.3,0.94,2859,0,1,1,0
32.07,6,1,utilities,0.13,0.114,2.3,0.93,1467,0,0,1,0
68.42,15,3,gas_transport,0.076,0.109,30.2,0.91,429,1,0,0,0
4800.0,23,11,travel,0.768,0.62,437.8,1.8,203,1,1,1,1
22.02,3,1,grocery,0.302,0.046,5.2,1.55,2556,0,0,1,0
36.99,7,2,gas_transport,0.045,0.246,0.2,1.24,782,0,0,0,0
22.64,22,1,gas_transport,0.049,0.073,2.7,1.37,1407,0,0,1,0
25.57,13,1,electronics,0.129,0.166,6.1,1.01,2953,0,0,0,0
128.64,0,1,gas_transport,0.058,0.114,21.4,1.42,628,0,0,0,0
116.49,10,1,dining,0.184,0.184,1.8,1.48,1363,0,0,1,0
91.81,9,2,clothing,0.132,0.139,4.8,1.07,1540,0,0,0,0
56.95,16,2,clothing,0.048,0.176,4.2,0.79,1628,0,0,1,0
28.15,18,1,dining,0.342,0.131,18.1,1.31,2124,0,0,0,0
4800.0,22,3,electronics,0.673,0.591,642.6,2.44,95,1,1,1,1
35.01,6,3,gas_transport,0.149,0.123,2.0,1.23,1508,0,0,0,0
134.98,20,2,dining,0.039,0.177,7.2,0.87,3535,0,0,0,0
60.05,12,2,entertainment,0.149,0.038,0.9,0.76,1013,0,0,1,0
20.37,10,2,gas_transport,0.213,0.148,6.7,0.79,3208,0,0,1,0
42.25,14,1,electronics,0.155,0.068,16.6,1.35,1295,0,0,1,0
23.59,17,2,utilities,0.108,0.116,8.2,1.17,2647,0,0,0,0
36.41,10,1,gas_transport,0.123,0.13,7.5,1.27,400,0,1,1,0
7.57,20,2,travel,0.269,0.434,11.8,1.44,1034,0,0,1,0
22.97,8,3,grocery,0.068,0.242,9.3,0.65,1155,0,0,1,0
18.94,12,1,dining,0.199,0.1,10.0,1.07,2329,0,0,0,0
26.94,9,2,utilities,0.049,0.109,27.3,0.83,1355,0,0,1,0
47.73,7,3,health_beauty,0.061,0.255,19.9,0.22,3398,0,1,1,0
66.04,15,2,dining,0.145,0.186,4.9,1.26,3294,0,0,1,0
30.03,9,1,clothing,0.042,0.139,0.7,0.52,2444,0,0,1,0
43.84,16,2,grocery,0.309,0.374,47.2,1.19,1695,0,0,0,0
479.08,4,6,travel,0.539,0.8,104.6,8.06,80,2,0,1,1
65.78,15,2,grocery,0.01,0.189,80.4,1.17,2967,0,0,1,0
175.19,21,9,electronics,0.661,0.766,642.2,10.67,45,3,1,1,1
25.44,11,3,dining,0.037,0.3,5.2,1.3,2688,0,0,0,0
95.99,6,2,gas_transport,0.05,0.344,12.0,1.02,1926,0,1,0,0
5.0,8,2,clothing,0.151,0.031,20.5,1.05,1681,0,0,0,0
35.98,11,4,dining,0.215,0.466,6.8,0.68,701,0,0,0,0
31.85,11,1,grocery,0.114,0.124,49.0,0.63,1939,0,0,1,0
52.18,7,1,dining,0.015,0.173,2.7,0.96,2926,0,0,1,0
23.09,15,6,grocery,0.211,0.072,0.1,1.37,2791,0,1,0,0
40.82,11,4,travel,0.024,0.238,14.5,1.39,3175,0,1,1,0
32.46,13,2,utilities,0.164,0.488,10.9,0.76,1221,0,0,1,0
60.86,7,2,gas_transport,0.073,0.01,23.0,0.98,2595,0,0,0,0
17.9,9,1,clothing,0.01,0.192,15.7,1.0,1613,0,0,0,0
183.68,12,1,health_beauty,0.014,0.164,7.9,0.98,2568,0,0,1,0
134.0,8,1,gas_transport,0.07,0.273,3.6,1.54,2724,0,0,0,0
94.28,7,1,health_beauty,0.072,0.292,0.7,0.63,2151,0,0,1,0
30.01,16,2,grocery,0.097,0.154,9.3,1.01,3060,0,0,1,0
28.19,18,2,electronics,0.237,0.124,5.5,0.88,3142,0,0,1,0
165.78,19,1,health_beauty,0.45,0.108,10.2,0.7,1349,0,0,0,0
44.27,19,2,dining,0.303,0.402,8.1,0.73,389,0,0,0,0
49.89,10,1,dining,0.442,0.14,27.2,0.26,2535,0,0,0,0
7.92,17,1,dining,0.127,0.121,5.5,1.58,385,0,0,0,0
113.65,11,1,dining,0.046,0.09,21.4,0.81,1668,0,0,1,0
35.06,10,3,grocery,0.231,0.34,35.4,1.05,3108,0,0,1,0
138.81,20,3,dining,0.061,0.246,2.6,0.45,2240,0,0,0,0
31.63,12,1,grocery,0.09,0.112,6.1,1.13,3235,0,0,0,0
22.44,14,2,grocery,0.176,0.018,4.7,1.04,2572,0,0,1,0
17.8,4,2,grocery,0.05,0.183,8.0,0.86,3299,0,0,0,0
70.43,6,1,electronics,0.255,0.034,13.9,0.68,2438,0,0,0,0
165.88,17,3,electronics,0.037,0.09,7.2,1.31,724,0,0,1,0
31.02,22,3,clothing,0.266,0.098,0.4,1.23,1671,0,0,1,0
43.38,9,1,grocery,0.183,0.5,7.6,1.34,2098,0,0,1,0
46.06,9,5,gas_transport,0.169,0.075,0.2,0.94,1810,0,0,1,0
27.06,13,2,gas_transport,0.136,0.087,10.0,0.54,955,0,0,0,0
56.45,9,1,gas_transport,0.051,0.136,5.1,1.14,3579,0,0,0,0
149.74,11,1,clothing,0.12,0.362,8.8,0.64,2899,0,0,1,0
63.37,19,2,dining,0.065,0.241,2.4,1.3,673,0,0,0,0
27.86,14,1,health_beauty,0.021,0.095,15.6,0.92,1189,0,0,0,0
93.71,12,1,dining,0.062,0.084,8.7,0.75,2867,0,0,1,0
52.49,14,2,grocery,0.226,0.203,8.3,1.15,2681,0,0,1,0
1446.16,3,5,electronics,0.86,0.792,136.2,3.67,163,3,1,1,1
8.52,10,2,dining,0.098,0.013,19.0,0.99,327,0,0,1,0
46.72,17,1,dining,0.189,0.416,6.5,0.88,1750,0,0,1,0
147.13,5,1,gas_transport,0.18,0.109,14.1,1.57,3044,0,0,0,0
85.7,20,2,clothing,0.183,0.244,5.5,1.22,1183,0,0,1,0
86.36,10,1,entertainment,0.167,0.231,44.2,1.18,3039,0,0,0,0
54.93,13,2,gas_transport,0.072,0.208,2.6,0.74,440,0,0,1,0
39.81,14,1,dining,0.102,0.139,8.7,1.23,1851,0,0,1,0
5.04,8,2,grocery,0.25,0.314,0.8,0.83,1265,0,0,0,0
28.53,11,5,electronics,0.201,0.279,5.8,1.42,868,0,0,1,0
36.04,9,6,gas_transport,0.21,0.173,40.4,0.84,2166,0,0,0,0
9.14,2,1,clothing,0.063,0.109,27.1,0.66,2223,0,1,0,0
113.47,7,1,entertainment,0.049,0.051,1.0,0.8,2804,0,1,1,0
71.38,16,4,travel,0.072,0.329,16.4,1.06,217,0,0,0,0
9.68,11,2,health_beauty,0.084,0.257,15.1,1.23,535,0,0,1,0
27.78,18,3,grocery,0.091,0.19,9.8,0.88,1383,0,0,1,0
107.47,12,4,grocery,0.025,0.387,19.5,0.97,2872,0,0,0,0
27.31,6,2,dining,0.187,0.253,10.0,0.97,859,0,0,1,0
68.65,6,8,dining,0.234,0.147,2.3,1.54,494,0,0,1,0
4800.0,3,4,clothing,0.941,0.68,121.4,4.8,190,3,1,1,1
25.21,14,1,gas_transport,0.038,0.11,41.9,1.83,302,0,1,1,0
20.49,16,1,travel,0.038,0.047,10.0,1.08,741,0,0,0,0
10.72,9,1,clothing,0.34,0.214,7.6,1.12,3280,0,1,1,0
36.74,1,1,grocery,0.019,0.149,13.5,1.2,2964,0,0,1,0
110.15,23,1,gas_transport,0.263,0.232,4.9,1.33,2384,0,1,1,0
126.47,14,1,utilities,0.099,0.056,2.4,0.85,2178,0,0,0,0
70.95,2,2,gas_transport,0.178,0.183,12.0,1.04,2734,0,0,0,0
69.21,16,1,utilities,0.199,0.133,10.0,1.61,1267,0,0,0,0
50.28,8,1,dining,0.022,0.224,57.8,1.0,3421,0,0,1,0
13.95,15,1,grocery,0.043,0.207,22.2,1.46,2681,0,0,0,0
370.04,13,1,health_beauty,0.282,0.115,4.0,0.59,1746,0,0,0,0
40.33,6,1,entertainment,0.312,0.033,5.6,1.14,3228,0,0,1,0
35.35,9,2,grocery,0.087,0.137,16.2,1.07,2915,0,0,1,0
80.6,21,2,entertainment,0.076,0.085,6.3,1.25,2286,0,0,1,0
86.15,6,1,dining,0.019,0.283,2.4,0.68,3345,0,0,1,0
42.46,16,3,gas_transport,0.047,0.01,6.1,1.09,2832,0,0,1,0
23.04,12,1,retail,0.194,0.165,3.9,0.94,1402,0,0,1,0
49.45,11,2,grocery,0.213,0.23,3.7,1.11,2303,0,0,1,0
120.0,9,9,electronics,0.814,0.867,804.7,4.51,480,1,0,1,1
52.3,12,1,gas_transport,0.115,0.272,30.2,1.39,2012,0,0,1,0
69.74,18,1,dining,0.037,0.5,39.7,1.07,3097,0,0,1,0
26.03,15,2,travel,0.13,0.232,8.7,1.55,1338,0,0,0,0
1004.7,0,7,travel,0.907,0.503,491.9,9.41,75,0,0,1,1
21.45,15,2,retail,0.145,0.218,2.7,0.52,1398,0,0,0,0
53.9,11,3,utilities,0.01,0.094,8.5,0.76,1407,0,0,1,0
45.4,13,2,health_beauty,0.256,0.187,26.0,1.01,2805,0,0,1,0
112.71,16,1,retail,0.015,0.116,15.4,0.31,526,0,0,0,0
14.8,9,2,entertainment,0.081,0.147,6.0,1.19,3215,0,1,1,0
43.34,11,1,health_beauty,0.064,0.44,0.5,0.7,3053,0,0,0,0
318.7,21,3,dining,0.079,0.186,29.0,0.86,654,0,0,0,0
115.74,18,4,electronics,0.341,0.071,25.9,1.15,3288,0,0,0,0
33.38,7,2,utilities,0.223,0.5,7.0,0.77,1662,0,0,0,0
109.39,8,3,grocery,0.149,0.17,17.0,0.7,377,1,0,0,0
98.24,14,3,grocery,0.128,0.076,25.4,0.81,3422,0,0,1,0
75.77,18,1,entertainment,0.246,0.098,26.8,1.08,1406,0,0,1,0
37.94,15,1,grocery,0.155,0.186,6.6,0.94,850,0,0,0,0
208.73,6,1,clothing,0.174,0.146,0.6,1.17,1084,0,0,1,0
82.07,21,1,travel,0.174,0.109,22.8,1.16,720,0,0,1,0
125.59,14,2,grocery,0.033,0.091,27.2,0.74,379,0,0,0,0
84.63,12,3,clothing,0.271,0.074,14.9,1.13,3376,1,0,1,0
55.42,11,1,grocery,0.133,0.083,12.9,1.04,1339,0,0,0,0
71.73,17,1,grocery,0.058,0.18,12.6,0.88,2045,0,0,0,0
35.56,10,5,grocery,0.066,0.092,0.3,0.82,525,0,0,1,0
39.65,15,1,dining,0.198,0.293,1.7,1.15,2206,0,0,1,0
62.22,7,1,utilities,0.172,0.122,13.5,0.34,3352,0,0,1,0
13.46,15,1,utilities,0.1,0.027,6.2,0.55,3349,0,0,1,0
18.22,9,1,utilities,0.227,0.09,0.9,1.76,2411,0,0,1,0
39.98,10,1,grocery,0.041,0.257,0.7,1.32,2890,0,0,1,0
15.99,11,1,dining,0.215,0.106,0.8,1.06,3558,0,0,1,0
187.95,10,1,gas_transport,0.421,0.06,17.2,1.61,725,0,0,0,0
29.47,15,2,travel,0.016,0.248,19.9,0.43,932,0,0,0,0
101.5,10,2,electronics,0.295,0.038,1.9,0.91,899,0,0,0,0
27.44,18,1,entertainment,0.26,0.237,0.6,1.1,2518,0,0,0,0
27.08,7,2,entertainment,0.112,0.208,16.5,0.87,1796,0,0,0,0
30.09,11,1,gas_transport,0.184,0.027,9.4,1.63,2944,0,0,1,0
88.24,13,2,dining,0.427,0.336,3.3,1.11,1444,1,0,0,0
17.91,18,2,gas_transport,0.093,0.051,0.8,1.44,3218,0,0,1,0
45.8,13,4,gas_transport,0.062,0.161,33.4,0.4,2729,0,0,1,0
14.33,16,1,gas_transport,0.064,0.314,5.2,0.41,2664,1,0,0,0
37.62,17,7,gas_transport,0.013,0.078,13.6,1.09,1986,0,0,1,0
41.9,7,4,dining,0.027,0.123,9.5,1.6,306,0,0,1,0
49.83,14,1,dining,0.197,0.118,20.3,1.49,1259,1,0,0,0
14.52,9,1,gas_transport,0.091,0.012,12.7,1.33,642,0,0,0,0
87.49,13,3,dining,0.11,0.017,15.2,0.47,2032,0,0,1,0
23.28,16,1,entertainment,0.078,0.05,1.0,0.56,1020,2,0,1,0
29.67,7,1,dining,0.139,0.214,3.2,1.41,181,1,0,1,0
82.89,12,5,dining,0.125,0.148,5.4,0.99,2856,0,0,0,0
56.67,17,4,clothing,0.083,0.125,27.0,1.31,1513,0,0,0,0
5.0,12,3,clothing,0.045,0.228,39.5,0.77,3595,0,0,1,0
51.47,11,1,gas_transport,0.057,0.259,21.2,1.57,941,0,0,0,0
67.83,15,1,clothing,0.193,0.022,13.1,0.88,776,0,0,1,0
13.75,1,1,electronics,0.139,0.135,0.2,1.18,3144,1,0,1,0
79.5,6,2,gas_transport,0.202,0.22,26.9,1.77,1850,0,0,0,0
257.84,9,3,grocery,0.113,0.138,43.7,0.82,1187,1,0,0,0
95.06,16,1,dining,0.03,0.165,4.2,0.89,676,0,0,0,0
43.59,14,3,health_beauty,0.132,0.5,19.2,1.24,3132,0,0,1,0
317.95,16,2,dining,0.155,0.146,1.8,0.94,1172,0,0,0,0
471.63,7,1,gas_transport,0.107,0.39,7.7,0.92,1834,0,0,0,0
9.94,11,1,dining,0.189,0.098,41.8,0.91,1856,0,0,1,0
24.27,17,1,dining,0.01,0.089,1.4,0.75,231,0,0,1,0
49.82,17,4,clothing,0.271,0.166,1.3,0.78,2037,0,0,1,0
120.0,17,11,clothing,0.482,0.612,534.3,8.19,1200,3,1,1,1
25.7,1,2,dining,0.02,0.072,31.7,1.46,868,0,0,1,0
8.93,8,1,dining,0.091,0.442,7.4,1.34,711,0,0,1,0
609.63,2,5,electronics,0.806,0.979,995.3,7.84,76,1,0,1,1
73.6,15,2,grocery,0.2,0.158,11.0,1.7,1148,0,0,1,0
49.74,15,2,dining,0.061,0.188,1.9,1.06,2446,0,0,1,0
114.62,8,2,dining,0.14,0.122,2.6,0.64,3436,0,1,1,0
137.31,5,1,electronics,0.039,0.181,3.2,1.01,3336,0,0,1,0
29.36,16,3,grocery,0.121,0.173,5.9,0.39,2144,0,0,1,0
170.34,15,1,grocery,0.01,0.195,1.7,0.88,1271,0,0,0,0
161.5,8,3,dining,0.209,0.175,11.6,1.2,2425,0,0,1,0
31.01,10,1,utilities,0.053,0.062,1.7,1.4,3021,0,0,1,0
32.88,7,1,clothing,0.221,0.358,3.4,1.69,2070,0,0,0,0
61.63,19,1,clothing,0.047,0.264,15.8,0.94,2502,0,0,0,0
8.71,16,2,retail,0.172,0.249,16.0,1.53,637,0,0,1,0
16.79,9,2,dining,0.13,0.096,7.0,0.77,3468,0,0,1,0
45.92,12,1,utilities,0.091,0.236,0.6,1.16,1683,0,0,1,0
29.43,15,1,travel,0.379,0.075,0.7,0.87,1205,0,0,0,0
61.24,14,3,entertainment,0.269,0.147,0.5,1.21,2362,0,1,1,0
173.57,8,4,dining,0.135,0.022,24.5,0.54,3346,0,0,1,0
74.68,16,1,grocery,0.144,0.216,2.1,0.46,2270,0,0,1,0
22.58,19,1,dining,0.022,0.01,7.9,1.46,2255,1,0,1,0
241.84,7,3,gas_transport,0.084,0.345,64.0,1.09,599,0,0,0,0
22.52,2,5,entertainment,0.01,0.159,11.2,1.03,2502,0,0,1,0
53.69,13,3,retail,0.01,0.494,6.1,0.8,1242,0,0,1,0
32.87,12,2,dining,0.126,0.125,37.1,1.29,792,0,0,0,0
76.58,16,2,clothing,0.063,0.416,2.6,1.41,2611,0,0,1,0
205.93,4,1,dining,0.114,0.232,0.1,0.7,2426,0,0,0,0
47.66,12,3,grocery,0.1,0.345,5.5,1.2,918,0,0,1,0
129.6,9,3,gas_transport,0.129,0.041,27.8,0.68,1244,0,0,1,0
22.27,12,2,dining,0.092,0.051,8.1,0.9,2461,0,0,0,0
55.98,7,2,gas_transport,0.123,0.291,14.4,0.97,321,0,0,1,0
76.99,10,1,dining,0.221,0.083,1.4,0.67,1923,0,0,1,0
33.21,17,1,grocery,0.18,0.097,3.6,1.08,3296,0,0,0,0
43.6,7,2,dining,0.133,0.299,5.7,0.84,1001,0,0,1,0
34.27,10,1,dining,0.059,0.264,16.0,1.42,987,0,0,1,0
73.94,18,5,grocery,0.213,0.117,1.7,1.11,328,0,0,0,0
153.4,12,3,entertainment,0.018,0.01,11.1,0.91,2355,0,0,0,0
30.19,13,2,dining,0.114,0.451,8.3,1.3,475,0,0,0,0
12.96,21,3,utilities,0.02,0.09,12.2,1.47,1465,0,0,1,0
20.0,8,1,retail,0.177,0.264,1.9,1.1,3381,0,0,1,0
93.24,10,2,grocery,0.192,0.343,16.5,0.63,1757,0,0,1,0
87.87,18,1,dining,0.184,0.066,7.1,0.9,559,0,0,1,0
12.45,17,4,health_beauty,0.052,0.092,15.7,1.34,3081,0,0,1,0
251.08,11,5,retail,0.819,0.775,464.8,2.55,25,2,0,1,1
45.78,7,4,clothing,0.053,0.264,32.2,0.96,2136,0,0,1,0
182.07,17,3,retail,0.363,0.447,1.5,1.01,3399,0,0,1,0
39.5,21,2,grocery,0.105,0.191,0.4,1.31,2330,0,0,1,0
49.7,8,1,utilities,0.016,0.197,42.8,0.93,3231,0,0,0,0
6.7,12,1,gas_transport,0.268,0.151,8.6,0.85,2268,0,0,0,0
57.93,12,2,dining,0.025,0.239,5.5,1.69,2843,1,0,1,0
95.56,10,2,utilities,0.239,0.313,49.7,0.88,3050,0,0,1,0
3247.83,23,9,electronics,0.699,0.606,800.3,1.8,559,2,1,1,1
27.83,16,1,dining,0.342,0.096,13.8,1.39,778,0,0,0,0
10.64,9,4,dining,0.065,0.077,9.2,1.15,2007,0,0,0,0
32.71,8,1,utilities,0.169,0.254,17.0,0.55,1184,0,0,0,0
159.43,19,3,grocery,0.049,0.155,1.4,1.02,3314,0,0,1,0
27.73,7,2,travel,0.289,0.107,11.9,0.83,2673,0,0,1,0
55.89,12,3,grocery,0.075,0.297,4.3,1.8,2183,0,0,1,0
468.53,2,7,electronics,0.586,0.404,355.9,1.8,82,3,0,0,1
189.82,7,1,dining,0.145,0.441,15.2,1.28,3581,0,0,0,0
51.64,16,2,retail,0.21,0.132,35.3,1.23,1390,0,0,1,0
20.83,11,1,health_beauty,0.057,0.165,30.5,1.0,462,0,0,1,0
65.62,16,3,gas_transport,0.062,0.093,2.6,1.04,1968,0,0,0,0
61.55,9,3,gas_transport,0.339,0.209,22.7,1.27,1333,1,0,1,0
23.2,6,4,gas_transport,0.137,0.182,5.8,0.84,1211,0,0,0,0
35.14,6,4,clothing,0.103,0.351,0.8,1.36,3524,0,0,0,0
6.01,12,1,dining,0.038,0.065,8.8,0.59,2964,0,0,1,0
1910.98,3,7,electronics,0.905,0.907,186.2,1.8,59,2,0,1,1
106.42,12,1,grocery,0.097,0.089,13.4,0.59,694,0,0,0,0
43.77,20,1,electronics,0.106,0.203,12.5,0.28,1292,0,0,0,0
20.02,7,2,clothing,0.039,0.14,27.7,1.1,2159,0,0,0,0
106.61,5,1,grocery,0.029,0.192,0.1,0.56,2848,0,1,0,0
75.45,20,1,grocery,0.239,0.084,50.7,0.71,265,0,1,0,0
54.89,13,1,clothing,0.116,0.061,2.9,0.81,711,0,0,1,0
60.15,7,2,grocery,0.034,0.13,13.6,0.81,1394,0,0,1,0
17.79,20,1,utilities,0.107,0.309,3.4,1.65,1270,0,0,1,0
43.42,7,2,electronics,0.01,0.161,42.9,1.21,477,0,0,0,0
49.64,17,1,dining,0.092,0.097,13.9,0.75,3356,0,0,0,0
30.35,16,1,grocery,0.235,0.033,41.2,1.14,1336,0,0,1,0
45.02,9,2,grocery,0.295,0.468,18.2,1.02,1775,0,0,0,0
9.99,7,2,gas_transport,0.28,0.377,3.7,1.1,464,0,0,1,0
305.29,11,1,clothing,0.052,0.159,55.3,1.08,3194,0,0,0,0
107.85,9,2,clothing,0.254,0.079,25.8,1.07,1255,0,0,1,0
57.32,17,2,dining,0.122,0.199,5.0,1.57,2803,0,0,1,0
14.59,15,1,retail,0.285,0.5,15.8,1.09,1859,0,0,0,0
13.65,11,1,health_beauty,0.343,0.101,10.0,1.12,2698,0,1,0,0
12.3,16,1,grocery,0.11,0.031,3.9,1.2,1306,0,0,1,0
12.1,13,1,clothing,0.01,0.275,38.7,1.02,3060,0,0,0,0
582.23,10,7,electronics,0.764,0.782,88.5,5.93,587,0,1,1,1
104.53,5,1,grocery,0.053,0.175,34.9,0.98,1740,0,0,1,0
280.08,1,8,travel,0.744,0.827,16.5,2.89,5,0,1,1,1
108.2,14,1,clothing,0.119,0.11,24.3,0.94,818,0,1,0,0
70.56,9,2,health_beauty,0.026,0.068,15.5,1.2,1289,0,1,0,0
67.55,9,2,health_beauty,0.066,0.272,8.5,0.75,3356,0,0,1,0
15.26,11,3,retail,0.168,0.171,4.0,0.7,2941,1,0,1,0
116.86,17,2,retail,0.051,0.143,5.1,1.23,1123,0,0,1,0
19.83,8,1,grocery,0.037,0.258,21.6,1.03,1044,0,0,1,0
11.74,11,1,grocery,0.035,0.083,7.5,0.67,549,0,0,0,0
237.85,11,1,health_beauty,0.058,0.162,6.4,0.97,1150,0,0,0,0
46.4,14,1,entertainment,0.091,0.012,7.9,1.17,2248,0,0,1,0
31.83,18,1,travel,0.024,0.119,4.1,1.17,810,0,1,0,0
3483.89,1,11,health_beauty,0.722,0.672,785.6,8.29,65,1,0,1,1
82.16,8,1,grocery,0.081,0.197,12.8,1.28,703,1,0,1,0
224.58,8,2,dining,0.098,0.159,9.0,1.08,2907,0,0,1,0
45.56,17,1,dining,0.379,0.11,20.9,0.44,1561,0,0,0,0
352.29,0,12,travel,0.868,0.807,1133.1,5.14,86,4,1,1,1
170.62,15,3,retail,0.134,0.052,11.0,1.29,1176,0,0,0,0
18.86,19,3,clothing,0.126,0.407,18.9,0.46,2495,1,1,0,0
687.75,1,11,clothing,0.862,0.569,485.8,6.47,315,0,0,1,1
14.0,5,3,gas_transport,0.149,0.306,0.7,1.1,1263,0,0,1,0
314.79,13,1,retail,0.049,0.174,28.1,1.44,2013,1,0,1,0
160.06,9,2,grocery,0.161,0.024,2.4,0.92,2814,0,0,0,0
38.23,8,1,electronics,0.179,0.072,7.8,1.06,1604,0,0,1,0
993.54,1,8,clothing,0.712,0.793,1033.3,7.37,45,2,1,1,1
20.02,13,3,grocery,0.269,0.09,20.3,0.62,2600,0,0,1,0
152.77,11,3,clothing,0.163,0.087,15.6,1.36,2052,0,0,0,0
15.2,7,2,travel,0.191,0.249,10.4,0.93,3125,0,0,0,0
73.88,7,1,gas_transport,0.058,0.435,4.4,1.38,2776,0,0,1,0
138.03,9,2,clothing,0.259,0.241,0.8,0.86,1331,0,0,0,0
41.16,1,2,gas_transport,0.048,0.121,4.7,1.18,1674,0,0,1,0
800.79,4,6,travel,0.888,0.798,494.2,6.15,424,1,1,1,1
331.14,9,1,health_beauty,0.05,0.401,18.0,0.89,3350,0,0,0,0
59.48,16,2,dining,0.147,0.14,1.3,0.29,2471,0,0,1,0
17.4,19,1,health_beauty,0.302,0.341,28.8,1.48,2179,0,0,0,0
245.81,3,8,retail,0.973,0.828,1212.9,2.05,58,3,0,1,1
3861.08,3,7,travel,0.893,0.417,358.3,5.06,30,3,1,1,1
97.16,17,2,utilities,0.207,0.274,14.5,1.2,2996,0,0,0,0
15.65,9,3,gas_transport,0.045,0.231,21.4,0.8,3449,0,0,1,0
21.44,8,1,grocery,0.079,0.088,32.6,1.11,3597,0,0,1,0
24.55,9,4,clothing,0.136,0.039,5.6,0.6,2529,1,0,1,0
17.45,14,1,grocery,0.084,0.07,1.4,0.96,2087,0,0,0,0
11.0,19,4,dining,0.101,0.049,15.6,1.21,885,0,0,1,0
81.38,17,1,grocery,0.144,0.089,6.0,1.35,2182,1,0,1,0
20.55,15,3,travel,0.117,0.185,47.3,0.97,3439,0,1,0,0
99.04,7,2,grocery,0.01,0.5,29.9,1.33,1042,0,0,0,0
35.9,12,1,grocery,0.188,0.212,8.8,1.38,2366,0,0,1,0
53.6,10,3,travel,0.175,0.16,12.7,1.02,1809,0,0,1,0
223.3,3,5,entertainment,0.658,0.742,567.8,4.38,38,3,1,0,1
120.0,3,11,utilities,0.714,0.666,599.6,6.65,259,3,0,0,1
118.27,8,2,retail,0.015,0.088,0.7,1.24,1612,0,0,0,0
82.62,19,4,dining,0.295,0.294,0.6,1.07,516,0,0,1,0
27.88,19,1,retail,0.043,0.011,4.8,1.14,375,0,0,0,0
58.84,7,3,dining,0.153,0.207,0.4,1.43,1740,0,0,0,0
57.41,7,1,grocery,0.128,0.235,17.4,0.77,2693,0,0,1,0
15.44,10,2,gas_transport,0.023,0.295,6.4,0.72,2372,0,0,1,0
33.83,18,1,gas_transport,0.058,0.076,5.2,1.15,870,0,0,1,0
24.31,15,2,health_beauty,0.216,0.202,12.6,0.87,1484,0,0,0,0
38.48,16,1,health_beauty,0.024,0.121,7.2,0.84,1367,0,0,1,0
56.89,10,2,dining,0.13,0.352,14.0,0.7,502,0,0,1,0
111.08,16,1,entertainment,0.121,0.309,4.3,1.27,2873,0,0,1,0
12.99,10,1,dining,0.106,0.05,15.0,1.18,3300,0,0,1,0
19.58,13,1,entertainment,0.344,0.12,4.2,0.85,2906,0,0,1,0
72.96,2,6,travel,0.069,0.229,4.2,0.51,2042,0,0,1,0
20.6,20,1,health_beauty,0.161,0.214,6.5,1.0,386,0,0,0,0
33.13,7,2,gas_transport,0.148,0.178,2.9,0.9,1672,0,0,0,0
68.36,16,1,electronics,0.228,0.361,9.6,1.0,3244,0,0,1,0
48.7,11,1,clothing,0.018,0.041,10.2,0.74,383,0,0,1,0
11.57,2,1,electronics,0.192,0.066,21.1,0.95,3025,0,0,0,0
66.78,20,1,retail,0.23,0.262,19.2,1.32,306,0,0,1,0
24.68,6,1,entertainment,0.149,0.227,71.0,0.73,3062,1,0,1,0
51.61,17,5,clothing,0.022,0.179,23.6,0.51,2264,0,0,1,0
179.08,22,1,gas_transport,0.286,0.233,8.4,0.81,2527,0,0,0,0
18.09,13,1,clothing,0.013,0.232,15.5,0.95,717,0,0,1,0
57.38,13,2,dining,0.012,0.043,5.8,0.89,1951,0,0,0,0
51.95,16,4,electronics,0.066,0.259,9.2,1.17,920,0,0,1,0
17.71,11,1,dining,0.1,0.02,28.9,1.31,1332,0,0,0,0
36.87,14,2,grocery,0.037,0.065,34.8,0.7,1083,0,0,1,0
45.62,2,3,travel,0.123,0.046,7.9,1.08,3403,0,0,0,0
182.53,14,1,gas_transport,0.074,0.046,8.8,1.02,3496,0,0,0,0
94.85,15,2,dining,0.164,0.121,2.8,0.72,2765,0,0,1,0
60.05,17,1,entertainment,0.125,0.154,1.0,1.21,1385,0,0,1,0
56.9,15,3,utilities,0.199,0.481,12.2,0.5,2994,0,0,0,0
120.0,5,9,electronics,0.717,0.78,1966.6,8.93,210,1,0,1,1
39.63,19,2,travel,0.048,0.157,17.8,1.33,565,0,1,1,0
63.65,11,2,dining,0.075,0.042,7.1,1.01,2442,0,0,0,0
30.94,14,4,grocery,0.165,0.108,10.1,1.02,290,0,0,1,0
9.18,6,1,utilities,0.019,0.184,4.5,0.9,1837,0,0,0,0
43.81,11,3,gas_transport,0.222,0.199,12.2,0.83,607,0,0,1,0
44.68,15,2,gas_transport,0.18,0.139,10.1,0.46,2200,0,0,0,0
233.83,10,1,gas_transport,0.01,0.299,8.0,0.92,1942,0,0,0,0
92.83,10,3,clothing,0.088,0.01,3.8,1.41,2250,1,0,0,0
62.59,13,1,health_beauty,0.172,0.174,46.5,0.91,1432,0,0,1,0
37.17,6,2,electronics,0.149,0.091,1.5,0.95,943,0,0,0,0
158.29,15,1,clothing,0.218,0.24,5.3,1.0,2281,0,0,1,0
29.34,11,2,grocery,0.12,0.156,3.0,1.02,219,0,0,1,0
59.63,11,1,travel,0.131,0.268,6.8,0.86,3484,0,0,1,0
20.23,15,3,dining,0.139,0.059,2.6,1.01,3284,0,0,1,0
147.64,23,8,clothing,0.58,0.576,233.1,7.84,116,0,0,1,1
66.74,18,4,grocery,0.068,0.01,2.7,0.89,1518,0,0,1,0
29.05,12,1,gas_transport,0.06,0.315,23.3,0.95,3458,0,0,1,0
161.14,14,1,dining,0.378,0.41,4.3,1.0,970,0,0,0,0
77.88,15,1,dining,0.01,0.141,19.2,0.91,2350,0,0,0,0
42.03,12,2,grocery,0.017,0.227,25.4,1.09,1307,0,0,1,0
15.86,23,1,dining,0.057,0.4,4.9,0.99,433,1,0,1,0
18.94,13,4,entertainment,0.155,0.04,0.6,1.13,1860,0,0,0,0
42.99,14,1,grocery,0.016,0.131,5.0,0.72,1586,0,0,1,0
942.83,1,8,dining,0.793,0.745,42.0,5.65,65,1,1,1,1
62.04,12,4,grocery,0.016,0.03,13.3,0.9,1919,0,0,0,0
37.94,12,1,utilities,0.183,0.27,0.5,1.62,1293,1,0,0,0
49.43,10,1,dining,0.143,0.165,3.6,0.33,3401,0,0,1,0
222.54,10,1,grocery,0.083,0.187,8.3,1.33,2979,0,0,1,0
29.6,9,1,grocery,0.06,0.205,3.0,1.3,410,0,0,0,0
72.56,6,2,grocery,0.075,0.086,0.9,1.02,2625,0,0,1,0
6.86,6,1,electronics,0.316,0.233,1.0,1.45,1025,0,1,0,0
95.82,12,1,grocery,0.04,0.248,21.9,1.0,2941,0,0,0,0
204.11,6,12,electronics,0.83,0.822,398.2,1.8,78,1,1,1,1
31.8,14,1,gas_transport,0.219,0.043,5.3,0.52,914,2,0,0,0
326.41,22,2,gas_transport,0.236,0.037,0.2,0.98,1570,0,0,0,0
61.26,21,1,health_beauty,0.287,0.143,6.1,1.1,1387,0,0,1,0
43.8,6,1,travel,0.13,0.075,7.9,1.32,2125,0,0,0,0
35.93,14,3,utilities,0.358,0.209,12.4,1.59,1369,0,0,1,0
39.82,13,1,utilities,0.15,0.115,9.9,1.25,2001,0,0,0,0
35.07,7,2,grocery,0.193,0.24,16.0,0.66,1085,0,0,0,0
65.39,6,1,dining,0.141,0.065,9.7,1.09,1920,0,0,0,0
21.33,13,2,grocery,0.198,0.5,7.2,1.46,968,0,0,0,0
43.48,16,1,gas_transport,0.299,0.246,19.8,1.1,3287,2,0,1,0
32.8,16,4,electronics,0.054,0.5,1.7,0.2,408,0,0,0,0
104.88,20,2,dining,0.343,0.336,4.0,1.06,2544,0,0,0,0
74.96,12,3,clothing,0.069,0.018,5.3,1.43,411,0,0,1,0
62.97,8,2,dining,0.03,0.025,13.5,0.71,1022,0,0,1,0
26.93,9,1,grocery,0.118,0.266,11.9,0.57,2423,0,0,0,0
73.73,11,3,clothing,0.33,0.05,11.9,1.05,3435,0,0,1,0
35.59,18,1,gas_transport,0.02,0.225,12.7,1.12,2852,0,0,0,0
54.57,12,2,gas_transport,0.229,0.035,8.2,0.85,1121,1,0,0,0
52.94,9,1,grocery,0.055,0.456,19.1,1.1,3567,0,0,1,0
132.29,16,3,grocery,0.18,0.264,38.1,1.19,3493,0,1,1,0
14.54,6,1,health_beauty,0.155,0.018,22.4,0.63,1544,0,0,0,0
6.74,16,3,health_beauty,0.124,0.168,0.2,0.89,1932,0,0,1,0
64.41,11,1,grocery,0.176,0.174,9.9,1.09,784,0,0,1,0
5.0,23,2,grocery,0.282,0.234,71.3,0.77,1537,0,0,1,0
34.94,6,3,electronics,0.31,0.093,2.8,1.07,2097,0,0,1,0
44.03,21,1,gas_transport,0.155,0.304,10.9,1.08,2327,0,0,1,0
43.08,11,2,health_beauty,0.236,0.313,7.8,0.66,1064,0,0,0,0
38.83,10,5,gas_transport,0.255,0.122,21.3,0.8,1682,0,0,1,0
41.34,16,3,grocery,0.12,0.189,7.4,0.53,571,0,0,0,0
51.21,14,3,retail,0.028,0.195,0.4,0.98,2020,0,0,0,0
130.27,10,1,grocery,0.157,0.087,20.8,0.77,2257,0,0,1,0
76.52,20,1,travel,0.016,0.044,26.9,0.86,1123,0,0,1,0
101.3,20,1,dining,0.15,0.192,1.1,0.36,1039,0,0,1,0
21.56,11,3,clothing,0.139,0.141,2.1,1.17,273,0,0,1,0
88.69,22,2,entertainment,0.019,0.302,19.3,0.9,1342,0,0,0,0
14.75,12,1,grocery,0.056,0.01,6.7,0.81,228,0,0,1,0
95.16,14,2,travel,0.126,0.247,1.3,0.71,2780,0,0,1,0
24.16,8,2,grocery,0.092,0.402,6.0,0.85,436,0,1,0,0
142.84,9,1,gas_transport,0.336,0.128,3.0,0.85,1893,0,0,0,0
53.31,12,1,retail,0.188,0.087,8.1,1.3,966,0,0,1,0
128.33,7,3,travel,0.094,0.171,1.2,1.31,988,0,0,0,0
5.0,11,3,grocery,0.09,0.11,6.8,0.89,330,0,0,1,0
10.27,9,2,grocery,0.036,0.041,6.7,0.54,1054,0,0,0,0
38.03,14,1,travel,0.123,0.065,0.8,0.86,1043,0,1,1,0
22.76,14,1,dining,0.093,0.111,1.7,1.06,2748,0,0,0,0
49.83,2,1,gas_transport,0.44,0.179,21.1,0.86,1711,0,0,0,0
627.45,22,7,electronics,0.485,0.829,15.0,2.03,104,3,1,1,1
190.27,20,2,clothing,0.027,0.304,10.0,1.31,338,0,0,1,0
92.06,12,2,grocery,0.232,0.079,60.2,1.1,1906,0,1,1,0
61.77,12,3,utilities,0.26,0.186,22.8,1.03,904,0,0,0,0
18.9,16,1,grocery,0.194,0.079,65.0,0.58,1876,0,1,0,0
65.98,12,3,clothing,0.283,0.15,21.4,1.16,709,0,0,1,0
32.5,21,3,grocery,0.068,0.14,1.2,1.06,2473,0,0,0,0
21.45,2,1,electronics,0.238,0.036,19.3,1.76,2106,0,0,1,0
541.39,7,3,health_beauty,0.169,0.097,11.2,0.9,2195,0,0,1,0
118.97,8,4,dining,0.45,0.385,2.4,0.73,639,0,0,0,0
31.73,12,6,travel,0.072,0.185,12.3,1.04,1173,0,0,0,0
37.91,13,4,utilities,0.219,0.07,21.9,0.48,1418,0,0,1,0
75.76,9,1,dining,0.017,0.105,2.7,0.71,3333,0,0,1,0
24.71,9,2,electronics,0.197,0.172,3.0,0.89,3543,0,0,0,0
46.72,17,2,gas_transport,0.089,0.1,12.8,1.24,711,0,0,1,0
66.95,10,2,grocery,0.111,0.069,15.1,1.18,970,0,0,1,0
19.99,6,2,electronics,0.249,0.316,11.2,1.4,565,0,0,1,0
16.14,12,2,travel,0.321,0.027,4.2,1.24,3357,0,0,1,0
142.34,8,2,dining,0.035,0.236,9.2,1.18,1790,0,1,1,0
13.55,11,1,entertainment,0.102,0.35,1.6,1.2,939,0,0,1,0
64.13,15,1,clothing,0.156,0.222,13.1,0.95,1393,0,0,1,0
60.24,9,1,gas_transport,0.19,0.253,1.0,0.97,403,0,1,0,0
34.55,17,1,gas_transport,0.047,0.352,2.0,1.21,3356,0,0,1,0
97.01,9,1,dining,0.088,0.123,11.2,0.94,935,0,0,0,0
44.48,12,2,dining,0.078,0.078,24.8,0.76,3351,0,0,1,0
34.06,6,1,dining,0.108,0.059,0.7,1.15,780,0,1,0,0
752.71,21,4,clothing,0.666,0.726,40.6,5.32,493,1,0,1,1
104.72,9,1,dining,0.108,0.06,19.7,1.0,292,0,0,0,0
73.6,8,2,grocery,0.192,0.065,23.5,1.21,1310,0,0,0,0
55.05,13,2,dining,0.254,0.142,9.5,0.89,2173,0,0,0,0
101.72,7,1,clothing,0.167,0.487,11.4,0.66,2270,0,0,0,0
79.98,18,4,electronics,0.091,0.154,8.2,1.1,1460,0,0,1,0
62.63,12,1,health_beauty,0.074,0.051,8.6,0.47,1116,0,0,1,0
25.29,1,1,grocery,0.254,0.076,7.1,0.94,2228,0,0,1,0
134.84,16,2,dining,0.45,0.106,19.9,0.87,2742,1,1,1,0
40.89,15,2,grocery,0.08,0.074,1.0,0.9,2703,0,0,1,0
258.09,6,1,health_beauty,0.068,0.059,27.7,1.14,2259,0,0,1,0
224.79,10,6,electronics,0.652,0.778,523.5,4.34,30,2,1,1,1
63.77,15,3,gas_transport,0.199,0.411,24.9,1.17,2599,0,0,1,0
18.75,17,2,gas_transport,0.113,0.119,9.1,0.59,3212,0,0,1,0
5.0,8,1,dining,0.136,0.06,15.6,1.75,1183,0,1,1,0
33.99,14,3,gas_transport,0.182,0.138,11.4,0.75,3537,0,0,0,0
13.6,15,3,grocery,0.047,0.291,6.8,0.99,1295,0,0,1,0
638.66,9,10,clothing,0.512,0.742,1739.4,3.91,41,1,0,1,1
72.43,9,1,grocery,0.01,0.18,13.0,1.12,2384,0,0,1,0
90.1,5,1,clothing,0.158,0.211,23.4,0.83,3221,0,0,0,0
73.34,13,1,dining,0.051,0.13,14.6,0.94,339,0,0,0,0
49.33,16,1,utilities,0.013,0.5,3.2,1.21,1471,0,0,0,0
173.67,16,1,dining,0.154,0.079,3.9,0.83,1178,0,0,0,0
111.53,6,2,health_beauty,0.241,0.06,15.1,1.42,832,1,0,1,0
132.76,13,2,utilities,0.45,0.153,25.1,0.58,1802,0,0,1,0
62.64,12,3,gas_transport,0.049,0.151,25.5,1.36,396,0,0,0,0
105.65,5,2,entertainment,0.103,0.188,51.1,1.29,2961,0,0,1,0
56.92,12,2,dining,0.129,0.158,9.4,1.03,3436,0,0,0,0
84.32,21,2,health_beauty,0.077,0.253,1.5,1.02,2719,1,0,0,0
13.85,9,1,clothing,0.111,0.174,7.9,0.82,3466,0,0,0,0
125.09,7,3,gas_transport,0.021,0.197,9.0,1.19,2942,0,0,1,0
109.28,8,2,travel,0.01,0.028,1.8,1.17,1845,0,0,0,0
238.71,3,6,electronics,0.711,0.79,229.2,6.4,19,2,1,1,1
21.05,6,1,clothing,0.45,0.482,24.0,0.29,3156,0,0,0,0
7.93,19,2,clothing,0.042,0.331,32.7,0.95,1899,0,0,1,0
62.34,6,1,grocery,0.037,0.063,6.0,0.79,1846,0,0,1,0
105.5,11,4,dining,0.136,0.137,0.8,1.1,2152,0,0,0,0
23.39,16,1,grocery,0.256,0.051,7.0,1.02,2047,0,0,1,0
28.19,13,1,dining,0.232,0.152,47.0,1.23,601,0,0,1,0
25.77,16,6,clothing,0.01,0.303,1.7,1.26,1080,0,1,0,0
37.91,7,4,utilities,0.115,0.234,2.0,0.88,914,1,0,1,0
34.33,9,3,travel,0.317,0.5,1.9,0.84,317,0,0,0,0
49.97,10,1,entertainment,0.024,0.188,27.5,1.29,2285,0,1,1,0
5.68,8,1,grocery,0.335,0.122,2.3,1.26,2078,0,0,0,0
77.9,10,2,dining,0.093,0.216,11.5,0.83,815,0,0,0,0
18.84,11,4,grocery,0.022,0.292,17.5,1.19,2197,0,0,1,0
48.38,5,2,grocery,0.199,0.412,1.9,0.64,2160,1,0,0,0
63.68,14,4,utilities,0.064,0.167,0.8,0.68,1782,0,0,1,0
92.64,16,3,electronics,0.125,0.215,1.5,0.59,2658,1,0,0,0
10.02,10,2,utilities,0.239,0.01,17.9,1.21,255,0,0,1,0
150.26,6,1,health_beauty,0.12,0.082,1.7,0.99,1054,0,1,0,0
23.29,15,1,clothing,0.018,0.038,7.9,1.45,2902,0,0,1,0
98.04,9,5,clothing,0.075,0.087,0.3,1.23,3417,0,0,0,0
98.84,7,1,retail,0.236,0.106,37.2,1.1,3277,0,0,1,0
21.14,8,1,electronics,0.184,0.199,103.0,0.59,1983,0,0,1,0
58.15,17,1,electronics,0.45,0.107,11.7,1.33,182,0,0,0,0
26.43,19,3,gas_transport,0.163,0.078,7.4,0.42,1660,0,0,0,0
52.99,15,5,dining,0.45,0.142,12.9,0.71,2152,0,0,0,0
59.02,14,1,dining,0.136,0.5,0.2,1.28,2351,0,0,1,0
27.07,6,4,grocery,0.087,0.126,15.2,1.18,3476,0,0,0,0
46.41,15,3,dining,0.057,0.141,20.6,0.91,2935,0,0,0,0
149.24,4,5,travel,0.804,0.469,680.0,8.7,88,3,0,1,1
29.5,16,1,clothing,0.042,0.149,17.7,1.11,1457,0,0,1,0
21.41,11,1,health_beauty,0.103,0.235,8.5,0.64,2823,0,0,0,0
72.7,14,4,clothing,0.014,0.288,3.7,0.84,327,0,1,1,0
2488.24,20,11,retail,0.63,0.456,661.3,3.96,39,3,0,1,1
92.32,7,3,dining,0.054,0.111,23.1,0.78,877,0,1,1,0
71.35,15,1,dining,0.127,0.033,6.3,0.98,1385,0,0,0,0
108.0,17,1,clothing,0.073,0.114,16.0,1.07,2801,1,0,0,0
61.43,11,4,grocery,0.046,0.299,0.2,1.39,1640,0,0,1,0
37.68,11,2,travel,0.023,0.036,34.1,1.38,925,0,1,0,0
48.71,5,2,grocery,0.114,0.065,4.2,1.19,2329,0,0,0,0
38.55,16,5,dining,0.214,0.5,16.1,1.12,1190,0,0,0,0
49.21,11,1,grocery,0.3,0.068,2.4,1.2,514,0,0,1,0
713.11,9,5,electronics,0.794,0.533,61.2,10.86,439,2,1,1,1
50.78,10,1,grocery,0.065,0.04,21.1,1.21,1740,0,0,0,0
73.79,6,1,grocery,0.055,0.07,9.8,0.6,1063,0,0,0,0
40.24,6,3,dining,0.087,0.075,2.2,0.63,2087,0,0,1,0
30.38,5,1,dining,0.098,0.035,2.7,0.75,3584,0,0,0,0
35.74,12,3,dining,0.311,0.033,1.3,1.19,3499,0,0,1,0
78.03,14,1,grocery,0.198,0.158,35.6,0.99,2425,0,0,1,0
52.12,14,2,gas_transport,0.241,0.124,13.8,0.95,3382,0,0,0,0
68.66,17,4,travel,0.321,0.213,1.3,1.05,3122,0,0,0,0
50.46,15,3,entertainment,0.079,0.247,64.3,1.38,2222,0,1,1,0
29.39,17,1,utilities,0.197,0.218,9.6,0.48,350,0,0,0,0
735.92,14,10,grocery,0.655,0.668,780.4,6.34,64,0,1,1,1
28.9,12,1,health_beauty,0.077,0.187,48.3,1.5,3156,0,0,1,0
175.19,11,1,gas_transport,0.2,0.01,1.4,0.51,3068,0,0,0,0
461.53,2,1,clothing,0.322,0.22,7.1,1.23,762,0,0,0,0
9.27,14,1,gas_transport,0.027,0.105,14.2,1.11,3467,0,0,1,0
31.43,18,3,electronics,0.313,0.031,6.7,1.29,268,0,0,1,0
75.74,11,2,grocery,0.162,0.275,18.1,1.02,1886,0,0,0,0
117.36,1,1,utilities,0.11,0.234,31.0,1.24,1819,0,0,1,0
23.23,11,2,travel,0.058,0.282,12.4,0.26,950,0,0,1,0
230.57,0,5,electronics,0.627,0.516,1310.6,3.25,67,3,1,1,1
46.03,11,2,grocery,0.094,0.142,1.6,1.12,1605,0,0,1,0
101.66,15,3,grocery,0.082,0.158,6.6,1.28,1565,0,0,1,0
146.6,9,1,dining,0.138,0.276,19.3,1.15,2681,0,0,0,0
66.39,11,4,grocery,0.291,0.081,12.1,1.17,830,0,1,1,0
51.63,11,2,entertainment,0.18,0.071,10.3,0.93,307,0,0,0,0
94.49,22,2,dining,0.337,0.153,12.9,0.68,3040,0,0,0,0
49.37,22,3,dining,0.063,0.405,3.3,0.96,1222,0,0,0,0
30.69,12,1,clothing,0.138,0.071,3.2,1.16,1719,0,0,0,0
81.28,18,2,electronics,0.12,0.062,1.8,1.3,2579,0,0,1,0
44.83,7,1,dining,0.195,0.313,14.1,0.68,2967,0,0,1,0
23.22,17,3,grocery,0.01,0.016,24.5,1.36,1331,0,0,1,0
207.23,17,1,travel,0.099,0.045,0.7,0.99,373,0,0,1,0
123.03,15,1,clothing,0.118,0.346,0.5,1.15,1403,0,0,0,0
145.41,13,1,grocery,0.211,0.304,6.3,1.44,815,0,0,1,0
35.98,9,1,gas_transport,0.021,0.299,2.5,1.25,851,0,0,0,0
66.92,23,1,dining,0.45,0.092,10.3,0.44,2226,0,0,1,0
26.66,13,3,dining,0.057,0.5,21.6,1.12,3030,0,0,0,0
33.28,12,1,utilities,0.107,0.465,10.2,1.18,1549,1,0,0,0
43.05,15,2,dining,0.01,0.437,2.4,1.21,993,0,0,0,0
38.41,19,3,health_beauty,0.177,0.137,16.1,0.91,427,0,0,1,0
77.29,12,5,grocery,0.053,0.111,19.8,1.06,1145,0,0,1,0
33.1,7,3,utilities,0.39,0.427,2.2,1.02,3538,2,0,0,0
27.53,14,1,retail,0.195,0.284,15.0,0.2,2597,0,0,0,0
256.57,12,1,retail,0.107,0.22,11.5,0.74,2739,0,0,1,0
42.13,10,1,grocery,0.08,0.075,7.7,1.03,3325,0,0,0,0
58.98,15,1,utilities,0.026,0.418,31.7,1.42,2163,0,0,0,0
6.64,6,4,grocery,0.066,0.317,8.2,0.48,427,0,0,0,0
134.63,8,2,travel,0.067,0.198,0.1,0.95,3177,0,0,0,0
23.49,8,1,grocery,0.027,0.071,23.7,1.11,2177,0,0,1,0
114.83,11,3,entertainment,0.14,0.189,19.2,0.27,1618,0,0,1,0
41.45,15,1,dining,0.07,0.115,15.8,1.75,2258,0,0,0,0
36.15,8,1,grocery,0.074,0.18,40.5,1.0,1478,0,1,0,0
51.08,15,3,grocery,0.062,0.162,23.2,0.93,3112,0,0,0,0
43.67,16,1,dining,0.139,0.218,8.7,0.83,1836,0,0,1,0
10.97,13,2,health_beauty,0.055,0.04,17.0,0.95,2402,0,0,1,0
14.99,14,2,gas_transport,0.048,0.144,79.5,0.61,390,0,0,0,0
13.43,6,4,entertainment,0.273,0.085,12.9,1.08,827,0,0,1,0
76.46,15,4,dining,0.048,0.365,1.1,0.69,1297,0,0,1,0
58.51,6,3,travel,0.015,0.279,10.6,1.2,411,0,0,1,0
218.29,2,5,electronics,0.78,0.826,335.2,8.28,335,2,0,0,1
67.49,7,2,clothing,0.165,0.115,33.5,1.06,2385,0,0,0,0
26.93,17,3,gas_transport,0.212,0.096,10.7,0.83,2259,0,0,1,0
51.57,20,2,grocery,0.017,0.262,12.1,1.14,200,0,0,1,0
11.52,12,2,clothing,0.119,0.257,11.4,1.09,201,0,0,1,0
69.11,10,1,dining,0.085,0.216,12.5,1.13,2899,0,0,1,0
1626.1,23,9,entertainment,0.582,0.736,15.0,4.53,36,3,0,1,1
55.02,13,3,entertainment,0.156,0.041,10.7,0.95,1204,0,0,0,0
11.05,7,2,dining,0.179,0.039,1.0,1.4,817,0,0,1,0
73.45,12,2,health_beauty,0.013,0.169,67.1,0.83,1456,1,0,0,0
15.2,9,1,health_beauty,0.45,0.023,0.8,0.99,2293,0,0,0,0
52.56,14,2,gas_transport,0.237,0.116,4.3,0.87,327,2,0,1,0
19.77,7,2,grocery,0.099,0.131,18.8,1.01,3045,0,0,0,0
9.42,20,2,travel,0.1,0.5,2.4,0.89,2047,0,0,1,0
40.15,15,3,clothing,0.191,0.197,27.5,0.93,1735,0,0,0,0
15.06,8,3,retail,0.068,0.174,13.1,0.37,1616,0,0,0,0
120.0,17,5,entertainment,0.618,0.565,708.2,5.94,372,3,1,1,1
19.96,10,3,dining,0.164,0.01,19.7,1.21,864,0,0,0,0
49.84,19,1,entertainment,0.149,0.23,6.4,1.0,2432,0,0,1,0
115.72,10,2,gas_transport,0.062,0.087,3.2,1.18,609,0,0,0,0
13.27,12,2,dining,0.017,0.192,5.3,0.73,1601,0,0,0,0
51.72,18,1,electronics,0.058,0.14,4.5,1.04,3058,0,0,0,0
43.12,15,1,grocery,0.026,0.238,7.3,1.02,1291,0,0,0,0
84.49,13,1,gas_transport,0.124,0.092,12.4,1.25,1667,0,0,1,0
27.95,9,1,entertainment,0.185,0.014,20.9,1.53,2449,0,0,1,0
22.88,12,1,electronics,0.153,0.138,31.5,1.08,929,0,0,0,0
17.51,8,1,grocery,0.01,0.054,16.5,1.3,3017,0,0,1,0
149.02,14,1,dining,0.06,0.1,24.7,0.94,2222,0,0,0,0
38.29,20,1,health_beauty,0.015,0.326,22.5,0.3,895,0,0,1,0
107.3,9,3,entertainment,0.135,0.03,21.8,1.07,777,0,0,0,0
60.45,17,3,entertainment,0.161,0.089,2.1,1.27,2765,0,0,0,0
38.47,20,1,clothing,0.104,0.047,4.3,0.57,2467,0,0,1,0
136.07,17,1,clothing,0.086,0.213,15.1,1.21,746,0,0,1,0
33.02,16,1,dining,0.076,0.117,7.8,0.76,483,0,0,1,0
11.14,11,3,utilities,0.047,0.422,7.1,0.91,1735,0,0,1,0
59.07,14,1,gas_transport,0.209,0.5,11.7,0.99,3495,0,0,1,0
83.35,6,1,utilities,0.056,0.064,0.8,0.96,1546,0,1,1,0
235.54,11,3,dining,0.156,0.414,25.9,0.76,3384,0,0,1,0
25.69,14,1,retail,0.306,0.23,7.6,1.12,524,0,0,1,0
6.63,9,2,dining,0.317,0.068,10.0,1.27,2779,0,0,0,0
88.21,14,2,grocery,0.259,0.098,0.1,1.26,2523,0,0,1,0
1453.19,19,4,travel,0.811,0.774,2934.1,6.53,607,3,1,1,1
25.38,5,1,dining,0.01,0.336,21.2,1.12,3575,0,0,0,0
913.56,15,8,travel,0.686,0.708,488.9,7.38,451,2,0,1,1
12.38,20,1,grocery,0.013,0.384,4.4,1.38,3543,0,0,0,0
29.5,9,3,health_beauty,0.089,0.266,13.1,0.86,959,0,0,0,0
46.07,1,3,entertainment,0.01,0.168,4.5,0.79,407,0,0,1,0
88.46,9,4,gas_transport,0.021,0.5,24.1,0.97,2894,0,0,1,0
123.34,20,2,gas_transport,0.066,0.21,104.8,1.62,1096,0,0,1,0
581.59,3,5,travel,0.808,0.729,56.0,4.37,452,1,1,0,1
20.94,6,1,entertainment,0.296,0.342,4.4,1.23,1071,0,0,0,0
25.45,10,1,utilities,0.026,0.038,12.6,1.24,1947,0,0,0,0
193.19,7,1,dining,0.419,0.265,34.1,0.6,1443,0,1,1,0
70.13,18,3,gas_transport,0.061,0.411,11.5,0.97,1045,0,0,0,0
18.01,1,5,grocery,0.049,0.188,7.9,1.17,2261,0,1,0,0
60.6,13,3,utilities,0.035,0.221,10.4,1.24,1589,0,0,0,0
26.93,12,1,gas_transport,0.034,0.401,1.3,0.65,1889,0,0,0,0
5.43,6,2,dining,0.187,0.075,10.1,0.64,1890,0,0,0,0
26.84,16,2,electronics,0.047,0.022,5.2,0.63,1368,0,0,0,0
38.42,13,2,electronics,0.121,0.281,24.1,0.88,3497,0,0,0,0
39.07,11,1,electronics,0.194,0.312,1.6,1.16,3428,0,0,1,0
27.1,8,3,entertainment,0.074,0.124,2.1,1.24,2926,0,0,0,0
142.72,20,2,retail,0.114,0.066,3.8,0.97,1387,0,0,0,0
61.51,15,1,grocery,0.435,0.197,17.1,0.87,2085,0,0,1,0
37.47,13,2,grocery,0.33,0.217,7.8,1.34,2703,0,0,1,0
116.58,15,1,grocery,0.034,0.042,3.0,0.81,1007,0,0,0,0
62.97,22,1,clothing,0.045,0.047,1.0,1.08,367,0,0,0,0
69.61,16,2,gas_transport,0.032,0.06,0.2,1.33,1210,1,0,1,0
64.6,16,1,grocery,0.158,0.035,11.1,0.53,1406,0,0,1,0
15.39,16,1,gas_transport,0.127,0.415,33.8,1.05,1075,0,0,0,0
368.82,12,1,grocery,0.066,0.035,5.4,1.01,3408,0,0,1,0
725.91,3,9,entertainment,0.782,0.693,1057.5,3.81,336,0,0,1,1
76.48,7,2,clothing,0.167,0.026,2.7,1.3,1241,0,0,1,0
41.52,18,2,grocery,0.25,0.5,21.9,0.98,3079,0,0,1,0
32.01,10,6,grocery,0.01,0.092,0.1,1.14,2873,0,0,0,0
33.43,7,2,entertainment,0.018,0.185,6.1,1.08,2941,0,0,1,0
74.64,12,2,gas_transport,0.265,0.115,9.8,1.2,2269,0,0,1,0
81.76,0,1,electronics,0.09,0.083,6.7,1.34,2080,0,0,1,0
30.96,11,3,grocery,0.01,0.137,18.3,1.47,1548,0,0,1,0
11.54,7,4,grocery,0.116,0.101,13.2,0.81,3222,0,0,0,0
171.92,4,7,health_beauty,0.793,0.564,138.0,5.33,61,0,1,1,1
39.47,15,1,retail,0.154,0.085,23.8,1.33,716,0,0,1,0
23.45,1,1,travel,0.263,0.5,38.7,1.9,2961,0,0,0,0
76.58,19,2,grocery,0.171,0.104,15.2,1.02,1624,0,0,0,0
18.66,14,1,gas_transport,0.026,0.157,27.1,1.24,3189,0,0,1,0
43.01,6,1,grocery,0.12,0.13,43.2,0.79,1289,0,0,1,0
296.17,2,2,electronics,0.915,0.35,1138.9,3.91,387,3,1,1,1
541.2,9,11,electronics,0.765,0.543,3136.1,8.57,210,2,1,1,1
4497.12,21,7,electronics,0.826,0.839,469.2,1.8,262,4,0,1,1
148.57,15,1,grocery,0.198,0.157,9.0,0.47,947,0,0,0,0
59.2,1,1,clothing,0.259,0.248,44.6,1.03,3402,0,0,1,0
88.83,9,3,utilities,0.071,0.257,45.7,1.0,1662,0,0,1,0
15.78,18,1,health_beauty,0.102,0.065,0.1,1.04,1265,0,0,1,0
132.91,15,1,entertainment,0.234,0.032,16.8,0.74,560,0,0,1,0
33.37,18,3,grocery,0.049,0.161,16.0,1.01,3137,0,0,1,0
21.33,13,1,clothing,0.041,0.186,15.6,0.78,381,0,0,0,0
115.74,12,4,grocery,0.078,0.038,11.1,0.47,800,1,0,1,0
86.28,14,1,clothing,0.01,0.262,19.2,0.32,1516,0,0,0,0
120.5,9,7,gas_transport,0.204,0.068,7.3,1.07,1046,0,0,0,0
619.56,18,8,retail,0.899,0.568,3627.9,5.32,194,1,1,1,1
31.78,8,1,electronics,0.119,0.01,10.0,1.27,1198,0,0,0,0
73.17,7,3,entertainment,0.02,0.243,4.8,1.02,348,0,0,0,0
21.44,10,1,dining,0.071,0.153,40.1,0.95,2153,0,0,1,0
80.39,10,1,gas_transport,0.171,0.064,13.4,1.15,547,0,1,0,0
159.32,13,1,gas_transport,0.087,0.185,13.9,1.08,1410,0,0,1,0
20.62,12,1,dining,0.024,0.1,1.0,0.84,2374,0,0,0,0
27.88,16,4,grocery,0.278,0.385,16.7,0.81,3094,0,0,1,0
12.99,12,2,grocery,0.135,0.5,21.8,0.88,335,0,0,1,0
1679.24,2,10,electronics,0.934,0.725,64.5,1.8,322,1,0,1,1
44.5,16,1,grocery,0.157,0.01,9.8,0.72,1524,0,0,1,0
97.02,16,1,gas_transport,0.143,0.05,18.9,0.37,1845,0,0,1,0
40.26,9,2,grocery,0.222,0.134,0.9,1.6,2674,0,0,0,0
10.77,22,3,dining,0.097,0.223,43.2,1.22,601,0,0,0,0
47.32,7,1,dining,0.035,0.033,23.6,0.61,320,0,1,0,0
148.65,17,3,dining,0.132,0.218,2.2,0.71,1860,0,0,1,0
97.85,18,1,entertainment,0.311,0.037,7.5,0.99,523,0,0,0,0
5.0,15,2,utilities,0.122,0.119,5.6,0.8,348,0,0,1,0
42.62,11,1,grocery,0.136,0.19,15.2,1.03,1855,0,0,0,0
239.21,11,8,electronics,0.807,0.906,383.9,2.37,350,3,1,1,1
39.68,10,1,electronics,0.024,0.292,12.9,0.93,1967,0,0,1,0
26.54,17,1,grocery,0.013,0.018,15.8,0.8,409,0,0,0,0
417.58,2,4,health_beauty,0.8,0.693,1902.6,5.57,394,4,1,1,1
30.43,17,1,electronics,0.058,0.213,2.4,0.74,383,0,0,1,0
22.93,0,2,grocery,0.1,0.122,4.7,0.64,957,0,0,1,0
39.58,12,1,grocery,0.177,0.037,10.8,1.06,3063,0,1,1,0
76.38,7,1,dining,0.265,0.075,4.2,0.63,3221,0,0,0,0
36.17,12,2,gas_transport,0.284,0.328,10.6,1.39,1760,0,0,0,0
340.87,14,5,retail,0.051,0.183,3.8,1.13,3354,0,0,0,0
49.44,22,1,gas_transport,0.23,0.137,33.1,1.02,1393,0,0,0,0
43.56,23,1,electronics,0.031,0.3,1.0,0.86,1196,0,0,1,0
52.03,14,2,electronics,0.143,0.094,16.2,0.78,3492,0,0,0,0
70.51,16,2,dining,0.103,0.097,6.7,0.75,1021,0,1,0,0
45.35,11,1,entertainment,0.043,0.135,22.6,0.89,1651,0,0,1,0
48.28,17,4,retail,0.122,0.097,7.3,0.71,563,0,0,0,0
51.53,11,1,dining,0.167,0.224,31.2,1.44,1644,0,1,1,0
21.94,15,1,grocery,0.069,0.422,3.6,1.38,3049,0,0,1,0
21.99,18,1,grocery,0.12,0.139,5.5,1.08,998,0,0,1,0
62.56,10,2,retail,0.193,0.183,14.5,0.72,2300,0,1,0,0
42.68,23,2,entertainment,0.095,0.494,34.6,1.01,2515,0,0,1,0
89.86,14,4,electronics,0.257,0.371,18.4,1.28,2187,0,0,0,0
262.05,11,3,entertainment,0.102,0.269,22.1,1.56,1293,0,0,0,0
63.07,14,1,utilities,0.017,0.243,17.4,1.32,1238,0,1,1,0
71.94,17,4,dining,0.154,0.288,4.4,1.27,547,0,0,1,0
13.26,16,3,electronics,0.23,0.049,7.8,0.78,1372,0,0,1,0
58.0,7,4,grocery,0.036,0.219,4.5,1.03,3479,0,0,0,0
23.41,13,3,grocery,0.033,0.128,73.6,1.01,417,0,0,1,0
21.82,10,2,dining,0.167,0.4,5.1,0.78,3510,0,0,0,0
53.29,8,3,entertainment,0.237,0.085,3.7,1.56,2988,0,0,0,0
337.49,10,1,dining,0.01,0.026,16.3,1.15,2930,0,0,0,0
67.67,21,2,gas_transport,0.317,0.131,1.2,1.32,3220,0,0,0,0
2978.45,6,14,travel,0.854,0.383,40.1,8.75,64,3,0,1,1
86.16,14,3,entertainment,0.022,0.244,0.2,0.98,3480,0,0,0,0
447.17,22,10,travel,0.737,0.794,541.5,13.26,252,3,1,1,1
38.6,12,3,grocery,0.108,0.077,20.1,0.82,3414,0,0,1,0
61.3,19,6,gas_transport,0.109,0.048,34.5,1.13,2549,0,0,1,0
77.44,14,1,health_beauty,0.165,0.208,16.1,0.72,211,1,0,1,0
28.57,19,2,dining,0.12,0.13,10.7,1.68,1617,0,0,0,0
78.0,13,2,gas_transport,0.069,0.358,2.7,1.21,3181,0,0,1,0
48.73,10,1,electronics,0.332,0.145,8.7,1.05,3306,0,0,1,0
20.32,14,1,clothing,0.069,0.176,3.6,0.54,533,0,0,0,0
27.76,14,2,travel,0.155,0.026,14.7,1.5,1625,1,0,0,0
94.25,8,2,grocery,0.291,0.215,18.7,0.91,687,0,0,1,0
58.15,8,2,gas_transport,0.01,0.413,17.8,1.17,569,0,0,0,0
58.58,8,2,grocery,0.02,0.296,0.8,1.09,459,0,0,1,0
37.89,22,1,gas_transport,0.039,0.133,0.8,0.68,323,0,0,0,0
16.28,18,1,clothing,0.045,0.114,2.8,0.79,2134,0,0,1,0
49.81,16,2,entertainment,0.429,0.159,13.5,0.69,1823,0,0,1,0
55.07,10,1,dining,0.037,0.226,29.6,1.54,1376,0,0,0,0
11.71,7,2,grocery,0.165,0.01,1.0,1.46,2776,0,0,0,0
15.3,0,1,dining,0.041,0.013,8.4,1.15,1598,0,1,0,0
111.61,15,1,electronics,0.17,0.017,22.4,0.95,2315,0,1,1,0
14.61,15,5,retail,0.021,0.03,22.4,1.35,272,1,0,1,0
15.54,6,3,grocery,0.087,0.421,34.8,0.94,628,1,0,1,0
25.86,11,2,clothing,0.089,0.102,4.0,1.3,2421,0,0,1,0
134.25,13,1,retail,0.035,0.167,0.6,0.88,2009,0,0,1,0
33.32,11,4,dining,0.072,0.278,7.9,1.05,1099,0,1,1,0
106.44,15,3,grocery,0.063,0.032,10.6,0.43,2412,0,1,0,0
11.3,13,3,entertainment,0.041,0.241,0.8,1.13,1057,0,0,1,0
53.16,8,1,clothing,0.079,0.268,13.6,0.97,2285,0,0,0,0
5.0,16,1,clothing,0.094,0.19,4.6,0.81,2522,0,0,1,0
42.27,4,2,dining,0.011,0.436,26.7,1.08,1990,0,0,0,0
46.08,23,1,grocery,0.079,0.049,13.6,1.59,382,0,0,0,0
30.51,22,1,dining,0.1,0.291,10.1,0.75,3597,0,0,1,0
25.11,15,1,utilities,0.06,0.074,1.1,0.72,2544,0,0,0,0
122.25,11,1,dining,0.235,0.344,12.8,1.06,341,0,0,1,0
124.23,11,1,dining,0.101,0.114,20.0,1.15,439,0,0,0,0
44.89,10,1,gas_transport,0.223,0.134,0.6,0.99,2884,0,0,0,0
48.52,16,1,gas_transport,0.044,0.28,5.9,1.68,538,0,0,1,0
28.78,18,2,health_beauty,0.062,0.33,50.9,1.05,747,0,0,1,0
52.64,16,1,grocery,0.192,0.075,5.9,1.04,1649,0,0,0,0
63.16,2,1,utilities,0.033,0.053,8.0,0.85,1134,0,0,0,0
65.83,12,3,dining,0.061,0.226,5.8,1.11,732,0,0,1,0
152.76,20,1,gas_transport,0.378,0.086,18.2,0.53,2945,0,0,1,0
96.61,13,3,health_beauty,0.162,0.093,3.8,0.8,3234,0,0,0,0
68.33,14,1,clothing,0.022,0.423,9.7,1.19,372,0,0,1,0
23.04,20,2,entertainment,0.09,0.142,10.0,0.55,884,0,0,0,0
51.12,16,2,entertainment,0.097,0.03,24.6,0.95,2780,0,0,0,0
20.51,15,4,electronics,0.026,0.142,22.4,0.88,350,0,0,0,0
16.78,16,1,health_beauty,0.276,0.144,27.2,0.95,2346,0,0,1,0
51.57,21,4,grocery,0.196,0.085,17.1,0.83,3052,0,1,1,0
20.37,8,3,grocery,0.12,0.1,39.4,0.63,1063,0,0,1,0
72.85,8,3,travel,0.103,0.256,12.1,0.71,214,0,0,0,0
188.9,6,1,dining,0.039,0.136,14.6,1.12,460,1,0,1,0
46.9,12,2,gas_transport,0.194,0.314,4.2,0.77,1502,0,1,0,0
24.44,14,2,grocery,0.05,0.031,7.7,0.78,3385,0,0,1,0
22.36,21,1,health_beauty,0.027,0.089,26.4,0.67,1154,0,0,1,0
93.76,15,3,gas_transport,0.032,0.434,7.1,1.36,2177,0,0,1,0
50.35,11,3,entertainment,0.08,0.322,8.1,0.76,2274,0,0,0,0
36.86,23,1,health_beauty,0.234,0.164,3.3,1.19,649,0,0,0,0
27.97,9,2,grocery,0.059,0.301,32.7,0.88,2628,0,0,0,0
6.79,14,1,gas_transport,0.268,0.03,7.4,0.83,2652,0,0,1,0
43.65,14,2,grocery,0.039,0.031,1.7,0.54,2816,0,0,1,0
103.85,10,2,gas_transport,0.068,0.104,15.2,1.12,2340,0,1,1,0
13.31,5,1,grocery,0.071,0.072,4.2,0.46,3221,0,0,1,0
45.12,1,2,grocery,0.06,0.202,12.8,1.64,1754,0,0,1,0
29.31,20,3,grocery,0.091,0.091,7.7,1.05,2631,0,0,1,0
31.65,9,2,grocery,0.082,0.227,22.5,1.71,1733,0,0,0,0
10.38,7,2,retail,0.01,0.278,8.0,0.5,3183,0,0,0,0
16.05,13,7,health_beauty,0.126,0.343,20.1,1.28,1745,0,0,1,0
37.68,9,1,retail,0.134,0.293,28.4,1.05,1988,0,0,1,0
22.73,13,5,clothing,0.14,0.068,8.7,0.88,3285,0,0,1,0
33.18,10,2,grocery,0.151,0.299,45.0,1.05,890,0,0,0,0
28.01,11,3,grocery,0.042,0.16,5.8,0.91,2238,0,0,1,0
33.33,18,3,electronics,0.14,0.055,9.8,0.79,1648,0,0,1,0
50.12,7,4,gas_transport,0.061,0.438,6.2,0.95,673,0,0,1,0
204.43,18,4,grocery,0.223,0.235,4.3,1.54,3509,0,1,0,0
33.55,10,2,gas_transport,0.051,0.249,3.6,0.78,252,0,0,0,0
26.87,15,1,entertainment,0.085,0.118,25.8,0.86,612,1,1,0,0
33.27,6,1,entertainment,0.07,0.21,5.4,1.25,1521,0,0,0,0
1478.13,1,5,travel,0.751,0.834,522.6,8.14,129,0,0,1,1
85.25,17,2,grocery,0.21,0.025,18.5,1.05,1428,0,0,1,0
1115.93,4,11,travel,0.623,0.924,709.2,1.8,64,4,1,1,1
19.83,11,7,dining,0.017,0.179,4.2,0.6,2324,1,0,0,0
10.16,6,1,entertainment,0.332,0.105,3.2,1.16,1656,0,0,1,0
47.73,10,3,grocery,0.3,0.163,0.9,1.27,1799,0,0,1,0
99.19,7,2,travel,0.19,0.045,6.2,0.77,2276,0,1,1,0
153.83,13,2,grocery,0.044,0.5,5.5,0.71,1728,0,0,1,0
48.42,12,2,clothing,0.054,0.294,30.9,0.63,1358,0,0,1,0
15.95,11,4,grocery,0.116,0.144,6.0,1.43,2505,0,0,0,0
2629.4,1,9,travel,0.635,0.631,106.4,4.15,137,3,0,1,1
8.75,19,2,gas_transport,0.039,0.24,2.6,1.22,637,0,0,1,0
77.54,7,5,dining,0.103,0.32,2.9,0.35,3466,0,0,0,0
34.22,9,2,dining,0.089,0.406,14.8,1.27,3287,0,0,0,0
30.57,15,5,gas_transport,0.067,0.294,8.3,1.05,2150,0,0,0,0
10.65,17,3,dining,0.097,0.306,4.0,1.03,3524,0,0,1,0
46.7,4,5,grocery,0.306,0.063,5.1,0.54,1848,0,0,1,0
37.01,11,1,grocery,0.098,0.411,16.6,1.54,2782,0,0,0,0
140.74,16,3,travel,0.022,0.078,14.1,1.15,1760,0,0,0,0
120.14,21,2,grocery,0.128,0.039,3.4,0.76,1976,0,0,0,0
21.78,11,1,gas_transport,0.076,0.472,2.0,1.03,2221,0,0,0,0
53.91,9,1,dining,0.45,0.159,22.4,0.67,3467,0,0,1,0
81.04,16,2,gas_transport,0.079,0.077,1.1,1.33,1705,0,0,1,0
279.65,11,2,health_beauty,0.031,0.236,1.1,1.19,3536,0,0,1,0
36.03,5,2,electronics,0.05,0.042,43.7,1.36,1045,0,0,1,0
26.99,0,2,dining,0.078,0.287,6.4,1.02,391,0,0,1,0
42.52,20,1,health_beauty,0.168,0.12,0.4,1.26,2619,0,0,0,0
38.57,19,1,clothing,0.168,0.1,19.2,1.53,1902,2,0,0,0
35.7,10,1,grocery,0.138,0.5,35.9,0.83,3555,0,0,1,0
26.6,14,3,entertainment,0.136,0.013,7.4,1.54,424,0,1,1,0
34.74,21,4,dining,0.155,0.056,31.1,0.92,2569,0,0,1,0
83.44,16,1,grocery,0.04,0.18,12.4,0.3,1145,0,0,0,0
92.6,12,1,gas_transport,0.272,0.225,56.1,0.99,2783,0,0,1,0
228.99,20,1,dining,0.049,0.15,0.5,1.05,3444,0,0,0,0
54.1,15,2,gas_transport,0.285,0.059,35.3,0.94,305,0,0,1,0
46.38,14,1,entertainment,0.127,0.097,14.0,1.17,2844,1,0,0,0
16.3,10,1,travel,0.234,0.097,1.1,0.72,1260,0,0,1,0
8.92,15,1,grocery,0.214,0.118,10.6,0.98,932,0,0,0,0
333.45,22,15,gas_transport,0.634,0.719,214.3,3.81,123,3,1,1,1
54.24,13,5,dining,0.207,0.025,48.8,0.91,2163,0,0,1,0
18.02,14,1,clothing,0.199,0.032,3.3,1.27,2818,0,0,0,0
36.01,12,5,dining,0.01,0.049,30.0,1.65,621,0,0,0,0
243.91,16,2,dining,0.016,0.037,3.2,1.23,3246,0,0,0,0
656.98,23,9,dining,0.476,0.713,1062.0,6.96,51,1,1,1,1
49.45,9,1,clothing,0.191,0.085,50.6,0.83,2324,0,0,1,0
30.32,11,4,gas_transport,0.016,0.357,2.1,1.17,1767,0,0,1,0
930.55,4,4,dining,0.753,0.609,15.0,1.8,60,1,0,1,1
58.34,17,3,dining,0.083,0.19,9.9,0.86,202,0,0,0,0
79.36,20,1,grocery,0.069,0.1,0.6,0.91,560,1,0,1,0
17.57,18,1,travel,0.216,0.03,0.1,0.64,2247,0,0,1,0
18.04,14,2,health_beauty,0.23,0.253,2.6,1.21,796,0,0,0,0
24.42,21,1,dining,0.046,0.132,39.7,0.94,271,0,1,1,0
49.74,17,1,utilities,0.163,0.359,5.1,1.04,1120,0,0,1,0
124.95,8,1,utilities,0.45,0.174,7.8,0.66,2924,0,0,1,0
127.97,3,7,travel,0.521,0.709,289.8,2.41,23,3,1,1,1
901.43,5,9,travel,0.708,0.374,62.4,8.17,378,2,0,1,1
55.07,13,5,clothing,0.103,0.094,1.1,1.05,3161,0,0,1,0
205.45,11,5,clothing,0.87,0.525,15.0,4.11,51,1,1,1,1
40.84,17,2,gas_transport,0.047,0.102,15.0,1.01,1674,0,0,0,0
59.95,14,1,dining,0.096,0.183,31.0,0.57,2204,0,0,0,0
45.35,15,2,retail,0.157,0.204,24.6,1.04,2396,0,0,1,0
30.18,11,1,electronics,0.097,0.196,18.4,1.26,3197,0,0,1,0
32.28,9,1,dining,0.01,0.135,7.0,0.93,3357,0,0,1,0
37.68,20,3,gas_transport,0.051,0.288,8.2,1.25,3447,0,0,1,0
28.35,12,4,grocery,0.01,0.113,1.6,0.75,549,1,0,0,0
25.97,11,1,utilities,0.076,0.245,4.1,1.09,2528,0,0,0,0
107.54,8,3,dining,0.111,0.384,20.1,0.77,843,0,0,1,0
15.84,19,2,clothing,0.049,0.186,7.4,0.77,3451,0,0,1,0
32.63,13,2,grocery,0.144,0.341,21.3,1.21,1862,1,0,1,0
34.14,17,1,dining,0.119,0.126,17.6,1.23,1796,0,0,1,0
46.32,15,1,grocery,0.187,0.369,3.7,1.3,2640,0,1,0,0
120.27,16,1,gas_transport,0.166,0.166,4.4,1.15,2232,0,0,0,0
72.46,9,1,electronics,0.041,0.212,8.3,1.24,3158,0,0,0,0
29.2,17,1,clothing,0.148,0.5,8.6,0.87,814,0,0,0,0
8.45,21,1,dining,0.091,0.014,10.0,1.18,3146,0,0,1,0
166.33,17,7,gas_transport,0.686,0.956,338.0,1.8,344,0,1,1,1
23.94,10,3,dining,0.096,0.201,1.7,0.93,3112,0,0,1,0
91.09,10,2,grocery,0.171,0.11,11.7,1.43,2129,0,0,0,0
17.06,10,1,retail,0.184,0.159,1.2,0.6,1174,1,0,1,0
37.05,7,1,gas_transport,0.115,0.377,39.5,0.32,3563,0,0,0,0
14.23,11,2,grocery,0.181,0.176,3.9,1.14,1562,0,0,0,0
20.63,22,1,electronics,0.112,0.013,4.6,0.73,3301,0,0,1,0
80.25,9,1,gas_transport,0.039,0.15,4.8,0.68,466,0,0,1,0
26.26,3,1,utilities,0.069,0.105,9.6,1.2,1371,0,0,0,0
4257.62,16,8,travel,0.875,0.962,358.5,9.61,272,0,1,0,1
56.56,17,1,entertainment,0.172,0.134,31.0,0.6,3135,0,0,0,0
193.86,11,1,grocery,0.21,0.094,2.8,1.13,2642,0,0,0,0
65.77,8,4,clothing,0.074,0.115,21.6,1.5,733,0,1,0,0
33.83,10,1,grocery,0.102,0.367,17.1,1.01,2378,0,0,1,0
32.19,18,1,grocery,0.087,0.146,9.8,0.99,391,0,0,1,0
8.42,15,4,grocery,0.087,0.039,6.0,1.17,3435,0,0,1,0
58.65,12,2,health_beauty,0.159,0.14,13.7,0.81,2175,0,0,1,0
120.15,20,3,clothing,0.144,0.126,10.6,1.05,496,0,0,1,0
15.58,16,2,entertainment,0.366,0.04,20.4,1.06,1700,0,0,1,0
62.24,15,3,dining,0.016,0.084,24.7,0.82,937,0,0,1,0
92.2,9,2,grocery,0.109,0.16,10.8,1.25,1268,0,0,1,0
64.47,17,1,health_beauty,0.047,0.173,5.0,1.37,3172,0,0,1,0
35.24,16,2,grocery,0.025,0.1,11.5,1.11,2044,0,0,1,0
6.19,15,1,grocery,0.113,0.475,12.8,1.34,1237,0,0,1,0
46.48,15,4,grocery,0.117,0.074,0.2,0.91,1788,1,0,1,0
36.32,6,1,dining,0.049,0.252,1.2,1.17,1233,0,0,0,0
36.06,7,3,grocery,0.035,0.028,0.3,0.27,924,0,0,1,0
154.03,1,1,utilities,0.201,0.242,18.3,1.02,3212,0,0,1,0
22.58,13,3,clothing,0.257,0.069,5.3,1.61,897,0,1,1,0
94.92,8,1,gas_transport,0.288,0.373,4.7,1.21,2031,0,0,1,0
637.11,4,8,clothing,0.829,0.685,200.3,5.08,94,2,0,1,1
71.79,14,1,clothing,0.035,0.13,3.6,0.75,1953,0,0,1,0
114.33,18,4,grocery,0.024,0.02,27.4,0.89,1004,0,0,1,0
56.36,12,1,entertainment,0.058,0.261,1.7,1.49,2744,0,0,1,0
233.08,13,2,entertainment,0.145,0.024,92.0,1.03,787,0,0,1,0
101.87,14,2,dining,0.181,0.126,7.8,1.22,747,0,0,1,0
35.85,5,1,travel,0.088,0.433,12.8,1.24,2060,0,0,1,0
53.47,8,1,retail,0.178,0.25,9.1,1.42,257,0,0,1,0
36.53,9,1,utilities,0.09,0.244,29.1,0.77,2251,0,0,0,0
22.04,14,2,grocery,0.044,0.233,13.1,0.89,1364,0,0,1,0
334.77,1,7,health_beauty,0.615,0.558,69.6,4.63,47,2,0,1,1
101.66,13,2,grocery,0.236,0.141,8.3,1.2,423,0,0,1,0
24.02,7,1,grocery,0.16,0.049,12.7,1.09,1403,0,0,0,0
210.71,15,1,grocery,0.223,0.014,9.1,1.08,3351,0,0,1,0
9.18,22,2,utilities,0.421,0.16,4.5,0.57,3074,0,0,1,0
16.55,10,3,health_beauty,0.018,0.075,1.4,1.25,3064,0,1,1,0
71.43,14,1,dining,0.208,0.245,52.1,0.77,806,0,0,0,0
14.03,15,2,dining,0.114,0.112,5.1,0.84,3199,0,0,0,0
37.07,22,3,grocery,0.081,0.131,14.9,0.87,3386,0,0,1,0
134.15,14,3,gas_transport,0.113,0.234,5.0,0.97,1895,0,0,1,0
99.27,8,1,grocery,0.068,0.205,4.1,1.53,1827,0,0,0,0
22.38,7,2,retail,0.179,0.061,43.0,1.01,1516,1,1,0,0
242.2,2,7,electronics,0.812,0.7,188.6,3.89,870,1,1,1,1
462.8,4,6,electronics,0.843,0.464,246.4,1.8,8,2,0,1,1
177.28,15,4,gas_transport,0.01,0.059,18.5,0.89,1380,0,0,1,0
91.96,9,1,dining,0.113,0.27,23.8,1.62,1909,0,0,1,0
162.77,13,8,electronics,0.79,0.529,336.1,7.21,21,2,0,1,1
142.91,20,4,grocery,0.277,0.18,16.7,0.99,1146,0,0,1,0
52.25,8,1,entertainment,0.059,0.03,9.4,0.82,3035,0,0,1,0
14.31,18,1,travel,0.201,0.058,12.6,1.51,2879,0,0,1,0
56.59,5,2,dining,0.138,0.261,10.7,1.39,347,0,0,1,0
71.81,9,3,gas_transport,0.05,0.304,0.5,0.88,3246,0,0,1,0
10.29,15,4,travel,0.089,0.16,11.7,1.24,1931,0,0,0,0
33.34,16,1,gas_transport,0.262,0.335,0.4,1.04,1385,0,0,0,0
134.35,16,1,grocery,0.028,0.373,2.3,0.3,937,0,0,1,0
46.14,12,1,grocery,0.078,0.095,5.3,0.39,591,0,0,0,0
260.29,0,2,gas_transport,0.292,0.197,1.0,0.95,3209,0,0,0,0
34.34,22,3,retail,0.21,0.332,1.5,1.17,1901,0,0,0,0
229.56,1,4,electronics,0.767,0.73,1118.1,8.66,7,2,1,0,1
15.17,5,1,entertainment,0.121,0.274,3.2,1.22,3159,0,0,0,0
50.56,10,1,gas_transport,0.072,0.383,46.5,0.93,1473,0,0,0,0
17.93,11,1,health_beauty,0.257,0.01,10.5,0.97,689,0,1,1,0
32.22,12,1,gas_transport,0.105,0.078,31.4,1.32,2868,0,0,0,0
11.12,4,1,dining,0.014,0.013,13.5,0.73,219,0,0,1,0
15.49,17,2,utilities,0.017,0.209,15.9,0.95,598,0,1,1,0
12.11,18,2,retail,0.154,0.095,3.1,1.14,800,0,0,0,0
43.24,1,1,clothing,0.231,0.072,2.5,0.87,754,0,0,0,0
77.38,17,1,dining,0.088,0.153,6.7,1.4,295,0,0,1,0
26.59,14,1,dining,0.034,0.06,8.9,0.96,2155,0,0,0,0
84.31,18,1,electronics,0.229,0.06,36.8,1.04,2118,0,0,1,0
11.87,13,2,grocery,0.048,0.156,1.5,0.79,873,0,0,0,0
15.65,16,1,grocery,0.059,0.278,3.2,0.95,1198,0,0,1,0
40.05,11,3,grocery,0.143,0.191,2.9,1.2,2084,0,0,1,0
45.59,11,1,dining,0.095,0.448,8.7,1.0,1030,0,0,0,0
42.98,4,4,grocery,0.063,0.228,11.4,0.38,2953,2,0,0,0
32.95,12,3,grocery,0.213,0.073,2.6,0.87,1609,0,0,1,0
23.1,23,4,dining,0.178,0.114,1.5,0.6,525,0,0,1,0
28.51,10,1,utilities,0.144,0.183,19.2,1.78,1553,0,0,1,0
372.88,4,5,electronics,0.583,0.701,1117.4,8.15,232,1,0,1,1
55.59,16,1,electronics,0.45,0.113,33.7,1.84,2396,0,0,0,0
13.26,15,2,dining,0.044,0.205,5.8,0.82,552,0,0,0,0
73.86,13,3,grocery,0.075,0.174,1.7,1.09,298,0,0,1,0
104.19,11,1,electronics,0.188,0.074,4.4,0.97,1051,0,0,1,0
36.69,15,1,clothing,0.204,0.098,1.1,0.81,1603,0,0,1,0
18.1,9,2,clothing,0.158,0.291,49.9,0.76,513,0,0,0,0
11.59,9,6,dining,0.45,0.154,7.0,1.53,2402,0,1,1,0
144.64,10,1,clothing,0.105,0.036,5.4,0.66,1928,0,0,0,0
78.28,13,2,electronics,0.168,0.091,0.1,1.74,2079,0,0,1,0
64.1,11,1,clothing,0.02,0.033,30.2,1.78,651,0,0,1,0
350.26,16,1,dining,0.143,0.1,16.2,1.25,563,0,0,0,0
82.03,9,2,clothing,0.14,0.144,38.0,1.26,1096,0,0,1,0
23.65,5,2,travel,0.05,0.051,11.6,1.21,2253,0,0,1,0
53.26,6,3,grocery,0.021,0.069,5.6,1.08,1892,0,0,1,0
27.55,12,1,grocery,0.029,0.412,4.3,1.04,2722,0,0,0,0
82.65,13,1,grocery,0.125,0.088,3.9,0.6,1399,0,0,1,0
70.51,11,1,entertainment,0.291,0.094,17.3,1.2,3116,0,0,1,0
107.92,5,1,grocery,0.333,0.089,30.9,0.9,449,0,0,0,0
236.93,1,2,dining,0.01,0.028,1.7,0.62,3010,0,0,0,0
68.76,12,4,grocery,0.092,0.022,0.6,1.19,1392,0,0,1,0
79.18,11,2,grocery,0.031,0.5,14.7,1.23,362,0,0,1,0
11.44,7,1,grocery,0.161,0.014,1.9,1.54,715,0,0,0,0
9.45,14,3,grocery,0.145,0.056,0.1,1.53,1960,0,0,0,0
73.65,12,2,clothing,0.223,0.449,0.6,0.68,2429,0,0,0,0
108.33,15,1,dining,0.01,0.034,15.2,0.75,1302,0,1,1,0
102.1,2,2,grocery,0.033,0.068,54.3,0.96,2788,1,0,0,0
89.66,18,3,dining,0.16,0.077,10.8,0.9,3551,0,0,1,0
59.4,13,1,grocery,0.211,0.153,1.8,0.81,3008,0,0,1,0
12.79,7,1,dining,0.204,0.066,23.7,0.8,838,0,0,0,0
52.89,8,1,dining,0.27,0.105,11.8,0.54,2793,0,0,0,0
88.92,8,1,entertainment,0.125,0.285,3.1,0.62,613,0,1,1,0
108.88,11,3,dining,0.109,0.23,19.1,0.89,3251,0,1,0,0
228.98,22,1,grocery,0.144,0.463,31.7,0.67,2460,0,0,0,0
328.24,5,1,gas_transport,0.037,0.072,12.5,1.18,2948,0,0,1,0
14.68,14,3,entertainment,0.178,0.266,15.9,0.88,1203,0,1,0,0
18.6,16,1,clothing,0.01,0.45,7.2,1.06,2710,0,0,0,0
7.39,13,2,gas_transport,0.086,0.213,9.3,1.12,1693,0,0,1,0
69.5,8,1,grocery,0.125,0.198,11.9,0.57,720,2,0,1,0
45.95,19,1,gas_transport,0.082,0.159,2.4,0.9,3056,0,0,1,0
23.31,17,1,gas_transport,0.127,0.268,2.9,0.79,558,0,0,1,0
52.07,14,1,clothing,0.058,0.105,0.7,1.56,3238,0,0,1,0
219.45,19,2,electronics,0.252,0.199,17.9,1.13,3147,0,0,1,0
13.19,11,2,gas_transport,0.086,0.136,11.3,0.2,2396,0,0,1,0
62.65,9,5,utilities,0.018,0.32,11.4,0.94,1770,0,0,1,0
31.16,14,2,travel,0.076,0.176,26.9,1.37,2102,0,0,0,0
17.85,18,1,dining,0.044,0.025,33.2,1.08,1977,0,0,0,0
262.44,16,2,health_beauty,0.01,0.218,2.7,0.59,2758,0,1,1,0
29.0,20,1,gas_transport,0.025,0.098,2.1,0.91,1315,0,0,0,0
65.28,22,1,gas_transport,0.305,0.348,6.3,1.41,1669,0,0,1,0
10.04,8,4,travel,0.065,0.15,1.8,0.71,2581,0,0,0,0
74.48,17,3,dining,0.01,0.348,45.5,0.33,3034,0,0,0,0
20.93,5,3,dining,0.187,0.141,6.2,1.08,612,0,0,0,0
78.16,15,2,dining,0.231,0.091,0.8,0.69,1839,0,0,0,0
72.75,16,1,grocery,0.222,0.022,16.0,0.9,642,0,0,1,0
27.82,2,1,travel,0.047,0.01,4.2,1.14,1551,0,0,1,0
49.19,21,1,electronics,0.149,0.051,5.1,0.67,3219,0,0,1,0
57.49,10,1,utilities,0.136,0.01,4.3,1.07,2781,0,0,0,0
38.65,16,1,grocery,0.259,0.386,13.8,1.54,3513,0,0,0,0
52.9,7,1,dining,0.252,0.335,41.4,0.82,1433,2,0,1,0
5.57,12,4,clothing,0.274,0.231,7.5,0.61,3078,0,0,1,0
527.55,10,4,clothing,0.502,0.903,182.1,2.16,138,1,1,1,1
7.66,9,4,grocery,0.209,0.046,13.5,0.71,3174,0,0,0,0
20.49,13,3,dining,0.171,0.332,2.3,0.7,2482,0,0,0,0
35.95,18,2,electronics,0.087,0.113,0.8,1.01,1404,0,0,1,0
618.5,13,5,gas_transport,0.361,0.065,0.5,0.98,912,0,0,1,0
43.3,13,5,travel,0.01,0.157,7.7,1.17,977,0,0,0,0
15.54,7,5,dining,0.181,0.061,7.7,0.6,849,0,0,0,0
29.87,16,6,gas_transport,0.208,0.042,3.7,1.1,2170,0,0,1,0
62.16,13,2,retail,0.066,0.136,23.6,1.41,1532,0,0,0,0
53.57,21,1,entertainment,0.117,0.182,10.9,0.74,1650,0,1,1,0
7.46,0,1,dining,0.253,0.194,21.9,0.95,789,0,0,1,0
27.85,15,1,grocery,0.131,0.307,1.6,1.38,1211,1,0,1,0
115.87,12,2,entertainment,0.019,0.248,25.4,1.67,3276,1,0,0,0
67.12,5,1,grocery,0.169,0.224,10.6,1.09,698,0,0,0,0
38.86,14,3,utilities,0.401,0.191,14.7,1.13,1956,0,0,0,0
845.91,23,7,travel,0.809,0.831,148.1,4.69,281,2,1,0,1
48.08,13,4,gas_transport,0.072,0.117,9.2,1.21,1631,0,0,1,0
104.38,9,1,clothing,0.166,0.31,7.0,0.56,659,0,0,0,0
30.73,13,1,dining,0.01,0.365,14.0,0.95,694,0,0,1,0
33.44,14,1,gas_transport,0.178,0.284,0.7,1.24,477,0,0,1,0
180.45,19,2,dining,0.064,0.174,14.3,1.24,2991,0,0,1,0
61.64,5,3,dining,0.128,0.071,3.7,0.8,3503,0,0,1,0
31.59,12,1,gas_transport,0.079,0.058,5.2,0.48,2955,0,0,1,0
77.16,9,3,grocery,0.178,0.11,9.3,1.23,280,0,0,1,0
101.66,12,3,gas_transport,0.225,0.315,34.3,1.14,2928,0,1,1,0
75.2,20,1,entertainment,0.091,0.156,13.9,1.08,2432,0,0,0,0
33.23,12,2,grocery,0.01,0.084,6.0,0.51,2828,0,0,0,0
52.02,8,1,gas_transport,0.18,0.273,1.6,1.13,970,0,0,1,0
236.6,0,8,grocery,0.707,0.783,1303.1,5.02,92,2,1,1,1
25.29,22,2,dining,0.013,0.062,11.9,0.69,2682,0,0,0,0
50.11,15,2,gas_transport,0.203,0.126,18.3,0.95,1391,0,0,0,0
19.17,22,3,travel,0.143,0.309,3.9,0.9,1669,0,0,1,0
45.17,14,1,entertainment,0.048,0.143,4.5,0.71,2524,0,0,1,0
47.43,15,2,grocery,0.121,0.144,1.4,0.88,1640,0,0,0,0
80.44,8,2,utilities,0.175,0.38,0.3,1.24,2325,0,0,1,0
17.77,14,1,gas_transport,0.261,0.142,5.4,0.69,1128,0,0,0,0
69.25,12,1,dining,0.065,0.332,0.1,1.2,1165,0,0,1,0
35.69,20,1,electronics,0.142,0.299,5.8,1.11,1198,0,0,1,0
27.48,7,1,gas_transport,0.22,0.104,8.2,1.44,228,1,0,0,0
37.38,13,1,retail,0.036,0.108,29.4,0.53,2959,0,0,1,0
28.25,17,1,dining,0.108,0.29,11.3,0.94,964,0,0,0,0
41.2,17,1,travel,0.024,0.086,23.6,1.2,3207,0,0,1,0
111.97,7,4,grocery,0.019,0.089,11.7,1.19,2677,0,0,0,0
25.3,9,2,entertainment,0.083,0.075,2.7,1.04,744,0,0,1,0
112.85,1,4,gas_transport,0.048,0.132,7.3,1.08,2727,0,0,0,0
49.04,2,2,gas_transport,0.305,0.231,0.2,1.0,2256,0,0,0,0
34.47,9,3,grocery,0.309,0.131,22.9,1.11,2920,0,0,0,0
15.12,11,1,electronics,0.066,0.271,11.6,1.28,2849,0,0,1,0
29.72,19,3,entertainment,0.312,0.159,7.0,1.17,1188,0,0,0,0
33.92,8,1,health_beauty,0.278,0.363,4.6,0.85,1843,0,0,1,0
76.98,10,2,gas_transport,0.01,0.144,18.4,1.14,2636,0,0,1,0
14.91,13,1,grocery,0.1,0.469,49.7,0.95,302,0,1,0,0
63.68,6,1,grocery,0.093,0.084,2.8,0.89,2810,0,0,1,0
122.64,17,1,dining,0.097,0.046,0.9,1.03,1955,0,0,1,0
24.27,17,3,grocery,0.057,0.5,9.6,0.82,838,0,0,0,0
54.87,8,3,clothing,0.102,0.467,20.7,0.87,647,0,0,1,0
27.0,16,1,utilities,0.036,0.111,3.2,0.96,3450,0,0,0,0
60.36,7,2,grocery,0.162,0.174,10.8,0.77,2107,0,0,1,0
39.27,10,2,grocery,0.31,0.258,1.6,1.38,592,0,0,0,0
138.15,17,1,gas_transport,0.024,0.054,8.2,0.97,2209,0,0,0,0
22.41,18,1,gas_transport,0.204,0.106,0.1,0.75,3560,0,0,1,0
85.38,12,2,utilities,0.036,0.38,1.0,0.96,512,0,0,1,0
30.44,16,3,utilities,0.038,0.323,31.0,1.45,3280,0,0,1,0
42.88,10,2,travel,0.044,0.249,1.8,1.25,2543,0,0,1,0
53.15,14,1,retail,0.045,0.384,13.1,1.52,1338,0,0,1,0
393.92,13,1,travel,0.106,0.153,15.0,0.85,1376,0,0,1,0
125.02,13,2,health_beauty,0.185,0.097,8.8,1.93,3010,0,1,1,0
98.12,12,4,clothing,0.097,0.181,7.5,1.33,2981,0,0,1,0
410.02,6,11,travel,0.783,0.95,1081.3,7.7,185,0,1,1,1
82.35,17,1,travel,0.167,0.097,24.8,1.63,272,0,0,0,0
39.6,14,4,dining,0.067,0.129,55.0,1.22,2927,0,0,1,0
24.96,8,2,gas_transport,0.119,0.2,47.9,0.55,2388,0,0,0,0
27.66,9,3,gas_transport,0.238,0.088,5.0,1.05,1465,0,0,0,0
22.74,10,5,gas_transport,0.097,0.165,10.8,1.05,399,0,0,0,0
101.55,11,1,grocery,0.124,0.055,6.3,0.56,2149,0,0,1,0
30.98,11,4,electronics,0.054,0.375,1.1,0.84,433,0,0,1,0
131.22,11,1,retail,0.038,0.133,18.2,1.6,3171,0,0,1,0
42.12,7,4,entertainment,0.45,0.145,0.8,0.87,2414,0,1,0,0
8.43,9,2,grocery,0.279,0.073,1.3,0.68,3537,0,0,0,0
43.55,20,2,gas_transport,0.087,0.02,5.6,0.57,1638,0,0,1,0
68.29,17,1,dining,0.067,0.099,1.5,0.51,3105,0,0,0,0
63.65,17,2,grocery,0.35,0.083,12.5,1.78,309,0,0,1,0
105.23,23,8,grocery,0.091,0.022,44.2,1.24,1394,0,0,0,0
60.65,15,2,electronics,0.181,0.068,18.3,0.9,1872,0,0,1,0
367.2,7,1,health_beauty,0.016,0.119,8.7,1.27,2115,0,1,1,0
18.71,15,2,dining,0.389,0.216,4.2,0.88,429,0,0,1,0
707.85,22,5,health_beauty,0.906,0.768,268.2,1.8,162,3,1,0,1
80.09,12,2,health_beauty,0.124,0.084,41.5,1.16,2173,0,0,1,0
101.48,1,1,grocery,0.205,0.363,6.5,0.71,1527,0,1,1,0
94.69,17,1,grocery,0.188,0.07,3.4,1.09,2964,0,0,1,0
77.68,21,1,entertainment,0.029,0.15,18.8,1.01,3061,0,0,0,0
29.77,16,1,retail,0.151,0.054,17.0,1.05,3098,1,0,0,0
68.48,17,1,grocery,0.015,0.438,24.5,0.61,809,0,0,1,0
28.74,6,1,grocery,0.24,0.043,12.0,1.47,2182,0,0,1,0
8.65,8,1,dining,0.038,0.106,9.9,1.11,1997,0,0,0,0
26.68,8,2,gas_transport,0.101,0.203,8.3,1.23,772,0,0,0,0
35.06,16,1,travel,0.213,0.116,2.5,0.72,2810,0,0,0,0
42.06,9,1,utilities,0.2,0.082,0.5,0.58,1053,0,0,0,0
30.31,8,1,entertainment,0.068,0.189,6.3,0.2,2174,0,0,1,0
24.33,10,2,grocery,0.049,0.195,1.1,0.67,807,0,0,0,0
19.97,16,2,clothing,0.218,0.148,7.1,0.93,1313,0,0,0,0
35.14,12,2,entertainment,0.109,0.183,17.5,0.56,2029,0,0,1,0
86.52,12,1,grocery,0.053,0.268,10.3,1.0,1362,0,0,0,0
32.64,9,2,clothing,0.193,0.289,8.6,1.39,1069,0,0,1,0
57.28,7,2,grocery,0.148,0.045,2.4,1.14,1559,0,0,0,0
61.74,6,2,utilities,0.208,0.1,3.2,0.89,1984,0,0,1,0
27.9,6,1,entertainment,0.027,0.093,18.4,0.84,1074,0,0,0,0
51.76,6,2,dining,0.01,0.117,4.7,0.64,752,0,0,1,0
63.8,17,1,travel,0.189,0.271,3.3,1.23,3389,0,0,0,0
26.46,8,1,clothing,0.169,0.5,27.9,0.77,2596,0,0,1,0
240.87,8,1,gas_transport,0.017,0.042,2.0,0.77,3474,1,0,1,0
17.26,16,1,dining,0.254,0.163,4.5,0.98,1926,0,0,0,0
29.74,10,1,dining,0.063,0.245,5.6,1.71,3101,0,0,0,0
20.07,13,1,electronics,0.119,0.267,11.5,1.35,2716,1,0,1,0
17.74,7,5,gas_transport,0.224,0.093,3.5,0.2,324,0,0,1,0
58.48,23,1,grocery,0.053,0.061,20.7,0.84,1827,0,0,1,0
129.08,6,2,grocery,0.111,0.01,7.1,1.43,3554,0,0,1,0
120.0,1,6,electronics,0.982,0.841,15.0,5.11,18,2,0,1,1
60.55,10,1,grocery,0.054,0.127,27.8,1.16,1434,1,0,1,0
265.02,7,4,electronics,0.753,0.398,1222.4,1.8,124,0,0,1,1
16.16,11,3,grocery,0.114,0.082,8.4,0.8,3085,0,0,1,0
12.72,12,1,electronics,0.167,0.11,0.7,0.85,1938,0,0,1,0
46.43,9,3,utilities,0.063,0.074,6.9,1.31,370,0,0,0,0
131.39,17,2,gas_transport,0.015,0.278,34.5,0.9,3399,0,0,1,0
82.09,15,1,utilities,0.029,0.116,0.7,0.75,2331,0,0,1,0
100.4,17,2,grocery,0.175,0.25,12.0,1.13,2290,0,0,0,0
57.34,17,1,utilities,0.45,0.146,3.8,0.78,1601,0,0,1,0
72.24,7,2,gas_transport,0.161,0.215,1.4,1.2,2958,1,0,1,0
20.39,19,2,grocery,0.108,0.398,6.0,1.1,1181,0,0,1,0
8.89,10,3,dining,0.193,0.127,2.7,1.07,3094,0,0,1,0
2281.51,10,2,gas_transport,0.85,0.594,824.0,3.01,51,0,1,1,1
19.67,17,1,dining,0.01,0.192,2.3,0.92,2373,0,0,0,0
21.57,1,1,clothing,0.042,0.044,6.4,0.76,1375,0,0,1,0
103.45,10,2,clothing,0.237,0.082,3.5,1.3,3144,0,0,0,0
15.16,10,2,entertainment,0.023,0.061,2.0,1.09,1375,0,0,0,0
1607.47,8,9,electronics,0.99,0.69,866.1,5.63,119,2,1,1,1
103.71,19,3,grocery,0.284,0.026,17.9,1.39,3092,0,0,1,0
70.01,9,2,electronics,0.257,0.485,9.7,0.66,1822,0,0,0,0
24.91,14,1,entertainment,0.388,0.162,0.1,1.21,2187,0,0,1,0
6.67,0,2,dining,0.123,0.293,6.4,1.56,2317,1,0,0,0
49.26,17,1,entertainment,0.038,0.148,2.3,0.89,3387,0,0,1,0
44.19,9,1,travel,0.285,0.038,8.0,1.11,354,0,0,0,0
28.49,18,4,grocery,0.199,0.305,11.2,0.74,335,0,0,0,0
79.38,17,3,gas_transport,0.14,0.063,2.4,1.02,1532,0,0,1,0
84.22,12,1,grocery,0.23,0.11,42.9,1.08,3036,0,0,0,0
65.04,10,1,grocery,0.05,0.059,20.6,1.08,2736,0,0,1,0
100.63,16,1,entertainment,0.359,0.436,6.7,0.54,1237,0,0,0,0
59.54,22,2,grocery,0.089,0.054,3.3,1.1,1101,0,0,1,0
80.28,6,2,grocery,0.05,0.015,24.7,1.16,1278,0,1,0,0
717.71,23,15,electronics,0.683,0.967,3596.6,3.5,238,2,0,1,1
49.38,20,2,clothing,0.03,0.102,3.3,0.97,1363,0,0,0,0
22.84,6,1,clothing,0.023,0.142,9.8,0.48,3073,1,0,1,0
31.53,8,1,dining,0.12,0.23,10.4,0.62,669,0,1,0,0
16.39,17,3,clothing,0.053,0.023,2.4,1.17,1146,0,0,0,0
136.92,6,1,health_beauty,0.011,0.244,0.1,1.07,2860,0,0,1,0
30.29,8,1,dining,0.122,0.155,7.9,0.4,3054,0,0,1,0
33.1,12,1,gas_transport,0.03,0.1,7.4,1.11,2186,0,0,0,0
124.41,20,1,grocery,0.266,0.22,4.4,0.45,432,0,0,0,0
13.6,8,4,dining,0.088,0.208,29.7,0.94,2979,0,0,1,0
117.87,16,1,health_beauty,0.247,0.336,18.2,0.88,1834,0,0,1,0
131.07,15,1,dining,0.142,0.038,8.1,1.06,1086,0,0,0,0
59.74,7,3,retail,0.23,0.182,11.3,0.94,1056,0,0,1,0
97.32,10,1,grocery,0.258,0.169,5.3,0.96,1898,0,0,0,0
30.93,13,2,retail,0.045,0.192,10.1,0.78,2538,0,0,0,0
694.46,8,3,clothing,0.01,0.176,17.9,1.62,3217,0,0,0,0
34.31,8,5,entertainment,0.395,0.155,12.1,0.7,1869,0,0,0,0
43.91,14,1,dining,0.251,0.085,9.1,0.81,1230,0,0,0,0
169.9,16,2,electronics,0.01,0.153,4.9,0.73,1664,0,0,0,0
19.46,14,2,dining,0.151,0.303,0.1,1.2,3427,0,0,1,0
137.75,10,3,dining,0.01,0.258,7.9,1.03,2478,2,0,1,0
92.34,10,3,grocery,0.023,0.088,11.4,0.9,2792,0,0,1,0
124.35,20,6,gas_transport,0.014,0.122,19.4,1.38,537,0,0,1,0
89.19,16,5,clothing,0.312,0.324,19.0,1.22,459,0,0,1,0
30.83,19,3,utilities,0.254,0.147,0.6,1.09,1071,0,0,1,0
300.48,17,1,utilities,0.278,0.214,2.1,0.9,2334,0,0,1,0
100.01,17,2,grocery,0.025,0.098,36.4,1.36,3047,0,0,1,0
32.78,19,1,utilities,0.212,0.329,35.5,1.16,3438,0,0,1,0
66.93,16,3,dining,0.01,0.283,6.5,0.97,2121,0,0,1,0
17.51,13,1,clothing,0.053,0.054,28.8,1.44,2662,1,0,1,0
429.81,1,8,electronics,0.797,0.35,1218.3,4.27,7,2,1,1,1
931.34,1,9,electronics,0.916,0.545,982.1,4.69,84,3,1,1,1
25.19,10,1,utilities,0.117,0.191,9.4,0.74,1893,0,0,1,0
664.86,0,7,clothing,0.6,0.484,436.0,8.63,155,1,1,0,1
20.99,15,1,dining,0.191,0.097,3.7,1.03,2758,0,0,0,0
21.88,11,1,grocery,0.118,0.096,12.5,1.1,1783,0,0,1,0
55.13,12,2,clothing,0.18,0.26,28.2,1.03,952,0,0,1,0
52.31,8,1,grocery,0.016,0.22,0.1,1.28,1279,0,0,0,0
452.22,2,11,electronics,0.772,0.75,238.7,4.99,39,2,1,0,1
38.13,12,1,grocery,0.01,0.104,64.2,0.69,3307,0,1,1,0
26.74,10,1,clothing,0.01,0.043,24.6,1.02,1474,0,0,0,0
1402.2,2,5,clothing,0.747,0.572,1746.5,6.62,56,0,0,1,1
112.43,8,2,gas_transport,0.028,0.046,2.0,0.98,2850,0,0,1,0
39.82,10,3,grocery,0.124,0.5,1.1,0.7,1790,0,0,0,0
44.69,10,1,travel,0.284,0.217,12.2,1.09,1830,1,0,0,0
23.37,13,2,electronics,0.084,0.113,4.6,0.77,1190,0,0,0,0
61.64,23,2,grocery,0.029,0.222,0.7,1.04,2916,0,0,0,0
96.44,12,2,retail,0.062,0.241,7.5,1.18,2297,0,0,1,0
10.71,13,3,dining,0.197,0.053,0.3,1.28,3511,0,0,1,0
174.74,20,4,electronics,0.213,0.01,27.3,1.03,3299,0,0,1,0
64.26,20,1,travel,0.027,0.155,3.1,1.17,2579,0,0,1,0
81.43,19,1,dining,0.257,0.145,0.6,1.02,2120,0,0,0,0
100.05,6,1,dining,0.098,0.099,1.9,0.98,498,0,0,1,0
52.9,18,1,utilities,0.104,0.312,45.4,0.63,322,0,0,1,0
70.93,17,3,health_beauty,0.233,0.083,0.8,1.15,2468,0,0,0,0
99.21,6,1,grocery,0.057,0.017,9.6,0.96,1388,0,0,0,0
7.09,21,2,dining,0.272,0.092,2.7,0.86,514,0,0,0,0
138.35,10,2,dining,0.178,0.038,2.9,1.22,3352,0,1,0,0
15.49,14,5,gas_transport,0.105,0.074,27.2,0.7,869,0,0,1,0
66.84,21,1,grocery,0.281,0.019,4.9,1.04,2877,0,0,0,0
146.7,11,1,dining,0.1,0.24,29.5,1.33,3503,1,0,0,0
48.59,8,1,gas_transport,0.02,0.159,22.3,1.1,1676,0,0,0,0
26.12,18,1,entertainment,0.014,0.046,17.4,1.72,919,0,0,1,0
32.63,9,3,gas_transport,0.024,0.01,1.7,0.9,3254,0,0,0,0
78.19,19,1,clothing,0.013,0.08,4.2,0.85,3517,0,0,0,0
60.05,23,3,gas_transport,0.029,0.099,1.7,1.03,955,0,0,0,0
34.25,12,1,dining,0.313,0.374,19.7,0.64,2542,1,0,1,0
56.29,7,1,grocery,0.145,0.18,4.2,1.07,2073,0,0,0,0
33.05,21,1,dining,0.21,0.092,57.2,1.1,2803,0,0,1,0
49.82,18,1,grocery,0.035,0.25,4.2,1.22,1660,0,0,0,0
120.0,22,7,electronics,0.752,0.688,3071.3,7.83,119,0,0,0,1
25.35,5,2,health_beauty,0.078,0.211,14.7,1.33,1317,0,0,0,0
120.0,0,6,gas_transport,0.772,0.363,2228.3,6.68,200,2,1,1,1
36.16,10,1,gas_transport,0.041,0.183,13.6,0.83,3326,0,0,1,0
29.98,16,4,grocery,0.207,0.222,6.0,0.87,2487,0,0,0,0
13.81,13,3,gas_transport,0.045,0.143,3.4,1.16,397,0,0,0,0
129.35,7,1,grocery,0.387,0.307,11.7,0.56,2311,0,0,1,0
10.95,9,5,gas_transport,0.03,0.054,0.5,1.3,1365,0,1,1,0
35.04,7,2,dining,0.244,0.03,2.9,0.73,642,0,0,0,0
16.4,16,1,gas_transport,0.141,0.044,2.3,1.34,1254,0,0,1,0
319.86,17,3,gas_transport,0.02,0.023,3.1,1.54,2880,0,0,1,0
50.35,6,2,travel,0.036,0.264,3.5,1.16,610,0,0,0,0
58.39,19,3,dining,0.428,0.027,1.7,1.19,2807,0,0,1,0
13.62,18,1,utilities,0.119,0.243,8.8,1.1,2767,0,0,0,0
119.32,10,1,utilities,0.18,0.344,5.5,0.45,3346,0,0,0,0
56.7,13,1,gas_transport,0.408,0.325,0.2,0.84,2880,0,0,1,0
160.89,22,5,travel,0.01,0.111,2.2,1.2,2470,0,0,1,0
31.05,5,2,travel,0.17,0.068,12.5,1.0,210,0,0,0,0
45.41,17,1,dining,0.236,0.106,4.4,0.75,2634,0,0,1,0
23.65,16,1,gas_transport,0.271,0.049,4.5,0.46,792,0,0,1,0
35.57,20,1,travel,0.155,0.01,23.2,0.65,1002,0,0,1,0
12.27,7,1,gas_transport,0.066,0.044,0.7,1.27,3379,1,0,1,0
37.44,15,1,grocery,0.093,0.269,12.4,0.74,930,0,0,1,0
26.89,15,1,dining,0.013,0.122,12.8,0.55,1912,0,0,0,0
66.22,10,3,utilities,0.132,0.347,7.5,1.18,324,0,0,0,0
72.81,7,3,retail,0.072,0.01,12.2,1.07,1957,0,0,0,0
20.43,13,2,retail,0.011,0.144,5.4,0.34,3185,0,0,0,0
13.49,14,2,gas_transport,0.079,0.023,48.0,1.05,1994,0,0,1,0
10.38,12,2,grocery,0.084,0.077,32.4,0.99,490,0,0,1,0
41.22,10,2,electronics,0.282,0.076,19.3,1.46,2255,0,0,1,0
165.82,23,4,travel,0.732,0.817,376.5,3.12,25,1,0,1,1
50.14,15,1,dining,0.154,0.054,7.3,1.12,2407,0,0,1,0
18.0,20,1,electronics,0.016,0.176,2.2,1.38,1840,0,0,0,0
36.1,19,1,clothing,0.014,0.229,0.1,1.17,2207,0,1,1,0
224.02,2,5,electronics,0.786,0.708,15.0,3.7,179,1,1,0,1
66.64,10,3,grocery,0.164,0.188,6.2,0.91,2918,1,0,0,0
13.65,7,1,utilities,0.036,0.231,5.7,1.02,928,0,0,0,0
51.89,20,1,grocery,0.199,0.054,63.1,1.45,2577,0,0,1,0
57.89,7,1,utilities,0.154,0.11,4.6,1.56,1914,0,1,1,0
205.47,12,8,travel,0.912,0.523,455.7,6.02,144,1,0,0,1
73.72,22,1,entertainment,0.097,0.063,6.9,1.24,2736,0,0,1,0
26.05,9,1,gas_transport,0.146,0.02,17.5,0.87,2715,1,1,1,0
21.34,22,3,grocery,0.368,0.146,1.8,1.32,3395,0,0,1,0
322.97,9,1,grocery,0.248,0.117,8.0,0.83,1679,0,0,1,0
21.07,8,1,dining,0.11,0.033,3.1,1.22,565,2,0,1,0
12.48,20,2,grocery,0.19,0.015,1.7,0.86,1930,0,0,1,0
46.15,15,1,gas_transport,0.105,0.264,33.6,0.68,3031,0,0,1,0
38.21,16,1,gas_transport,0.089,0.5,16.5,0.71,950,0,0,0,0
56.55,23,1,gas_transport,0.096,0.031,4.2,0.83,1591,0,0,0,0
88.79,16,2,entertainment,0.184,0.355,4.3,0.87,1573,0,0,0,0
77.29,12,1,travel,0.029,0.103,2.7,1.02,2394,0,0,0,0
79.42,12,1,dining,0.06,0.021,4.0,1.04,3274,0,1,1,0
31.78,6,3,grocery,0.141,0.318,25.9,0.95,3118,0,0,1,0
57.82,20,3,gas_transport,0.401,0.264,16.9,1.29,3306,0,0,0,0
19.64,15,2,entertainment,0.072,0.016,3.8,0.71,2237,0,0,1,0
18.81,9,1,entertainment,0.081,0.432,3.6,0.71,1017,0,0,1,0
160.71,6,3,dining,0.175,0.226,4.2,0.98,264,0,0,0,0
42.85,11,1,gas_transport,0.083,0.311,14.8,1.1,517,0,0,1,0
875.89,5,6,electronics,0.595,0.531,274.5,6.09,12,0,1,1,1
64.11,18,3,grocery,0.02,0.155,12.0,1.17,2238,0,0,0,0
90.3,16,1,clothing,0.158,0.17,1.8,0.97,969,0,0,1,0
50.0,4,1,gas_transport,0.044,0.037,1.0,1.64,2040,1,0,1,0
72.99,14,2,health_beauty,0.15,0.022,1.3,1.15,2697,0,0,1,0
34.39,18,2,clothing,0.01,0.048,22.7,0.78,316,0,0,1,0
79.67,13,1,gas_transport,0.01,0.01,63.4,1.36,3512,0,0,1,0
21.3,19,3,gas_transport,0.253,0.097,0.5,0.58,476,0,0,1,0
134.28,16,2,grocery,0.102,0.134,11.5,1.25,3549,0,0,1,0
277.47,5,13,gas_transport,0.658,0.708,304.4,2.48,66,1,1,1,1
25.42,12,2,health_beauty,0.01,0.269,3.4,0.75,1501,0,0,1,0
202.64,13,1,grocery,0.065,0.023,43.0,1.42,1819,0,1,1,0
37.92,5,4,entertainment,0.195,0.364,8.4,0.68,3068,0,0,0,0
22.39,14,3,utilities,0.128,0.082,4.5,0.97,1994,0,0,0,0
88.17,20,2,clothing,0.139,0.085,13.5,1.23,2238,0,0,0,0
68.14,10,1,health_beauty,0.039,0.15,12.4,0.91,748,1,0,1,0
15.15,13,1,retail,0.067,0.069,18.3,0.87,3086,0,0,0,0
20.23,14,4,gas_transport,0.044,0.086,4.4,0.69,1047,0,0,1,0
12.12,18,1,dining,0.073,0.017,5.6,1.0,969,0,1,1,0
24.97,9,1,gas_transport,0.147,0.06,7.0,1.24,2649,0,0,1,0
52.25,7,1,health_beauty,0.094,0.153,3.4,0.98,963,0,1,1,0
73.97,11,1,health_beauty,0.105,0.331,7.4,0.72,724,1,0,0,0
32.15,6,2,clothing,0.101,0.138,9.5,1.0,2505,0,0,0,0
54.22,12,1,grocery,0.341,0.408,7.9,0.95,1797,0,0,0,0
11.99,9,1,grocery,0.13,0.205,72.1,0.97,3314,0,0,1,0
20.89,8,1,entertainment,0.185,0.261,5.9,0.69,2246,0,0,0,0
84.67,4,2,health_beauty,0.277,0.152,62.7,0.84,2765,0,0,1,0
43.37,17,1,dining,0.213,0.16,3.7,0.89,263,2,0,1,0
132.04,13,1,clothing,0.044,0.185,13.1,1.08,2104,0,0,1,0
34.31,15,2,dining,0.231,0.207,41.5,0.95,2542,0,0,1,0
473.09,19,3,utilities,0.147,0.233,4.7,0.83,2441,0,0,1,0
27.42,10,1,clothing,0.158,0.111,11.5,0.56,1530,0,0,1,0
120.32,15,3,grocery,0.026,0.461,13.4,0.99,2210,0,0,0,0
149.27,23,4,travel,0.783,0.888,95.0,4.5,133,1,1,1,1
58.98,13,1,gas_transport,0.022,0.01,9.5,0.42,3319,0,0,0,0
41.48,14,4,gas_transport,0.45,0.01,4.5,0.84,468,0,0,1,0
26.31,13,3,health_beauty,0.086,0.102,12.0,0.78,3114,0,0,1,0
81.01,8,3,grocery,0.095,0.27,22.8,1.2,1576,0,0,0,0
23.03,9,1,dining,0.041,0.051,26.1,0.7,792,0,0,1,0
17.63,11,3,gas_transport,0.064,0.274,2.2,1.52,780,0,0,1,0
70.23,10,3,entertainment,0.031,0.163,4.5,1.58,3571,0,0,1,0
14.87,14,2,retail,0.11,0.103,1.7,0.66,2326,0,0,0,0
117.36,23,1,gas_transport,0.05,0.47,2.4,0.52,2248,0,0,0,0
16.2,14,4,health_beauty,0.052,0.133,11.5,1.09,3137,0,0,0,0
59.6,13,2,dining,0.276,0.171,8.9,0.78,1097,0,0,1,0
55.31,10,2,grocery,0.346,0.328,7.9,0.76,3416,0,0,1,0
20.12,7,1,clothing,0.172,0.048,7.5,0.88,188,0,0,0,0
84.28,15,1,clothing,0.045,0.04,19.5,1.0,344,0,0,1,0
644.94,22,11,clothing,0.875,0.741,1548.7,8.04,24,3,0,1,1
41.29,17,2,travel,0.21,0.292,0.1,0.93,371,1,0,1,0
9.69,14,2,utilities,0.081,0.01,5.9,1.89,2683,0,0,1,0
1744.39,13,6,retail,0.578,0.74,1894.4,8.69,451,0,1,1,1
64.07,13,4,retail,0.11,0.243,17.2,1.26,2024,0,0,1,0
26.01,22,1,utilities,0.068,0.045,15.1,0.73,1501,0,0,0,0
14.71,16,1,dining,0.156,0.258,25.4,0.51,1143,0,0,0,0
44.49,10,4,dining,0.01,0.102,12.9,1.19,3305,0,0,1,0
46.74,11,1,electronics,0.256,0.035,1.2,1.01,833,0,0,0,0
30.71,9,1,dining,0.036,0.464,0.5,0.56,2912,0,0,0,0
120.0,1,7,travel,0.675,0.507,448.2,3.81,279,3,1,1,1
5.0,13,3,gas_transport,0.01,0.256,28.5,1.15,1355,0,0,1,0
902.08,21,6,travel,0.578,0.787,203.2,1.8,28,4,0,1,1
24.01,13,2,gas_transport,0.446,0.41,16.1,1.21,2717,0,0,1,0
21.34,12,1,retail,0.137,0.369,6.1,0.89,1192,0,0,1,0
24.3,9,4,grocery,0.29,0.09,9.4,0.53,2928,0,0,0,0
17.06,15,5,retail,0.243,0.081,15.0,0.76,1850,0,0,0,0
26.81,18,1,dining,0.434,0.43,6.0,0.62,1206,0,0,0,0
2395.61,3,7,travel,0.891,0.72,445.9,4.06,90,2,0,0,1
68.72,11,1,dining,0.049,0.292,13.5,1.15,2104,0,0,0,0
25.16,10,1,travel,0.106,0.284,17.5,1.26,1002,0,0,1,0
62.2,11,1,retail,0.01,0.111,28.5,1.47,936,0,0,1,0
11.24,15,1,grocery,0.269,0.084,25.8,0.98,3562,0,0,0,0
24.47,13,4,dining,0.116,0.244,2.4,1.54,2175,1,1,1,0
26.87,10,1,grocery,0.048,0.224,0.2,1.08,815,0,0,1,0
148.05,0,6,electronics,0.519,0.963,2561.6,3.58,192,3,1,0,1
64.12,19,1,grocery,0.177,0.121,13.4,0.86,2981,0,0,1,0
83.83,10,2,gas_transport,0.417,0.085,0.5,0.92,860,0,0,1,0
18.02,6,2,grocery,0.331,0.053,10.2,1.07,1593,0,0,1,0
891.5,10,12,electronics,0.888,0.622,773.2,6.97,304,2,1,0,1
43.99,14,4,grocery,0.034,0.107,21.3,1.2,3002,0,0,1,0
92.7,11,1,clothing,0.057,0.246,7.6,1.64,1918,0,0,0,0
54.5,10,2,utilities,0.036,0.137,5.7,1.62,388,0,0,1,0
48.67,8,3,health_beauty,0.178,0.075,17.3,1.07,3223,0,0,0,0
117.67,10,2,dining,0.085,0.383,2.3,1.11,1253,2,0,1,0
27.85,15,1,gas_transport,0.017,0.178,14.3,1.13,3541,0,0,1,0
89.19,14,1,health_beauty,0.037,0.067,9.4,1.06,1381,0,0,0,0
36.32,12,1,grocery,0.065,0.364,5.6,0.63,3469,0,0,1,0
1405.24,2,9,clothing,0.975,0.427,71.3,1.8,12,2,1,1,1
126.82,6,1,dining,0.067,0.273,3.1,1.21,2935,0,0,1,0
15.08,20,1,entertainment,0.074,0.097,22.6,1.18,630,0,0,1,0
961.89,10,9,clothing,0.698,0.833,167.6,4.37,75,0,1,1,1
873.07,5,13,electronics,0.823,0.738,593.1,6.47,175,0,1,1,1
52.89,14,1,grocery,0.136,0.379,3.9,0.2,1217,0,0,0,0
111.58,13,2,health_beauty,0.126,0.105,42.5,0.89,1528,0,0,0,0
87.11,15,1,gas_transport,0.034,0.095,1.5,0.48,390,0,0,1,0
37.17,13,2,gas_transport,0.252,0.5,0.2,1.49,1434,0,0,1,0
65.66,13,1,gas_transport,0.218,0.106,20.1,1.04,2327,0,0,1,0
135.17,7,2,clothing,0.031,0.353,14.9,0.96,478,1,0,0,0
53.4,10,1,health_beauty,0.081,0.205,7.3,1.23,1167,0,0,0,0
27.11,15,1,electronics,0.159,0.044,13.6,0.71,2334,0,0,1,0
183.16,13,4,electronics,0.164,0.39,3.1,0.66,785,0,0,1,0
92.97,9,2,dining,0.067,0.206,24.8,0.67,2209,0,0,1,0
40.32,14,1,clothing,0.014,0.057,11.6,1.0,2638,0,0,1,0
25.21,18,1,health_beauty,0.132,0.148,6.7,0.74,1339,0,0,0,0
68.93,17,3,gas_transport,0.161,0.203,16.6,0.88,3525,0,0,1,0
197.18,14,3,utilities,0.111,0.386,5.6,1.0,501,0,0,0,0
153.0,9,2,clothing,0.238,0.071,10.1,1.73,1472,0,1,1,0
42.52,7,7,grocery,0.351,0.056,1.8,0.71,1499,0,0,1,0
50.41,9,1,dining,0.021,0.074,21.4,0.57,865,0,0,0,0
107.53,15,1,grocery,0.24,0.078,1.3,0.85,1024,1,0,0,0
81.49,18,4,health_beauty,0.17,0.227,6.4,1.09,2902,0,0,1,0
26.21,19,4,gas_transport,0.354,0.027,21.2,0.82,2996,0,0,1,0
14.51,16,3,retail,0.178,0.137,28.9,1.08,1814,0,0,1,0
188.32,13,3,grocery,0.263,0.074,5.5,1.2,374,0,0,0,0
38.57,11,3,dining,0.085,0.149,11.0,0.81,1493,0,0,0,0
58.6,5,2,gas_transport,0.15,0.039,7.6,0.8,1438,0,0,1,0
1851.82,2,12,travel,0.883,0.761,616.9,9.67,568,0,0,1,1
40.69,17,4,travel,0.125,0.314,10.5,0.66,289,0,0,0,0
31.91,7,3,health_beauty,0.01,0.092,5.9,1.36,2189,0,0,1,0
31.49,14,2,grocery,0.289,0.121,0.7,0.78,2827,0,0,0,0
26.84,21,3,clothing,0.189,0.11,5.5,1.14,3318,0,0,1,0
28.34,11,1,entertainment,0.115,0.161,18.4,1.31,1455,0,0,1,0
11.43,5,2,clothing,0.03,0.099,1.9,1.25,3098,0,1,1,0
64.92,13,3,grocery,0.075,0.135,5.7,0.76,1342,0,0,1,0
660.67,5,9,electronics,0.766,0.93,636.9,6.34,29,1,0,1,1
27.34,13,3,gas_transport,0.078,0.321,8.3,0.6,2462,0,0,1,0
211.47,1,3,clothing,0.031,0.207,1.3,1.03,571,0,0,0,0
7.44,8,2,electronics,0.038,0.089,3.2,0.61,3079,0,0,0,0
198.86,21,2,grocery,0.063,0.012,1.9,0.88,2163,2,0,1,0
60.57,15,1,utilities,0.068,0.336,2.6,1.13,984,0,1,1,0
57.28,14,3,electronics,0.166,0.491,30.7,1.1,1749,0,0,0,0
67.06,14,1,gas_transport,0.01,0.03,11.1,1.18,3522,0,0,1,0
22.15,15,2,utilities,0.115,0.24,4.5,0.81,2327,0,0,1,0
140.76,10,1,clothing,0.15,0.308,22.1,0.79,1856,0,0,0,0
1440.83,1,8,electronics,0.668,0.675,375.6,7.12,51,4,0,1,1
68.79,8,2,clothing,0.418,0.015,26.5,0.68,1147,0,0,1,0
83.36,12,1,dining,0.131,0.27,9.5,1.16,2069,0,0,1,0
54.57,17,1,travel,0.095,0.156,3.4,1.01,2063,0,0,1,0
35.12,16,2,clothing,0.23,0.035,8.8,0.72,1365,1,0,0,0
58.98,17,1,grocery,0.134,0.143,8.0,0.79,1800,0,0,1,0
30.61,12,5,gas_transport,0.064,0.13,6.0,0.87,2592,0,0,0,0
46.78,20,1,travel,0.206,0.283,13.3,0.71,1556,0,0,1,0
67.53,9,3,utilities,0.01,0.035,40.6,0.78,3053,0,0,1,0
95.61,12,4,travel,0.015,0.106,0.8,0.72,592,1,1,1,0
22.46,9,2,clothing,0.076,0.013,19.0,1.15,979,0,1,1,0
24.21,13,2,clothing,0.155,0.314,17.7,1.03,3517,0,0,1,0
53.82,10,1,dining,0.331,0.281,33.0,0.58,2958,0,1,0,0
33.17,6,2,health_beauty,0.107,0.276,0.1,0.83,2582,0,0,1,0
64.47,11,5,grocery,0.083,0.015,11.4,1.39,3357,0,1,0,0
99.13,8,2,health_beauty,0.028,0.033,4.3,0.82,537,0,0,0,0
73.69,13,2,dining,0.199,0.019,8.4,1.16,1088,0,0,0,0
71.7,17,2,gas_transport,0.02,0.105,2.5,1.11,1338,0,0,0,0
60.67,10,1,dining,0.08,0.43,1.2,0.99,3433,0,0,0,0
62.83,13,1,gas_transport,0.025,0.263,34.2,0.81,2678,0,0,0,0
49.36,6,2,gas_transport,0.306,0.085,9.9,0.96,1474,0,0,1,0
44.2,14,4,dining,0.154,0.192,7.2,1.57,2831,0,0,0,0
70.94,9,1,electronics,0.123,0.095,31.2,1.12,1308,0,0,1,0
29.8,8,1,grocery,0.01,0.08,1.1,1.42,3246,0,0,0,0
42.75,14,2,travel,0.017,0.106,9.1,1.16,3221,0,0,1,0
36.34,7,2,electronics,0.1,0.095,50.2,1.34,895,0,0,0,0
91.32,10,1,retail,0.172,0.152,7.7,0.9,258,0,0,0,0
66.49,22,1,clothing,0.324,0.05,32.6,1.07,1863,0,0,1,0
38.67,7,4,health_beauty,0.048,0.134,4.2,0.8,713,0,0,1,0
83.74,14,1,grocery,0.388,0.379,11.3,1.17,2983,0,0,0,0
27.26,20,4,entertainment,0.08,0.234,7.9,1.07,2785,0,0,1,0
40.11,22,5,clothing,0.088,0.127,1.6,0.68,778,0,0,1,0
55.42,18,1,dining,0.054,0.237,28.4,0.91,2980,0,0,1,0
56.02,11,4,gas_transport,0.061,0.041,3.4,0.93,1423,0,0,0,0
45.73,15,1,health_beauty,0.36,0.027,9.1,1.54,275,0,0,1,0
178.1,10,2,gas_transport,0.148,0.018,10.0,0.8,1563,0,0,1,0
120.0,22,6,electronics,0.84,0.859,191.4,1.8,119,2,1,0,1
56.42,5,2,gas_transport,0.119,0.095,31.8,1.32,260,0,0,0,0
71.58,15,3,gas_transport,0.058,0.422,10.0,1.56,2680,0,0,0,0
7.87,14,1,dining,0.071,0.102,3.7,0.91,3476,0,0,1,0
46.59,12,2,clothing,0.337,0.035,5.9,1.08,228,0,1,0,0
59.54,14,1,dining,0.044,0.158,0.5,1.28,3237,0,0,0,0
16.61,17,1,grocery,0.196,0.103,6.6,0.75,1558,0,0,0,0
1237.67,23,8,travel,0.775,0.879,192.4,1.8,78,1,1,1,1
36.21,21,2,entertainment,0.348,0.065,1.0,1.03,897,0,0,1,0
20.11,13,1,health_beauty,0.365,0.157,0.3,0.96,2677,0,0,0,0
110.19,9,1,travel,0.047,0.102,22.5,0.84,1785,0,0,1,0
217.25,19,7,electronics,0.808,0.854,498.6,7.01,111,2,0,1,1
25.84,21,1,retail,0.182,0.062,4.1,0.29,1556,0,0,1,0
64.81,9,2,utilities,0.437,0.061,2.7,1.28,1996,0,0,0,0
25.87,14,1,grocery,0.058,0.097,8.8,1.31,2364,0,0,1,0
757.94,2,8,clothing,0.9,0.852,1643.7,8.83,319,4,1,1,1
42.46,21,2,electronics,0.188,0.338,26.2,1.32,1528,0,0,0,0
64.37,15,2,electronics,0.075,0.07,3.5,1.17,390,1,0,0,0
56.67,6,3,travel,0.046,0.208,6.8,1.02,321,1,0,0,0
65.03,18,1,grocery,0.084,0.298,10.6,0.31,2727,0,0,0,0
73.37,13,3,grocery,0.092,0.158,9.5,1.3,2710,0,0,1,0
79.35,20,3,dining,0.222,0.039,28.7,0.93,2318,0,0,1,0
69.04,15,2,grocery,0.092,0.135,4.0,1.32,1675,0,1,0,0
138.04,4,2,health_beauty,0.191,0.325,3.4,0.69,2447,0,0,0,0
66.74,15,1,dining,0.116,0.08,7.6,0.98,3001,0,0,1,0
48.79,11,5,travel,0.089,0.032,8.5,0.76,2951,0,0,0,0
61.02,21,2,dining,0.01,0.145,27.2,1.24,2974,0,0,0,0
27.49,15,2,grocery,0.091,0.078,1.1,1.01,938,1,0,1,0
56.62,10,2,clothing,0.068,0.257,57.2,0.87,2788,0,0,0,0
138.18,9,1,electronics,0.037,0.247,11.1,1.41,3322,0,0,1,0
24.68,16,3,grocery,0.013,0.271,3.0,1.33,1918,0,0,0,0
18.41,18,1,health_beauty,0.132,0.182,1.7,0.99,1168,0,0,1,0
87.12,15,2,dining,0.053,0.113,2.3,1.19,1428,0,1,1,0
23.98,9,2,gas_transport,0.203,0.299,0.8,1.1,2112,0,0,0,0
61.16,18,3,dining,0.17,0.095,1.6,1.36,716,0,0,1,0
67.59,6,2,clothing,0.263,0.071,9.7,1.2,3273,0,0,0,0
50.17,15,3,dining,0.043,0.279,56.3,1.31,2719,0,0,1,0
51.26,14,1,electronics,0.082,0.107,0.8,1.21,318,0,0,1,0
70.38,17,1,grocery,0.153,0.247,12.2,1.26,3268,0,0,1,0
18.96,7,1,grocery,0.084,0.101,2.1,1.06,1004,0,1,0,0
816.15,4,8,electronics,0.979,0.801,754.0,1.8,82,3,0,1,1
88.01,20,3,utilities,0.387,0.224,12.8,0.97,798,0,0,1,0
33.86,14,1,entertainment,0.031,0.104,18.5,1.41,1458,0,0,0,0
38.0,20,1,gas_transport,0.353,0.23,21.3,1.0,2140,0,0,0,0
22.82,12,2,grocery,0.14,0.08,5.6,0.94,1450,0,0,1,0
17.65,21,3,clothing,0.065,0.098,0.7,0.84,3355,0,0,0,0
249.4,4,9,utilities,0.791,0.748,225.9,3.79,360,1,1,1,1
17.8,15,6,dining,0.097,0.099,6.7,0.94,1825,1,0,1,0
113.14,23,3,grocery,0.055,0.432,12.2,1.07,3495,0,0,1,0
95.55,18,1,dining,0.259,0.076,4.8,0.99,2620,0,0,1,0
42.62,9,3,gas_transport,0.198,0.022,5.2,0.98,828,0,0,1,0
40.94,11,1,entertainment,0.081,0.208,2.9,1.05,1567,0,1,0,0
26.51,19,2,dining,0.079,0.054,1.8,0.37,2991,0,1,0,0
9.83,14,2,electronics,0.045,0.133,30.4,1.2,1142,0,0,0,0
111.57,10,2,dining,0.063,0.16,5.4,1.05,2951,0,0,1,0
111.11,16,1,gas_transport,0.45,0.361,1.7,1.02,3023,0,0,1,0
14.28,11,1,dining,0.02,0.195,43.3,0.85,365,0,0,1,0
2030.62,6,5,retail,0.94,0.35,246.4,3.88,37,3,1,0,1
14.82,16,1,entertainment,0.01,0.15,7.6,1.16,3494,0,0,0,0
599.93,6,3,travel,0.4,0.775,1464.9,3.83,138,2,1,1,1
79.78,22,2,clothing,0.019,0.143,12.6,0.69,1039,0,0,1,0
85.51,23,3,entertainment,0.028,0.037,38.8,1.04,570,0,0,0,0
41.7,12,1,utilities,0.08,0.274,51.6,1.17,2536,0,0,0,0
37.01,7,1,clothing,0.174,0.085,6.2,0.64,707,0,0,0,0
50.19,11,1,dining,0.069,0.167,2.3,1.35,363,0,0,1,0
49.66,12,1,clothing,0.221,0.221,10.6,1.11,1968,0,0,0,0
44.37,12,2,utilities,0.01,0.112,4.6,1.61,1024,0,0,1,0
189.59,17,3,dining,0.118,0.344,7.1,1.33,922,0,0,1,0
61.26,8,3,grocery,0.084,0.267,0.9,0.72,2270,0,0,0,0
204.52,7,1,health_beauty,0.051,0.13,12.4,1.2,2698,0,0,0,0
34.3,13,1,grocery,0.424,0.062,6.8,0.56,576,0,0,1,0
47.06,13,1,grocery,0.084,0.095,1.2,0.83,551,0,0,1,0
14.52,19,1,retail,0.198,0.238,12.4,1.06,620,0,0,1,0
92.49,16,3,travel,0.318,0.112,7.0,1.47,1242,0,0,1,0
26.54,15,1,travel,0.029,0.264,10.5,0.78,3369,0,0,0,0
55.97,8,2,gas_transport,0.324,0.2,1.8,1.1,1077,0,0,1,0
54.52,18,4,grocery,0.051,0.131,18.9,0.65,2774,0,0,0,0
84.14,2,2,dining,0.272,0.031,18.7,0.95,327,0,0,0,0
70.34,12,1,dining,0.164,0.231,1.2,0.72,3284,0,0,1,0
12.33,13,1,travel,0.01,0.041,23.8,1.09,2709,0,0,0,0
36.06,6,2,dining,0.074,0.197,11.5,2.02,3357,0,0,1,0
113.34,13,1,retail,0.289,0.263,9.7,1.33,2941,0,0,1,0
17.01,12,3,dining,0.065,0.167,7.7,1.69,2560,0,0,1,0
40.69,17,1,health_beauty,0.261,0.434,3.2,0.58,289,0,0,1,0
2838.16,7,4,clothing,0.659,0.902,86.3,2.98,124,2,1,1,1
23.8,16,1,grocery,0.115,0.04,27.8,1.2,2889,0,0,0,0
8.92,6,1,clothing,0.039,0.159,0.1,0.84,3192,0,0,0,0
86.06,12,2,gas_transport,0.255,0.3,4.1,1.21,1950,1,0,0,0
354.13,5,5,clothing,0.921,0.654,930.5,7.42,548,4,0,1,1
178.75,10,2,health_beauty,0.017,0.028,11.7,1.04,1451,0,0,0,0
52.79,9,1,clothing,0.041,0.05,9.6,0.61,787,0,0,0,0
40.88,19,1,utilities,0.14,0.119,8.5,1.02,1073,0,0,1,0
64.25,14,4,health_beauty,0.142,0.029,22.2,0.99,3429,0,0,1,0
18.49,21,2,electronics,0.014,0.072,0.6,1.27,2815,0,0,1,0
18.17,6,1,entertainment,0.45,0.125,7.4,1.02,383,0,0,1,0
35.02,17,1,gas_transport,0.094,0.185,4.4,1.3,859,0,0,0,0
26.1,7,1,gas_transport,0.156,0.026,11.0,1.5,2640,0,0,1,0
22.63,12,4,grocery,0.165,0.176,0.2,0.82,3165,0,0,0,0
207.23,12,4,dining,0.179,0.129,13.3,0.82,2212,0,0,0,0
40.04,9,4,grocery,0.073,0.129,13.6,0.81,1133,0,0,1,0
78.73,11,3,clothing,0.255,0.098,59.2,1.53,1561,0,0,1,0
154.3,15,2,gas_transport,0.027,0.01,36.6,0.95,876,0,0,1,0
548.84,17,4,gas_transport,0.828,0.895,1666.9,7.32,630,0,1,1,1
73.39,12,2,electronics,0.01,0.024,3.4,1.14,3488,0,0,0,0
53.23,13,2,electronics,0.366,0.152,0.7,0.98,2581,0,0,1,0
50.47,6,1,dining,0.049,0.264,1.0,0.87,641,0,0,0,0
23.74,12,3,grocery,0.021,0.086,4.7,1.0,2320,0,0,0,0
30.78,13,1,grocery,0.01,0.275,19.3,1.53,2845,0,1,0,0
261.88,15,2,retail,0.124,0.264,17.2,1.17,1677,0,0,0,0
76.08,10,2,utilities,0.05,0.271,1.0,0.95,3544,0,0,1,0
102.49,16,5,clothing,0.174,0.109,15.4,1.17,245,0,1,1,0
18.19,10,1,grocery,0.086,0.174,3.8,0.96,2938,0,0,0,0
29.04,17,1,health_beauty,0.065,0.135,28.8,0.82,185,0,0,0,0
30.03,7,2,health_beauty,0.104,0.027,11.9,1.17,2068,0,0,1,0
23.71,13,2,travel,0.051,0.012,0.2,1.0,1905,0,0,1,0
47.84,11,2,grocery,0.044,0.048,32.2,0.97,1299,0,0,0,0
95.1,8,1,gas_transport,0.106,0.11,44.0,0.66,2742,0,0,0,0
65.91,13,2,entertainment,0.144,0.344,36.1,0.8,358,0,0,1,0
5.8,10,1,entertainment,0.093,0.267,12.1,1.27,2522,0,0,0,0
110.1,18,1,electronics,0.193,0.041,2.9,1.56,2374,0,0,1,0
178.97,10,2,health_beauty,0.173,0.333,13.0,0.94,1765,0,0,0,0
321.66,18,9,travel,0.789,0.813,50.3,3.81,63,1,1,1,1
486.97,9,1,clothing,0.363,0.071,0.1,0.76,1296,0,0,1,0
203.75,21,1,utilities,0.025,0.311,13.0,0.84,229,0,0,0,0
40.25,19,1,travel,0.162,0.064,18.7,0.96,1460,0,0,1,0
86.06,19,2,grocery,0.12,0.227,7.7,1.15,1498,0,0,1,0
130.43,14,1,retail,0.158,0.195,5.5,1.28,2402,0,0,1,0
15.65,14,2,grocery,0.218,0.064,14.1,0.85,445,0,0,1,0
53.04,12,2,grocery,0.201,0.053,10.1,1.0,749,0,0,1,0
18.48,12,2,health_beauty,0.057,0.342,13.6,1.58,2333,0,0,0,0
28.32,19,1,clothing,0.082,0.228,11.2,1.3,3035,0,0,1,0
14.08,11,3,entertainment,0.025,0.035,1.8,0.86,285,0,0,1,0
67.03,18,3,electronics,0.041,0.39,14.5,1.37,2348,0,0,0,0
44.57,14,1,grocery,0.082,0.157,13.4,0.55,2932,0,0,0,0
5.76,19,1,grocery,0.01,0.19,7.7,1.17,3441,0,0,0,0
41.73,15,2,utilities,0.42,0.247,4.6,1.15,3565,0,0,1,0
19.61,16,2,clothing,0.26,0.366,31.3,1.6,3180,0,0,1,0
28.8,13,3,grocery,0.339,0.25,0.4,1.41,547,0,0,1,0
22.19,12,2,grocery,0.01,0.051,20.3,0.81,214,0,0,0,0
455.01,13,9,travel,0.698,0.97,1716.3,1.8,117,1,1,1,1
132.79,11,1,utilities,0.316,0.093,47.1,1.01,2289,0,0,1,0
23.97,15,3,grocery,0.048,0.037,3.0,1.14,2863,0,0,1,0
36.14,11,1,dining,0.104,0.106,2.8,1.04,2720,0,0,0,0
147.58,10,2,dining,0.153,0.143,13.8,1.09,3485,0,0,1,0
25.22,10,3,grocery,0.114,0.123,2.9,0.3,1346,1,0,1,0
15.86,11,1,retail,0.052,0.086,0.2,1.19,478,0,0,1,0
10.48,7,1,electronics,0.238,0.217,3.2,1.05,2971,0,1,1,0
64.76,22,2,dining,0.224,0.25,23.2,1.09,340,0,1,1,0
30.63,5,5,clothing,0.073,0.107,5.9,1.31,2995,0,0,1,0
26.98,14,6,grocery,0.01,0.356,25.9,1.02,1623,0,0,1,0
69.74,9,1,utilities,0.127,0.5,3.3,1.29,716,0,0,0,0
128.12,13,3,dining,0.098,0.225,0.7,0.82,613,1,0,0,0
61.12,11,2,gas_transport,0.044,0.244,8.9,0.64,2862,0,0,1,0
134.0,20,1,grocery,0.027,0.316,3.9,0.95,262,0,0,1,0
37.7,15,2,grocery,0.127,0.076,6.0,0.66,3070,0,0,1,0
23.56,17,2,dining,0.227,0.142,20.2,1.31,1986,2,0,1,0
42.47,12,1,dining,0.072,0.322,0.8,0.81,207,0,0,1,0
103.14,10,1,grocery,0.118,0.029,4.5,0.61,1137,0,0,1,0
76.56,15,1,grocery,0.135,0.151,33.9,0.72,569,0,0,0,0
30.99,8,1,electronics,0.122,0.182,16.3,0.78,1888,0,0,1,0
33.12,10,1,dining,0.075,0.277,10.8,1.37,2552,0,0,1,0
14.48,16,3,grocery,0.053,0.01,6.2,1.14,2548,0,0,1,0
42.6,7,4,dining,0.128,0.061,2.3,1.16,2622,0,0,0,0
1390.8,19,5,electronics,0.726,0.822,350.3,2.36,590,3,0,1,1
37.59,10,2,travel,0.109,0.075,10.4,1.07,2675,1,0,1,0
74.19,19,1,utilities,0.032,0.331,13.9,1.11,466,0,0,1,0
68.68,13,1,dining,0.279,0.064,12.3,1.03,1679,0,0,0,0
29.83,8,1,entertainment,0.193,0.166,14.0,1.3,3034,0,0,1,0
148.74,11,2,gas_transport,0.01,0.088,10.7,0.81,2923,0,0,1,0
19.88,18,2,gas_transport,0.048,0.097,5.6,0.93,1909,0,0,1,0
149.57,3,7,electronics,0.871,0.609,2432.1,10.35,302,0,1,0,1
37.13,11,3,dining,0.149,0.363,0.8,0.51,2204,0,0,0,0
14.1,8,1,gas_transport,0.026,0.366,7.9,1.47,351,0,0,1,0
31.71,14,1,electronics,0.067,0.059,0.5,0.98,1399,0,0,1,0
12.56,12,1,travel,0.039,0.127,3.7,0.57,2116,0,0,1,0
31.54,16,4,retail,0.148,0.5,8.9,0.59,489,0,0,0,0
33.47,11,1,grocery,0.01,0.194,10.4,0.76,210,0,0,1,0
1037.15,21,5,electronics,0.737,0.777,2621.4,10.69,114,3,1,1,1
128.78,17,3,gas_transport,0.029,0.209,4.8,1.58,305,0,0,1,0
32.65,13,6,grocery,0.102,0.09,0.1,1.1,2801,0,0,0,0
58.73,10,3,clothing,0.134,0.077,0.5,0.72,1444,0,1,0,0
41.02,13,1,health_beauty,0.058,0.01,7.9,1.28,3081,0,0,0,0
47.67,16,1,entertainment,0.014,0.304,0.7,1.28,376,0,0,0,0
12.57,19,1,dining,0.132,0.303,9.6,0.98,964,0,0,1,0
183.45,13,2,health_beauty,0.307,0.057,14.3,0.83,3474,0,0,1,0
167.41,15,2,gas_transport,0.237,0.049,1.5,0.85,1713,1,0,1,0
1351.29,21,8,travel,0.745,0.766,424.3,5.8,106,2,1,1,1
13.44,22,1,grocery,0.199,0.209,22.6,1.52,2878,0,0,0,0
58.49,11,3,gas_transport,0.262,0.323,6.5,1.1,1433,0,0,1,0
49.3,7,4,grocery,0.254,0.02,30.6,0.91,1716,0,0,0,0
389.96,3,4,electronics,0.676,0.749,1842.7,7.46,211,0,0,1,1
18.7,17,1,grocery,0.063,0.044,21.0,0.4,1622,0,0,0,0
39.13,19,4,dining,0.097,0.115,1.0,0.97,3351,0,0,0,0
28.15,18,2,dining,0.144,0.02,43.8,1.01,1257,0,0,0,0
40.05,16,1,dining,0.063,0.105,1.5,0.9,327,0,0,1,0
162.88,11,2,retail,0.04,0.253,5.4,1.06,2964,0,0,1,0
1039.56,1,8,electronics,0.848,0.565,518.0,9.23,39,3,1,1,1
16.17,11,2,dining,0.024,0.063,1.1,0.86,2783,0,0,0,0
4800.0,10,7,entertainment,0.959,0.52,392.4,6.0,391,2,1,1,1
38.01,10,1,gas_transport,0.229,0.045,10.2,0.96,3242,0,0,0,0
26.44,8,1,grocery,0.084,0.474,23.5,1.16,3233,2,0,0,0
38.85,8,1,dining,0.129,0.394,1.8,1.16,1361,0,0,1,0
40.1,23,2,gas_transport,0.034,0.089,15.6,0.59,970,0,0,1,0
89.59,16,3,clothing,0.25,0.075,16.0,0.51,363,1,0,0,0
64.56,22,1,health_beauty,0.196,0.039,4.3,1.37,2788,0,0,1,0
43.03,17,1,dining,0.082,0.04,27.8,0.68,3543,0,0,0,0
92.57,13,1,clothing,0.351,0.01,22.5,0.87,1284,0,0,0,0
214.41,8,3,dining,0.093,0.215,5.3,0.37,1720,0,1,0,0
89.88,13,1,grocery,0.024,0.214,2.0,0.79,953,0,0,0,0
9.4,17,1,health_beauty,0.393,0.099,6.2,1.62,3465,0,0,1,0
35.22,11,5,gas_transport,0.047,0.294,3.9,0.91,2563,0,0,0,0
60.26,15,1,grocery,0.139,0.166,1.0,1.06,3555,0,0,0,0
170.78,8,8,electronics,0.858,0.898,452.2,7.76,301,2,1,1,1
91.7,7,2,grocery,0.24,0.011,2.7,1.06,2518,0,0,0,0
21.06,10,5,grocery,0.324,0.124,12.3,1.47,2769,0,0,0,0
59.84,7,3,dining,0.045,0.059,5.9,0.96,824,0,0,1,0
87.67,18,1,grocery,0.355,0.081,3.7,1.15,2837,0,0,0,0
26.56,21,3,electronics,0.111,0.327,32.5,1.42,3411,0,0,0,0
11.73,12,1,electronics,0.038,0.327,38.3,0.67,1652,0,1,0,0
23.5,17,1,utilities,0.03,0.225,9.1,1.36,535,0,0,0,0
27.83,17,2,grocery,0.249,0.23,1.5,1.11,2901,0,0,1,0
32.66,5,4,clothing,0.01,0.116,5.2,1.21,2785,0,0,1,0
50.83,18,1,gas_transport,0.345,0.188,32.4,0.35,631,0,0,0,0
25.99,6,1,clothing,0.2,0.117,23.3,1.44,887,0,1,1,0
12.42,15,3,gas_transport,0.075,0.266,6.0,0.84,1363,0,0,0,0
136.34,1,9,electronics,0.827,0.863,15.7,4.78,281,1,1,1,1
30.56,16,3,dining,0.024,0.148,25.7,0.96,1081,0,0,1,0
298.57,4,6,electronics,0.778,0.821,365.1,3.73,351,0,1,1,1
503.17,3,6,electronics,0.51,0.652,37.7,2.32,13,1,0,1,1
77.92,15,1,gas_transport,0.027,0.045,3.5,1.5,1270,0,0,0,0
47.04,20,3,gas_transport,0.194,0.5,2.1,1.18,2439,0,0,0,0
64.37,10,1,health_beauty,0.384,0.08,45.2,1.49,1713,1,0,1,0
90.88,18,1,dining,0.277,0.322,16.7,0.9,923,0,0,0,0
2261.02,23,9,electronics,0.829,0.812,200.6,1.8,16,4,0,1,1
58.52,11,1,retail,0.346,0.104,25.8,0.85,2312,0,0,0,0
40.79,15,2,grocery,0.073,0.091,8.6,0.34,2178,0,0,1,0
90.55,15,2,electronics,0.027,0.046,8.6,0.99,2303,0,1,0,0
97.15,2,2,grocery,0.188,0.404,5.9,1.41,3183,0,0,1,0
37.66,19,3,grocery,0.235,0.363,31.7,0.66,1398,0,0,0,0
9.2,17,3,clothing,0.077,0.012,15.2,0.73,2500,0,0,1,0
98.12,14,1,grocery,0.184,0.282,14.9,0.41,1879,0,0,0,0
204.02,14,1,gas_transport,0.046,0.042,12.5,1.03,3519,0,0,0,0
129.4,6,2,grocery,0.312,0.014,12.9,1.32,1449,0,0,0,0
9.06,1,3,retail,0.113,0.406,7.7,0.67,3102,0,0,0,0
53.05,13,1,grocery,0.152,0.239,3.6,1.59,3078,0,0,0,0
67.29,13,5,gas_transport,0.277,0.323,5.0,0.77,1381,0,0,1,0
114.42,14,2,dining,0.032,0.331,11.6,0.96,775,0,0,0,0
90.45,14,3,electronics,0.053,0.141,4.9,0.91,2049,0,0,0,0
231.89,6,1,utilities,0.346,0.367,8.1,1.23,1823,0,0,1,0
65.68,8,1,dining,0.076,0.202,2.3,0.98,828,0,1,1,0
257.71,6,1,gas_transport,0.091,0.085,8.7,0.35,268,0,0,0,0
27.53,14,1,electronics,0.064,0.125,9.5,1.12,887,0,0,1,0
34.14,19,1,grocery,0.063,0.105,14.8,1.17,2670,0,0,1,0
881.77,5,6,entertainment,0.501,0.498,168.9,5.36,76,2,1,1,1
73.73,18,5,dining,0.074,0.038,9.7,0.96,1771,0,0,1,0
74.33,12,3,grocery,0.032,0.23,13.8,0.86,2185,0,0,0,0
6.77,23,1,clothing,0.141,0.31,5.7,1.56,1500,0,0,1,0
18.79,11,1,dining,0.074,0.324,16.8,0.54,3418,0,0,0,0
68.99,20,4,gas_transport,0.177,0.032,2.9,0.8,283,0,0,0,0
32.78,11,2,grocery,0.05,0.187,8.7,0.81,404,0,0,1,0
51.66,12,3,electronics,0.225,0.2,8.7,1.11,2751,0,0,1,0
66.86,6,1,grocery,0.116,0.5,8.2,1.25,2588,0,0,0,0
41.65,19,2,electronics,0.238,0.051,1.5,1.22,2589,0,0,1,0
35.64,12,1,grocery,0.094,0.153,0.3,0.88,2389,0,0,0,0
65.88,6,5,dining,0.01,0.365,12.2,1.24,2260,0,0,1,0
113.66,17,4,utilities,0.256,0.25,3.6,0.97,548,0,0,1,0
30.52,6,1,dining,0.01,0.253,23.6,1.02,1293,0,0,0,0
43.56,9,1,gas_transport,0.06,0.262,6.2,1.11,2196,0,0,1,0
30.45,20,1,clothing,0.168,0.029,27.8,1.42,983,0,0,1,0
57.74,19,3,gas_transport,0.092,0.101,14.9,0.77,1621,0,0,1,0
21.2,15,5,grocery,0.059,0.033,10.7,1.09,3362,0,0,1,0
39.12,18,1,electronics,0.358,0.47,53.3,0.67,740,0,0,0,0
40.42,15,4,health_beauty,0.073,0.179,15.7,1.1,1045,0,0,0,0
748.8,23,9,electronics,0.638,0.624,643.9,6.13,200,3,1,1,1
12.07,19,1,utilities,0.031,0.394,16.0,1.36,1963,0,0,0,0
35.86,16,2,health_beauty,0.284,0.249,32.1,1.23,2446,0,0,0,0
92.64,11,6,grocery,0.267,0.075,7.6,1.14,1383,0,0,1,0
9.2,12,1,health_beauty,0.099,0.112,5.5,1.0,765,0,0,0,0
25.47,12,2,travel,0.178,0.155,5.2,1.22,693,0,0,0,0
36.38,9,1,electronics,0.159,0.313,1.5,1.6,2316,0,0,0,0
33.56,6,2,retail,0.01,0.088,6.2,0.99,439,0,0,1,0
70.22,16,1,gas_transport,0.17,0.298,17.3,0.6,3454,0,0,0,0
316.13,3,12,entertainment,0.93,0.882,1163.8,8.2,16,3,0,1,1
36.87,15,2,dining,0.115,0.376,2.3,0.95,2465,0,0,0,0
48.53,10,2,grocery,0.173,0.062,8.4,1.52,3568,0,0,0,0
72.95,17,1,retail,0.302,0.033,9.5,1.66,1451,0,0,0,0
91.87,13,1,gas_transport,0.014,0.261,1.8,1.13,3391,0,0,0,0
79.96,8,2,travel,0.082,0.085,9.3,0.7,470,0,0,1,0
25.1,18,1,entertainment,0.335,0.205,4.1,0.75,1034,0,0,0,0
1041.96,11,8,dining,0.968,0.603,725.5,2.05,49,2,1,1,1
315.05,11,1,grocery,0.254,0.149,9.6,0.47,2762,0,0,0,0
46.27,14,3,entertainment,0.064,0.5,4.4,1.89,1454,0,0,1,0
76.32,11,1,entertainment,0.024,0.012,5.9,1.04,2267,0,1,1,0
26.7,12,3,clothing,0.152,0.189,12.7,1.25,3166,0,0,1,0
27.41,12,2,dining,0.046,0.084,4.7,0.78,3206,0,0,0,0
29.56,8,2,grocery,0.129,0.084,3.6,0.81,851,0,0,0,0
40.55,6,1,gas_transport,0.043,0.228,0.6,1.23,977,0,0,1,0
4800.0,3,7,electronics,0.596,0.401,207.0,8.04,71,1,0,0,1
133.41,21,1,gas_transport,0.022,0.265,6.6,0.82,894,0,0,0,0
40.51,8,2,travel,0.07,0.217,16.0,1.02,937,0,0,0,0
18.98,8,4,dining,0.043,0.058,0.9,0.91,668,0,0,1,0
103.87,16,1,retail,0.018,0.026,12.6,1.02,1256,0,0,1,0
41.99,19,2,travel,0.434,0.186,9.8,1.16,3071,0,0,1,0
275.69,18,3,entertainment,0.029,0.082,7.4,1.02,1573,0,0,1,0
17.93,9,2,grocery,0.032,0.282,0.6,1.01,2272,0,0,0,0
113.91,9,2,grocery,0.013,0.087,1.1,0.62,1380,0,0,1,0
28.75,9,1,gas_transport,0.211,0.412,3.9,0.77,2601,0,0,0,0
43.45,11,1,gas_transport,0.021,0.137,5.8,0.98,1687,0,0,1,0
10.24,14,1,gas_transport,0.317,0.155,5.1,0.66,3005,0,0,0,0
21.29,11,2,electronics,0.03,0.228,3.6,0.58,1432,0,0,0,0
95.99,17,1,dining,0.074,0.057,26.2,1.44,2801,0,0,0,0
25.79,13,2,clothing,0.145,0.064,10.9,1.75,3071,0,0,1,0
58.15,19,2,health_beauty,0.16,0.03,8.1,0.43,2721,0,0,1,0
20.44,15,1,utilities,0.174,0.124,0.3,1.42,1217,0,0,1,0
38.53,1,1,health_beauty,0.297,0.347,1.2,0.55,1330,0,0,0,0
19.16,11,4,dining,0.045,0.054,1.1,1.51,2439,1,0,1,0
30.95,11,1,clothing,0.205,0.16,25.7,0.94,2438,0,0,1,0
22.67,9,2,gas_transport,0.148,0.233,0.4,1.32,3498,0,0,0,0
29.75,13,3,grocery,0.073,0.103,6.1,1.13,3155,0,0,1,0
45.73,5,4,utilities,0.024,0.087,0.1,0.75,298,0,0,1,0
38.58,14,1,grocery,0.083,0.5,6.4,0.82,1745,0,0,0,0
101.83,17,1,grocery,0.013,0.067,4.8,1.17,2150,0,0,0,0
228.1,15,1,grocery,0.039,0.111,2.6,0.94,2498,0,0,1,0
163.0,12,2,grocery,0.039,0.068,5.6,1.16,328,0,0,0,0
36.17,12,3,health_beauty,0.193,0.112,21.5,1.54,378,0,0,0,0
24.45,11,6,clothing,0.225,0.5,42.5,0.39,1594,0,0,0,0
63.04,5,3,dining,0.088,0.02,5.3,1.03,2091,0,0,1,0
18.14,13,2,dining,0.248,0.06,12.1,1.33,2081,0,0,0,0
46.83,8,4,grocery,0.285,0.304,2.5,1.34,2342,0,0,1,0
87.53,5,2,gas_transport,0.052,0.297,3.2,0.66,2754,0,0,0,0
24.68,7,2,travel,0.013,0.067,17.2,0.77,2177,0,0,0,0
60.15,12,2,gas_transport,0.225,0.125,3.1,0.8,1144,0,0,0,0
188.12,9,1,gas_transport,0.162,0.198,45.4,0.96,772,0,0,0,0
68.46,7,2,travel,0.052,0.128,2.3,0.99,1736,0,0,1,0
22.46,10,4,dining,0.081,0.196,19.2,0.89,1591,0,0,1,0
17.39,9,4,dining,0.065,0.09,4.5,1.73,2678,0,0,1,0
23.03,11,5,grocery,0.15,0.084,20.6,1.24,695,0,0,0,0
34.33,16,3,grocery,0.018,0.209,4.2,0.7,1080,0,0,0,0
31.43,8,2,travel,0.182,0.186,9.7,1.33,1827,0,0,0,0
42.2,19,1,health_beauty,0.192,0.042,19.2,0.76,2920,0,0,0,0
62.04,6,1,clothing,0.03,0.3,6.9,1.19,3481,0,0,0,0
59.64,16,2,grocery,0.08,0.422,9.6,0.66,1753,0,0,1,0
17.38,15,1,dining,0.206,0.225,4.5,1.15,3048,0,0,0,0
68.77,7,2,utilities,0.179,0.062,4.8,0.79,2521,0,1,0,0
23.55,9,2,utilities,0.109,0.01,3.5,0.8,1023,0,0,0,0
35.17,11,3,gas_transport,0.104,0.233,2.1,0.88,1047,0,0,1,0
26.66,10,2,dining,0.175,0.083,13.1,0.89,1267,0,0,1,0
878.89,8,8,electronics,0.728,0.652,383.8,3.14,349,2,1,1,1
201.47,12,1,grocery,0.45,0.143,9.2,0.61,1980,0,0,1,0
41.69,11,1,dining,0.321,0.235,9.1,1.21,3451,0,0,1,0
64.54,15,2,grocery,0.248,0.07,7.2,0.93,3434,0,0,1,0
159.47,19,1,gas_transport,0.019,0.397,11.0,0.88,2946,0,0,1,0
178.3,2,6,electronics,0.868,0.618,112.0,5.93,104,2,0,1,1
111.28,15,1,grocery,0.23,0.362,14.0,0.61,3035,0,0,1,0
20.6,6,2,gas_transport,0.075,0.057,21.0,1.31,1803,0,0,0,0
102.01,15,3,electronics,0.202,0.144,10.3,1.1,2500,0,0,1,0
43.83,9,1,health_beauty,0.056,0.062,10.3,1.11,1088,0,0,0,0
41.72,19,2,grocery,0.277,0.236,0.1,0.97,2440,0,0,0,0
291.93,16,1,dining,0.027,0.073,43.5,1.08,3194,0,0,1,0
81.8,15,1,electronics,0.184,0.073,17.8,1.62,1883,0,0,1,0
524.85,17,1,health_beauty,0.225,0.098,6.8,0.99,578,0,0,1,0
30.91,17,1,grocery,0.096,0.09,7.3,0.63,3243,0,0,1,0
55.4,15,2,dining,0.224,0.167,3.1,1.15,3324,0,0,0,0
65.87,9,1,grocery,0.015,0.486,0.7,0.83,2543,0,0,0,0
13.74,20,1,dining,0.086,0.294,15.2,0.86,3354,0,0,1,0
75.02,10,4,dining,0.106,0.158,22.2,0.76,1055,0,0,0,0
26.37,6,1,dining,0.024,0.227,8.4,0.52,873,0,0,0,0
116.75,8,1,grocery,0.09,0.051,1.2,1.03,613,0,0,1,0
41.84,6,2,health_beauty,0.043,0.118,11.3,1.07,1138,0,0,0,0
18.89,5,7,grocery,0.029,0.332,2.9,0.87,1517,0,0,0,0
42.95,13,1,entertainment,0.032,0.11,4.9,1.23,2510,0,0,1,0
55.81,5,1,gas_transport,0.302,0.071,0.3,1.17,2070,0,0,1,0
15.11,11,1,entertainment,0.125,0.137,19.7,0.2,1646,0,1,1,0
324.72,5,12,electronics,0.774,0.566,613.6,9.06,672,2,0,0,1
38.52,9,2,clothing,0.273,0.096,7.8,1.32,3548,0,0,1,0
92.88,13,2,clothing,0.083,0.124,1.1,1.22,1658,0,0,1,0
74.5,8,1,grocery,0.251,0.078,6.7,0.8,2252,0,0,1,0
26.33,20,1,health_beauty,0.015,0.202,8.3,0.53,182,1,0,0,0
37.82,21,2,grocery,0.046,0.136,13.1,0.75,2880,0,0,0,0
44.78,15,2,dining,0.019,0.045,29.9,0.88,1686,0,0,0,0
37.64,6,1,travel,0.212,0.165,0.6,1.11,1449,1,0,0,0
34.36,13,1,grocery,0.105,0.153,27.5,0.78,293,0,0,1,0
112.59,14,1,grocery,0.059,0.159,13.3,1.12,1025,0,0,0,0
98.52,4,1,health_beauty,0.114,0.486,3.3,1.04,2259,0,0,0,0
139.15,16,1,clothing,0.193,0.078,6.2,0.87,1107,0,1,0,0
82.88,20,1,grocery,0.037,0.182,18.4,1.4,2970,0,0,1,0
13.9,17,1,grocery,0.06,0.057,64.3,1.13,670,0,0,0,0
73.85,17,1,utilities,0.317,0.14,5.7,0.8,3374,0,0,0,0
284.78,18,1,grocery,0.168,0.113,1.4,1.25,2484,0,0,0,0
65.27,16,2,dining,0.019,0.054,4.3,0.98,2344,0,0,0,0
66.62,13,1,grocery,0.036,0.069,1.6,1.11,1309,0,0,1,0
37.16,8,1,health_beauty,0.165,0.15,0.2,1.02,799,1,0,0,0
66.31,10,1,utilities,0.122,0.01,34.4,1.2,2420,0,0,1,0
25.26,5,1,gas_transport,0.135,0.014,18.8,0.98,2056,0,0,1,0
109.24,7,2,grocery,0.089,0.025,13.6,1.62,1234,0,1,1,0
18.5,13,3,gas_transport,0.014,0.406,2.4,1.15,1082,0,1,1,0
14.5,17,3,grocery,0.045,0.01,1.4,1.2,1616,0,0,1,0
56.47,18,1,health_beauty,0.047,0.252,1.9,0.74,331,0,0,1,0
19.06,14,1,utilities,0.039,0.197,6.0,0.76,2868,0,0,0,0
38.83,11,4,grocery,0.246,0.118,15.9,1.24,707,0,0,0,0
15.57,11,1,grocery,0.094,0.257,9.2,0.65,1245,0,0,1,0
28.21,13,2,entertainment,0.29,0.059,13.4,0.99,394,0,0,0,0
31.85,14,1,grocery,0.232,0.197,29.2,1.33,2851,0,0,1,0
42.89,10,3,travel,0.023,0.181,5.8,1.08,1543,0,0,0,0
8.19,11,1,electronics,0.44,0.047,30.2,1.11,1853,0,0,0,0
150.97,16,3,retail,0.142,0.121,5.1,0.84,793,0,0,1,0
46.5,22,1,dining,0.133,0.117,3.7,1.33,487,0,0,1,0
32.63,16,1,gas_transport,0.21,0.429,13.0,1.02,2620,0,0,1,0
44.33,7,1,dining,0.044,0.469,45.9,0.97,565,0,1,0,0
2025.68,7,7,electronics,0.822,0.397,1432.0,6.57,220,3,0,1,1
62.47,13,5,gas_transport,0.084,0.063,2.4,0.77,799,0,0,1,0
82.59,6,2,entertainment,0.214,0.131,6.9,0.93,1148,0,0,1,0
70.59,12,4,dining,0.15,0.143,6.7,1.04,1456,0,0,0,0
39.47,6,2,dining,0.379,0.048,10.5,1.04,1664,0,0,1,0
283.2,9,4,health_beauty,0.068,0.166,8.5,1.37,2298,0,0,1,0
43.14,8,2,gas_transport,0.123,0.273,29.7,1.19,510,0,0,0,0
18.32,4,1,gas_transport,0.01,0.022,7.8,1.44,1897,0,0,0,0
7.58,13,2,dining,0.085,0.11,14.8,0.81,2181,0,0,1,0
47.33,11,1,entertainment,0.156,0.146,10.3,1.12,2668,0,0,0,0
75.12,14,2,entertainment,0.301,0.205,6.4,0.77,1666,0,0,0,0
60.2,11,2,electronics,0.172,0.224,2.6,1.0,344,0,0,0,0
101.92,9,2,grocery,0.03,0.179,2.5,0.93,1327,0,0,1,0
690.74,1,8,clothing,0.605,0.872,716.3,3.96,27,2,0,1,1
49.14,10,1,entertainment,0.174,0.244,2.5,1.11,717,0,0,1,0
613.14,0,17,grocery,0.683,0.628,59.9,4.55,470,2,1,1,1
31.0,10,2,health_beauty,0.2,0.153,8.6,1.43,2388,0,0,1,0
65.62,16,1,gas_transport,0.054,0.038,3.6,0.82,3500,0,0,1,0
23.24,15,3,clothing,0.133,0.323,7.5,1.09,181,0,0,1,0
18.12,9,1,health_beauty,0.159,0.293,11.7,1.03,723,0,0,1,0
3098.91,0,3,electronics,0.536,0.453,299.3,4.52,123,1,0,1,1
57.43,10,4,grocery,0.029,0.016,12.9,1.47,2600,0,0,0,0
71.96,8,1,electronics,0.333,0.121,3.6,1.41,1582,0,0,0,0
48.17,17,2,gas_transport,0.144,0.306,4.2,1.07,1864,0,0,0,0
55.38,18,2,electronics,0.181,0.12,2.1,0.87,3187,0,0,0,0
16.65,5,1,electronics,0.241,0.123,12.2,1.03,1458,0,0,1,0
25.4,6,1,dining,0.195,0.267,28.0,0.81,1675,0,0,0,0
57.19,10,1,dining,0.022,0.168,24.0,1.21,1650,0,0,0,0
170.91,15,2,travel,0.027,0.046,16.6,1.55,1145,0,0,1,0
239.05,13,1,dining,0.079,0.037,8.9,0.97,3074,0,0,1,0
63.92,5,1,dining,0.155,0.039,4.4,0.48,1158,0,0,1,0
7.01,22,3,grocery,0.01,0.033,17.7,0.79,786,0,0,0,0
44.42,11,2,electronics,0.182,0.197,9.7,1.1,1930,0,0,1,0
24.08,10,1,gas_transport,0.028,0.115,1.6,1.45,2280,0,0,0,0
136.13,21,1,gas_transport,0.055,0.36,0.9,1.1,2811,0,0,1,0
37.81,7,1,health_beauty,0.077,0.429,3.5,0.48,1720,0,0,1,0
47.53,9,1,utilities,0.115,0.162,36.4,1.0,771,0,1,0,0
20.25,9,2,electronics,0.069,0.098,50.3,0.57,904,0,0,1,0
26.25,13,1,gas_transport,0.146,0.081,0.6,0.91,1241,0,0,1,0
23.17,14,2,utilities,0.079,0.071,23.1,0.93,516,0,0,0,0
11.72,11,1,gas_transport,0.313,0.259,2.0,0.85,2093,0,0,1,0
91.89,19,6,dining,0.24,0.402,18.9,1.02,2691,0,0,1,0
55.85,8,1,travel,0.29,0.234,4.1,0.92,675,0,0,1,0
15.69,10,5,gas_transport,0.155,0.382,3.0,1.43,581,0,0,1,0
112.82,9,1,gas_transport,0.173,0.392,10.8,1.58,1632,0,0,1,0
135.73,13,2,dining,0.056,0.11,5.0,1.17,1330,0,0,0,0
82.52,13,1,clothing,0.053,0.041,4.1,0.63,3117,0,0,1,0
89.78,1,1,grocery,0.01,0.374,28.1,0.95,1125,0,0,0,0
26.24,10,2,grocery,0.01,0.422,5.8,1.15,2386,0,0,1,0
27.24,21,1,entertainment,0.146,0.041,0.3,1.16,1532,1,0,1,0
43.74,11,1,dining,0.107,0.046,4.7,1.17,2131,0,0,0,0
61.46,6,1,grocery,0.094,0.109,17.6,1.38,1212,0,0,1,0
597.31,9,6,travel,0.705,0.826,798.9,7.37,15,3,0,1,1
37.67,16,4,grocery,0.047,0.241,0.3,0.83,467,0,0,1,0
74.71,8,5,dining,0.034,0.105,6.9,1.03,2774,0,0,0,0
39.81,0,3,grocery,0.053,0.209,3.8,1.27,3352,0,0,0,0
11.08,9,2,grocery,0.158,0.118,3.9,0.85,2303,0,0,0,0
47.64,10,1,grocery,0.01,0.28,1.6,1.02,481,0,0,0,0
13.2,7,3,gas_transport,0.263,0.427,10.4,0.92,1640,0,0,1,0
12.04,12,1,health_beauty,0.306,0.113,11.7,1.12,2367,0,0,1,0
38.56,6,1,grocery,0.181,0.374,2.7,0.87,819,0,0,0,0
30.87,21,2,gas_transport,0.01,0.093,27.8,1.18,2267,0,0,1,0
65.96,11,3,entertainment,0.03,0.381,16.0,1.39,3418,0,0,1,0
80.96,12,4,grocery,0.331,0.098,1.3,1.2,1664,0,0,0,0
18.2,15,1,gas_transport,0.175,0.203,1.6,1.19,1945,0,0,1,0
43.25,9,2,grocery,0.053,0.066,6.9,0.69,1348,0,0,1,0
26.84,8,3,grocery,0.132,0.5,21.2,0.94,2467,0,0,0,0
26.65,17,1,retail,0.091,0.398,22.1,0.78,457,0,0,1,0
26.75,8,3,health_beauty,0.112,0.185,30.0,0.76,2424,0,0,1,0
108.81,5,1,clothing,0.202,0.188,10.5,1.54,1632,1,0,1,0
2540.81,10,3,travel,0.847,0.883,376.7,6.43,268,0,1,1,1
55.39,14,3,retail,0.064,0.082,2.1,1.0,3459,0,0,0,0
24.12,21,5,gas_transport,0.073,0.034,0.4,0.7,3287,0,0,1,0
107.09,22,1,clothing,0.08,0.044,3.3,0.64,3228,0,0,1,0
5.0,16,1,travel,0.132,0.049,0.2,1.33,3300,0,0,0,0
255.08,18,4,entertainment,0.885,0.528,112.9,3.44,303,3,1,1,1
47.75,5,1,gas_transport,0.024,0.073,6.1,0.84,3584,0,0,0,0
181.74,19,1,electronics,0.133,0.246,4.4,0.48,1584,0,0,1,0
151.18,16,2,dining,0.084,0.183,0.1,0.97,1047,0,0,0,0
40.39,23,1,health_beauty,0.125,0.289,0.4,0.9,186,0,0,0,0
33.97,13,1,dining,0.141,0.084,10.8,0.97,2867,0,0,0,0
43.8,14,1,health_beauty,0.45,0.08,0.1,0.28,1769,0,0,1,0
82.49,17,3,gas_transport,0.085,0.073,11.5,0.8,792,0,0,0,0
177.64,9,2,gas_transport,0.325,0.189,25.6,1.02,3139,0,0,0,0
41.47,13,4,grocery,0.211,0.385,13.3,0.89,1369,0,0,1,0
19.84,17,1,grocery,0.147,0.291,7.3,0.9,1765,0,0,1,0
31.66,19,2,dining,0.01,0.364,5.7,1.2,3564,0,0,0,0
11.38,10,1,travel,0.032,0.14,6.2,1.17,872,0,0,0,0
101.95,8,2,health_beauty,0.189,0.096,2.1,0.89,1490,0,0,0,0
118.89,11,2,electronics,0.064,0.11,9.5,1.2,1567,0,0,0,0
31.63,12,5,dining,0.091,0.316,18.6,1.41,521,0,0,1,0
20.52,15,2,gas_transport,0.134,0.139,72.6,1.09,2280,0,0,1,0
25.26,15,1,dining,0.095,0.243,18.9,1.23,306,0,0,1,0
52.31,8,1,retail,0.141,0.184,5.3,0.73,2586,0,0,1,0
125.1,11,1,grocery,0.122,0.282,27.5,1.17,3358,0,0,1,0
48.95,18,5,electronics,0.01,0.202,9.1,1.15,2402,0,0,0,0
1613.52,3,6,travel,0.743,0.504,176.3,5.43,35,1,1,0,1
88.25,16,3,travel,0.075,0.198,19.4,0.67,1289,0,0,0,0
139.17,11,5,dining,0.029,0.38,16.4,1.34,3383,0,0,0,0
20.24,10,2,grocery,0.082,0.035,0.7,1.05,3246,0,0,1,0
84.75,15,2,dining,0.016,0.277,3.7,0.55,2523,0,0,0,0
69.32,12,4,entertainment,0.138,0.15,25.5,0.34,805,0,0,0,0
46.38,12,2,clothing,0.091,0.098,4.2,0.75,345,0,0,1,0
94.72,17,1,gas_transport,0.024,0.126,3.7,0.47,1580,0,0,1,0
44.45,8,3,gas_transport,0.162,0.5,6.1,1.47,3093,0,0,0,0
27.57,19,1,dining,0.251,0.436,14.6,1.18,3100,0,0,1,0
14.93,9,3,clothing,0.052,0.066,17.4,1.49,1864,0,0,1,0
58.81,22,3,retail,0.043,0.486,6.8,1.18,1064,0,0,1,0
69.31,21,1,health_beauty,0.097,0.142,6.5,0.92,301,0,0,0,0
26.4,13,1,grocery,0.191,0.16,13.9,1.29,1680,0,0,1,0
49.1,16,1,clothing,0.143,0.203,13.9,0.55,2490,1,0,1,0
143.99,19,1,grocery,0.127,0.134,4.7,0.81,803,0,0,0,0
293.83,17,6,electronics,0.638,0.932,199.3,1.8,205,4,0,1,1
39.48,16,1,clothing,0.213,0.261,2.7,1.28,2180,0,0,1,0
28.25,14,2,gas_transport,0.037,0.129,3.1,0.93,2470,0,0,1,0
14.94,19,3,entertainment,0.061,0.251,12.6,1.09,1078,0,1,1,0
66.57,6,4,dining,0.01,0.343,8.4,0.4,3214,0,0,1,0
64.95,7,2,grocery,0.069,0.075,3.2,1.61,3379,0,0,1,0
66.97,4,1,grocery,0.194,0.491,16.5,0.87,1228,0,0,0,0
45.5,15,2,health_beauty,0.136,0.177,18.8,1.14,2126,0,0,1,0
41.03,9,3,dining,0.109,0.48,17.2,1.04,582,0,0,1,0
232.06,9,6,travel,0.871,0.885,50.5,7.72,98,3,1,1,1
46.07,15,4,health_beauty,0.162,0.085,12.0,0.74,1123,1,1,0,0
1232.16,20,7,electronics,0.653,0.557,117.9,4.3,302,0,0,1,1
177.78,18,3,dining,0.243,0.037,5.1,0.7,3196,0,0,0,0
83.83,16,3,dining,0.035,0.155,36.8,0.68,1425,0,0,1,0
60.56,0,1,health_beauty,0.01,0.305,7.8,0.94,3402,0,0,1,0
105.58,13,1,gas_transport,0.171,0.336,28.0,1.04,2914,0,0,1,0
174.81,10,1,travel,0.062,0.169,36.5,1.31,3126,0,0,1,0
10.49,11,1,grocery,0.281,0.288,12.1,0.89,2108,0,0,0,0
38.49,20,2,health_beauty,0.038,0.078,1.3,0.48,1475,0,1,0,0
36.97,7,2,utilities,0.03,0.013,14.5,0.9,1621,0,0,0,0
40.22,6,2,travel,0.12,0.103,5.0,1.31,1958,0,0,0,0
14.1,8,5,grocery,0.075,0.152,6.9,1.25,885,0,0,0,0
88.91,22,1,utilities,0.028,0.421,9.4,0.92,295,0,0,0,0
5.12,9,1,entertainment,0.094,0.266,47.9,1.07,688,0,0,1,0
9.12,9,1,entertainment,0.039,0.068,3.1,1.09,2104,0,0,1,0
86.86,14,4,clothing,0.083,0.328,0.8,0.8,1008,0,0,0,0
213.28,21,3,utilities,0.264,0.143,0.7,0.77,2869,0,0,1,0
25.6,9,3,clothing,0.158,0.422,1.7,0.96,416,0,0,0,0
13.26,12,4,clothing,0.207,0.043,13.3,0.63,2216,0,0,0,0
166.27,20,2,clothing,0.929,0.918,1053.5,5.34,135,2,1,1,1
26.53,8,6,dining,0.1,0.052,10.8,1.17,2423,0,0,1,0
14.02,8,2,clothing,0.203,0.126,7.2,1.17,3200,0,0,1,0
19.28,10,1,gas_transport,0.01,0.056,43.9,0.7,3004,0,0,1,0
98.48,18,4,grocery,0.046,0.093,21.8,0.89,3007,0,0,1,0
289.07,22,7,clothing,0.844,0.571,563.0,6.65,40,4,1,1,1
13.14,12,2,retail,0.174,0.127,5.8,0.94,2006,0,0,0,0
67.2,19,3,dining,0.123,0.244,7.7,1.12,1451,0,0,1,0
412.25,5,6,health_beauty,0.835,0.902,847.8,7.37,232,2,1,1,1
13.63,17,1,grocery,0.192,0.339,12.0,0.69,3314,0,0,1,0
67.26,12,2,gas_transport,0.248,0.023,9.4,1.22,1701,0,0,0,0
428.15,10,1,grocery,0.076,0.204,8.8,0.9,3250,0,0,0,0
30.18,13,1,clothing,0.374,0.222,4.5,0.57,3403,0,0,0,0
23.53,19,1,grocery,0.053,0.308,7.0,0.5,2264,0,0,1,0
137.22,12,1,dining,0.015,0.084,9.8,0.7,1689,0,0,1,0
3137.08,4,7,electronics,0.761,0.948,1500.7,3.32,38,4,1,1,1
100.07,16,1,utilities,0.01,0.094,14.4,0.86,197,0,0,0,0
98.06,11,1,grocery,0.113,0.066,12.0,0.78,2766,0,0,0,0
336.0,14,10,entertainment,0.975,0.468,419.2,6.62,798,3,1,1,1
67.23,7,4,clothing,0.226,0.273,0.9,0.78,2456,0,0,1,0
219.88,12,2,dining,0.057,0.193,2.8,1.16,2245,0,0,0,0
76.54,2,2,health_beauty,0.201,0.105,1.8,0.93,854,0,0,1,0
47.64,2,1,travel,0.175,0.034,5.8,1.13,1405,1,1,0,0
13.36,15,2,health_beauty,0.052,0.246,10.3,1.18,2057,0,0,1,0
33.58,18,1,clothing,0.051,0.324,10.2,0.75,2238,0,0,0,0
17.31,18,1,grocery,0.023,0.4,5.3,0.91,1529,0,0,0,0
45.23,7,3,health_beauty,0.083,0.125,5.3,0.84,2885,0,0,0,0
59.14,15,4,clothing,0.101,0.046,11.7,0.69,1337,0,0,0,0
14.3,9,2,electronics,0.074,0.237,29.2,1.16,3529,0,0,1,0
75.71,10,2,travel,0.041,0.09,9.8,1.28,2480,0,0,1,0
74.76,4,1,travel,0.01,0.463,0.4,1.1,927,0,0,0,0
182.05,12,1,retail,0.062,0.128,1.5,0.93,2833,0,0,0,0
72.63,14,2,travel,0.046,0.289,3.3,1.58,1735,0,0,1,0
37.25,11,1,dining,0.046,0.474,45.0,0.95,3457,0,0,0,0
23.27,19,3,grocery,0.056,0.442,8.3,0.91,1246,0,0,0,0
41.5,12,4,clothing,0.269,0.17,0.3,0.93,3180,0,0,0,0
16.17,9,2,electronics,0.094,0.203,1.9,1.05,342,0,0,0,0
390.72,2,9,travel,0.731,0.581,300.9,5.05,218,1,1,1,1
64.5,16,1,grocery,0.051,0.127,7.8,1.31,3589,0,0,0,0
106.57,9,1,dining,0.052,0.204,20.2,0.65,218,0,0,0,0
20.66,8,1,dining,0.043,0.121,3.4,0.85,2108,0,0,0,0
1924.66,2,5,electronics,0.951,0.866,428.3,6.24,31,2,0,1,1
60.78,21,3,entertainment,0.028,0.324,19.7,0.82,1386,0,0,1,0
52.09,9,5,electronics,0.093,0.217,16.2,0.89,1643,0,0,1,0
67.3,7,6,grocery,0.109,0.064,32.6,1.39,2245,0,0,1,0
33.08,11,2,dining,0.139,0.238,5.3,0.56,2264,0,0,0,0
30.88,15,1,clothing,0.231,0.058,11.7,1.0,3009,0,0,1,0
34.61,8,1,grocery,0.026,0.195,3.8,1.04,1830,0,0,0,0
135.77,16,1,gas_transport,0.01,0.5,1.2,0.98,1225,0,0,0,0
28.82,16,1,entertainment,0.105,0.088,9.1,1.12,1701,0,0,1,0
44.72,6,1,grocery,0.04,0.208,6.8,1.34,1351,1,0,0,0
57.45,11,1,dining,0.064,0.073,0.2,1.11,2654,0,0,1,0
18.72,13,1,clothing,0.132,0.252,22.6,1.32,2608,0,0,0,0
132.71,20,1,clothing,0.016,0.167,32.7,1.29,3401,0,0,0,0
22.51,14,1,grocery,0.033,0.042,5.8,1.02,2211,0,0,0,0
37.5,7,4,grocery,0.01,0.048,47.3,0.52,972,0,0,0,0
33.04,7,2,health_beauty,0.138,0.119,6.7,0.92,854,0,0,1,0
108.27,20,1,dining,0.01,0.207,11.6,1.43,1448,0,0,1,0
122.03,11,3,dining,0.444,0.013,5.6,1.08,1786,0,0,0,0
46.99,20,1,dining,0.427,0.063,12.5,1.23,1077,0,0,1,0
33.23,6,4,health_beauty,0.073,0.394,11.9,1.04,2277,0,0,1,0
28.07,12,4,travel,0.019,0.042,10.6,0.92,1420,2,0,0,0
117.7,18,4,dining,0.152,0.204,4.9,0.9,1577,0,0,1,0
5.0,22,1,dining,0.048,0.142,1.3,1.03,3051,0,0,1,0
13.42,20,3,health_beauty,0.102,0.359,32.9,0.69,334,1,0,1,0
25.75,12,1,retail,0.235,0.121,30.5,1.4,1027,0,0,1,0
186.77,23,1,clothing,0.052,0.128,7.4,0.89,2709,0,0,1,0
40.27,13,4,travel,0.421,0.145,0.8,1.13,2667,0,0,1,0
27.3,12,4,electronics,0.052,0.019,34.2,0.65,2690,0,0,0,0
26.38,9,4,dining,0.138,0.238,2.2,1.13,2331,0,0,0,0
52.83,12,1,dining,0.052,0.258,7.4,0.69,2328,0,0,1,0
8.65,12,1,electronics,0.179,0.349,10.5,1.43,2065,0,0,1,0
42.0,15,1,dining,0.021,0.131,10.2,1.13,2021,0,0,1,0
39.39,13,1,clothing,0.081,0.078,33.4,0.68,2743,0,1,1,0
9.53,5,1,electronics,0.159,0.109,11.4,1.03,2704,0,1,1,0
18.29,11,1,utilities,0.013,0.038,25.2,1.28,1424,0,0,0,0
47.85,10,1,utilities,0.375,0.276,26.1,1.35,2210,0,0,1,0
9.18,19,2,grocery,0.042,0.134,9.1,1.63,2682,0,0,1,0
32.01,14,1,dining,0.046,0.393,11.1,0.97,2398,0,0,0,0
127.6,18,3,clothing,0.084,0.143,1.1,0.43,2350,0,0,0,0
90.45,6,1,gas_transport,0.018,0.225,15.7,0.75,753,0,0,1,0
36.64,9,1,electronics,0.319,0.063,4.3,0.85,3589,0,0,0,0
22.39,14,1,dining,0.045,0.396,13.0,0.89,1448,0,0,1,0
83.65,17,2,grocery,0.15,0.195,4.3,0.48,931,0,0,1,0
13.7,12,3,gas_transport,0.102,0.316,10.1,0.26,2272,0,0,1,0
68.55,16,1,grocery,0.154,0.13,11.7,1.23,2501,0,0,0,0
20.63,12,2,clothing,0.03,0.103,6.7,0.71,1396,0,0,0,0
26.36,10,5,entertainment,0.125,0.213,2.3,0.79,1373,0,0,1,0
46.85,6,1,health_beauty,0.086,0.069,13.3,1.17,1364,0,0,0,0
25.82,12,1,grocery,0.45,0.151,7.8,0.7,2467,0,0,0,0
147.37,11,3,entertainment,0.021,0.396,20.6,1.05,1807,0,0,0,0
68.46,20,3,electronics,0.062,0.285,20.5,0.94,2242,0,1,1,0
56.38,14,3,gas_transport,0.022,0.145,30.3,0.48,202,0,0,0,0
40.62,14,3,entertainment,0.02,0.199,3.6,0.69,1646,0,0,0,0
13.43,11,1,clothing,0.041,0.078,11.8,1.11,1344,0,0,1,0
5.0,14,1,grocery,0.033,0.201,6.2,0.76,1895,0,0,1,0
25.68,16,3,gas_transport,0.208,0.484,18.0,1.13,3079,0,0,1,0
14.39,9,1,dining,0.166,0.359,39.5,0.54,1395,0,0,0,0
85.05,12,1,grocery,0.032,0.299,5.0,0.74,2561,0,0,1,0
65.18,11,1,grocery,0.277,0.053,3.0,0.72,2684,0,0,1,0
290.11,12,2,gas_transport,0.079,0.079,8.1,0.87,2434,0,0,1,0
5.8,8,3,dining,0.193,0.197,10.2,0.99,3210,0,0,0,0
44.21,12,4,gas_transport,0.137,0.189,26.0,0.63,867,0,0,1,0
28.09,19,4,grocery,0.246,0.111,4.3,0.83,3303,0,0,0,0
27.63,8,2,retail,0.097,0.192,11.3,0.88,1704,0,0,0,0
105.08,6,1,grocery,0.381,0.12,6.6,1.06,210,0,0,1,0
73.11,13,4,gas_transport,0.238,0.116,21.5,1.2,343,0,0,0,0
91.72,17,2,clothing,0.031,0.108,8.5,1.05,2387,0,0,1,0
14.58,9,2,dining,0.039,0.08,6.8,0.85,2615,0,0,1,0
31.79,10,1,retail,0.011,0.5,1.7,1.24,215,0,0,1,0
88.93,13,2,dining,0.09,0.022,19.4,1.31,1054,0,0,1,0
27.83,16,2,electronics,0.247,0.237,0.2,1.2,2408,0,0,1,0
53.34,8,1,gas_transport,0.048,0.274,4.0,0.94,2923,0,0,0,0
11.7,14,1,electronics,0.187,0.158,18.3,1.23,2673,0,0,1,0
24.04,23,1,travel,0.137,0.097,0.4,1.04,332,0,0,1,0
45.3,9,1,retail,0.15,0.17,7.3,1.22,1683,0,0,0,0
52.23,23,4,dining,0.057,0.088,13.6,0.7,649,0,0,0,0
113.36,14,1,gas_transport,0.084,0.122,7.8,1.28,2473,0,0,1,0
57.26,14,2,clothing,0.072,0.043,0.2,0.78,2732,0,0,1,0
116.26,15,1,retail,0.025,0.026,0.6,1.48,1971,0,0,0,0
20.79,14,3,travel,0.01,0.113,9.9,0.85,2224,0,0,0,0
131.27,9,1,gas_transport,0.039,0.5,12.8,1.38,2819,0,0,1,0
1032.59,1,9,travel,0.876,0.893,505.1,6.62,387,1,1,1,1
87.38,1,1,gas_transport,0.252,0.108,1.6,1.23,1014,0,0,0,0
14.91,11,2,dining,0.055,0.125,1.6,0.91,819,0,0,1,0
51.9,7,2,travel,0.012,0.267,1.3,1.1,2722,1,0,0,0
43.02,11,2,grocery,0.094,0.182,13.8,1.12,412,0,0,1,0
92.13,13,1,gas_transport,0.02,0.392,1.1,1.09,759,0,0,0,0
125.98,19,1,dining,0.272,0.157,26.1,0.97,3590,0,0,1,0
249.3,14,1,gas_transport,0.236,0.066,33.3,1.22,580,0,0,1,0
7.37,13,3,clothing,0.171,0.145,11.8,0.72,3592,0,0,0,0
64.53,11,1,grocery,0.01,0.219,11.3,0.99,735,0,0,0,0
27.92,8,1,travel,0.121,0.042,0.4,0.44,3503,0,0,1,0
5.0,8,1,gas_transport,0.174,0.119,1.1,1.24,2097,0,0,0,0
62.07,12,1,grocery,0.062,0.085,2.4,1.02,1584,0,0,0,0
125.37,16,4,dining,0.065,0.045,39.9,1.06,3437,1,0,0,0
74.47,16,1,entertainment,0.078,0.171,1.5,1.1,1560,0,0,1,0
409.4,12,4,travel,0.072,0.233,18.5,0.75,1300,0,0,0,0
60.45,9,1,dining,0.024,0.254,3.2,1.14,806,0,0,1,0
23.57,8,2,grocery,0.178,0.132,3.5,1.04,2868,0,0,1,0
172.66,0,1,dining,0.293,0.237,17.7,0.97,3477,0,0,0,0
52.22,21,1,grocery,0.022,0.404,8.7,0.9,3344,0,0,1,0
43.35,18,2,electronics,0.105,0.026,27.2,1.27,2974,0,0,0,0
40.95,1,4,grocery,0.304,0.075,1.3,0.64,2103,0,0,0,0
19.79,9,3,health_beauty,0.073,0.061,13.7,0.95,2476,0,0,1,0
63.49,8,2,gas_transport,0.037,0.267,33.2,1.36,1826,0,0,0,0
55.77,5,1,grocery,0.247,0.227,13.3,0.9,3214,0,1,1,0
809.35,4,5,travel,0.863,0.839,1068.5,4.0,279,4,1,1,1
24.19,8,4,clothing,0.034,0.175,18.8,1.25,3547,0,0,1,0
38.17,13,1,dining,0.155,0.5,12.3,0.94,3191,0,0,1,0
36.91,10,1,grocery,0.35,0.05,7.7,1.49,1590,0,0,0,0
484.92,14,7,travel,0.893,0.514,4542.4,4.61,137,2,1,1,1
32.46,6,1,retail,0.178,0.1,18.8,0.72,2026,0,0,0,0
19.85,18,2,travel,0.096,0.213,1.0,1.72,2363,0,0,0,0
90.99,17,3,clothing,0.111,0.015,1.5,1.02,2849,0,1,1,0
15.84,12,1,grocery,0.201,0.062,2.6,0.39,1057,0,0,0,0
54.55,9,1,entertainment,0.147,0.126,10.0,0.82,974,0,1,1,0
89.83,7,1,gas_transport,0.021,0.063,16.6,1.1,1576,0,0,1,0
136.84,15,2,clothing,0.034,0.037,11.4,0.76,1478,0,0,1,0
35.61,8,1,electronics,0.03,0.14,14.2,0.77,1154,0,0,1,0
91.12,14,2,dining,0.09,0.343,0.9,1.58,2435,1,0,1,0
216.36,4,9,travel,0.765,0.635,139.4,4.28,204,1,0,1,1
24.95,12,3,gas_transport,0.056,0.354,3.6,0.5,1094,0,0,0,0
29.54,12,2,dining,0.01,0.169,7.7,0.91,3395,0,1,1,0
51.2,19,4,grocery,0.147,0.078,2.0,1.08,2790,0,0,1,0
54.76,7,1,dining,0.386,0.067,29.9,0.64,262,0,0,1,0
56.88,9,3,gas_transport,0.072,0.104,1.7,1.03,2444,1,0,0,0
27.0,19,3,health_beauty,0.047,0.217,7.7,0.79,728,0,0,0,0
23.02,17,4,gas_transport,0.242,0.199,28.8,1.15,1458,1,0,0,0
58.5,12,3,dining,0.102,0.126,43.7,0.67,728,0,0,0,0
78.19,12,6,grocery,0.081,0.01,0.8,0.88,3581,0,0,1,0
85.65,7,2,electronics,0.175,0.152,3.4,1.24,2149,0,0,0,0
25.07,7,2,clothing,0.243,0.089,1.6,1.23,3348,0,0,1,0
51.73,18,2,dining,0.121,0.4,7.6,0.91,900,0,0,0,0
46.9,10,2,utilities,0.061,0.389,21.1,0.5,434,0,0,1,0
79.71,17,3,dining,0.01,0.028,14.7,1.2,2005,0,0,1,0
406.56,10,1,grocery,0.084,0.072,24.0,0.86,2357,0,0,0,0
25.76,18,3,health_beauty,0.116,0.185,6.2,1.06,420,0,0,0,0
97.63,15,1,electronics,0.095,0.096,4.7,1.3,389,0,0,0,0
58.16,17,2,entertainment,0.176,0.371,13.2,1.12,3592,0,0,1,0
71.81,7,1,entertainment,0.173,0.421,34.0,1.14,995,0,0,1,0
175.85,16,2,clothing,0.015,0.274,11.8,1.14,3297,0,0,0,0
176.4,22,9,travel,0.874,0.759,338.4,1.8,363,2,0,0,1
63.32,10,1,grocery,0.104,0.447,2.8,0.61,1215,0,0,0,0
15.5,9,1,dining,0.071,0.221,1.2,1.25,232,0,0,1,0
38.93,14,1,clothing,0.165,0.072,7.9,1.16,1219,0,1,0,0
42.12,10,1,grocery,0.138,0.417,18.7,1.31,2054,0,0,1,0
89.26,8,2,gas_transport,0.01,0.202,2.8,0.84,1537,0,0,1,0
73.29,7,4,travel,0.156,0.347,9.8,1.26,2011,0,0,0,0
37.36,5,3,grocery,0.255,0.42,3.1,1.02,1958,0,0,1,0
66.95,12,2,grocery,0.252,0.137,26.0,1.07,625,0,0,1,0
216.6,13,1,dining,0.098,0.062,6.2,1.1,2530,0,0,0,0
19.11,11,1,dining,0.179,0.284,13.6,1.53,2640,0,0,1,0
46.83,14,1,travel,0.057,0.223,2.2,0.42,3332,1,0,0,0
15.34,10,1,utilities,0.21,0.317,5.1,0.82,3143,0,0,0,0
109.94,20,4,utilities,0.101,0.176,15.4,0.75,2825,0,0,0,0
15.63,12,2,clothing,0.4,0.098,2.5,0.97,3410,0,0,1,0
215.94,14,3,electronics,0.33,0.103,15.5,0.99,1505,0,0,0,0
67.02,11,1,grocery,0.015,0.278,20.6,0.95,2414,0,0,0,0
73.16,10,1,grocery,0.079,0.097,30.0,0.87,3434,0,0,0,0
90.83,5,2,clothing,0.086,0.143,3.4,1.25,1537,0,0,1,0
44.76,9,1,grocery,0.021,0.428,11.3,0.75,2561,0,0,1,0
58.58,15,1,utilities,0.058,0.281,19.4,0.83,1555,0,0,1,0
75.39,15,1,travel,0.283,0.231,7.9,0.85,3422,0,0,0,0
63.22,15,1,clothing,0.059,0.251,6.4,1.23,1267,0,0,0,0
57.33,15,2,clothing,0.148,0.123,26.2,1.19,962,0,0,0,0
64.23,17,1,clothing,0.029,0.172,19.4,1.02,2448,0,0,1,0
698.39,23,7,travel,0.856,0.598,474.7,1.8,179,0,1,1,1
146.5,3,6,travel,0.849,0.772,612.5,8.16,6,2,1,1,1
9.46,11,1,grocery,0.091,0.184,19.2,0.38,713,0,0,0,0
38.15,18,4,gas_transport,0.236,0.167,7.7,0.92,1593,0,0,1,0
10.72,5,1,travel,0.103,0.297,32.3,1.11,677,1,0,1,0
35.44,16,1,health_beauty,0.011,0.231,21.3,0.97,831,0,0,0,0
32.76,14,3,dining,0.129,0.061,1.4,0.84,745,0,0,1,0
46.68,8,1,health_beauty,0.27,0.288,6.2,0.95,1381,0,0,1,0
30.29,8,4,health_beauty,0.291,0.029,9.3,1.02,824,0,0,0,0
42.55,14,4,grocery,0.073,0.119,26.6,0.71,574,0,0,1,0
127.66,17,2,dining,0.152,0.362,15.4,0.82,3462,0,0,0,0
152.56,2,5,gas_transport,0.023,0.268,0.8,1.16,2968,0,0,1,0
67.39,10,1,grocery,0.04,0.129,3.3,0.9,1931,0,0,0,0
23.77,13,1,utilities,0.17,0.2,8.9,0.33,2055,0,0,1,0
85.85,9,1,entertainment,0.01,0.01,16.8,1.14,563,0,0,1,0
16.92,9,3,dining,0.071,0.032,0.2,1.19,1069,0,0,1,0
4800.0,17,8,clothing,0.807,0.783,1680.1,10.46,335,1,0,1,1
21.71,11,1,gas_transport,0.062,0.299,9.0,0.91,1001,0,0,1,0
56.96,5,2,grocery,0.16,0.1,9.7,0.7,2272,0,0,0,0
19.77,18,3,electronics,0.215,0.046,7.7,1.21,1601,0,0,1,0
20.84,15,1,health_beauty,0.031,0.14,20.0,0.66,1031,0,0,1,0
96.19,9,1,clothing,0.101,0.129,22.3,1.29,2928,0,0,1,0
35.19,13,1,electronics,0.063,0.055,2.2,0.91,2563,1,0,0,0
57.15,9,1,retail,0.14,0.103,7.1,0.69,3161,0,0,0,0
19.21,13,4,dining,0.319,0.254,6.5,1.25,482,0,0,0,0
24.82,9,1,utilities,0.296,0.293,1.7,0.66,1270,0,0,0,0
27.38,16,5,grocery,0.014,0.033,10.0,0.78,619,0,0,1,0
47.76,13,1,gas_transport,0.014,0.168,6.4,1.18,1253,0,1,0,0
44.27,11,2,utilities,0.266,0.269,3.2,0.62,2033,0,0,0,0
42.65,17,3,grocery,0.047,0.218,10.8,0.72,3402,0,0,0,0
130.51,19,2,retail,0.198,0.075,1.6,1.2,1495,0,0,1,0
52.69,12,3,gas_transport,0.354,0.082,2.4,0.69,3369,0,0,1,0
44.52,9,1,grocery,0.122,0.209,10.2,1.34,1816,0,0,1,0
66.58,13,3,grocery,0.228,0.293,6.4,0.85,2897,0,0,1,0
29.53,14,1,grocery,0.256,0.056,4.9,1.46,1308,0,0,1,0
9.23,10,2,travel,0.043,0.191,10.9,0.59,568,0,0,0,0
147.94,20,2,dining,0.112,0.085,11.6,0.67,3127,0,0,0,0
73.79,19,1,dining,0.037,0.349,7.2,1.45,3498,0,0,1,0
25.04,8,1,grocery,0.228,0.117,7.9,0.93,1517,1,0,0,0
10.86,11,3,grocery,0.263,0.224,9.2,1.05,1014,0,0,0,0
35.04,7,1,gas_transport,0.083,0.222,0.7,0.97,196,2,0,1,0
120.0,4,9,electronics,0.648,0.781,53.4,4.29,10,1,0,1,1
48.2,19,1,utilities,0.273,0.068,15.7,0.65,927,0,0,1,0
27.02,6,1,electronics,0.354,0.118,1.8,1.17,1523,0,0,1,0
357.47,9,1,gas_transport,0.361,0.067,2.9,0.76,3523,0,0,0,0
133.37,8,1,grocery,0.059,0.04,9.7,0.95,2373,0,0,0,0
126.8,14,2,grocery,0.297,0.097,26.1,0.78,3392,0,0,1,0
32.5,16,3,dining,0.018,0.227,2.1,1.28,643,0,0,0,0
101.34,7,2,grocery,0.047,0.033,5.0,0.98,3519,0,0,0,0
16.94,15,1,gas_transport,0.089,0.033,16.8,1.03,443,0,1,0,0
35.02,15,2,grocery,0.184,0.269,0.2,1.04,1577,0,0,0,0
355.15,3,16,travel,0.868,0.732,1116.0,7.81,116,1,1,0,1
51.09,1,4,utilities,0.218,0.071,0.6,1.28,3223,0,0,1,0
156.91,13,3,gas_transport,0.146,0.145,1.7,1.58,2491,0,0,1,0
43.55,16,1,gas_transport,0.197,0.178,4.6,0.75,2856,0,0,1,0
48.17,15,1,health_beauty,0.044,0.415,2.7,1.39,2678,0,0,0,0
74.59,9,3,dining,0.159,0.041,9.2,1.13,3354,0,0,0,0
36.42,6,1,gas_transport,0.128,0.181,18.9,1.1,1615,0,0,0,0
26.84,17,2,gas_transport,0.063,0.073,3.7,0.47,1962,0,0,0,0
8.85,15,1,electronics,0.264,0.226,11.6,0.2,459,0,0,1,0
34.48,14,1,grocery,0.116,0.286,37.4,1.33,2516,0,0,0,0
33.13,13,1,clothing,0.015,0.266,2.3,0.74,3201,0,0,1,0
17.85,6,2,dining,0.231,0.18,3.3,0.94,3093,0,0,1,0
22.75,11,2,gas_transport,0.01,0.134,6.1,1.6,2661,0,0,1,0
12.85,3,2,dining,0.055,0.063,12.1,1.7,1037,0,0,0,0
106.88,9,2,grocery,0.198,0.154,4.1,1.39,1977,0,0,1,0
166.08,11,2,utilities,0.01,0.08,8.1,1.22,2625,0,0,1,0
113.58,19,2,health_beauty,0.203,0.161,7.5,1.11,1388,1,0,1,0
73.74,14,2,travel,0.066,0.034,7.6,0.9,2481,0,0,1,0
142.29,19,1,health_beauty,0.065,0.305,7.8,0.79,1693,0,0,1,0
32.84,16,1,gas_transport,0.144,0.067,0.4,0.86,1275,0,0,0,0
45.89,15,2,grocery,0.015,0.295,0.5,0.95,2561,0,0,1,0
67.94,14,1,electronics,0.063,0.254,11.8,0.84,2560,0,0,1,0
19.09,7,2,clothing,0.303,0.019,23.9,0.81,2847,0,0,1,0
34.14,19,1,grocery,0.262,0.254,1.9,1.09,2867,0,0,0,0
30.29,9,1,utilities,0.021,0.052,4.3,1.09,1284,0,0,1,0
221.38,19,7,electronics,0.684,0.789,353.9,7.62,123,2,0,1,1
37.57,12,2,gas_transport,0.036,0.179,8.6,1.21,1441,0,0,0,0
8.17,17,2,dining,0.153,0.162,10.3,1.39,2892,0,0,0,0
65.38,19,3,clothing,0.01,0.085,2.7,1.14,1016,0,1,0,0
33.49,12,2,grocery,0.077,0.325,0.9,1.22,985,0,0,0,0
85.51,11,2,entertainment,0.058,0.434,14.8,1.04,1122,0,0,1,0
34.37,12,1,gas_transport,0.095,0.13,5.1,0.71,523,0,0,0,0
49.23,9,2,grocery,0.012,0.236,18.7,0.87,3179,0,0,0,0
25.54,12,2,grocery,0.45,0.195,5.1,0.97,1323,0,0,0,0
34.2,12,4,health_beauty,0.038,0.268,12.6,0.88,1578,0,0,0,0
61.58,3,6,travel,0.068,0.449,15.3,0.93,3453,0,0,1,0
29.77,16,4,health_beauty,0.228,0.15,10.1,0.97,3379,0,0,1,0
60.71,17,2,utilities,0.172,0.188,2.8,1.14,474,0,0,1,0
44.28,9,1,electronics,0.126,0.108,17.9,1.02,612,0,0,1,0
18.16,16,1,health_beauty,0.124,0.038,1.3,0.95,939,0,1,1,0
53.27,9,1,entertainment,0.251,0.064,36.0,1.32,1505,0,0,1,0
15.01,9,1,grocery,0.182,0.169,4.8,1.75,1213,2,0,0,0
52.36,20,2,dining,0.202,0.12,2.0,1.56,503,0,0,0,0
153.55,9,1,travel,0.01,0.24,18.5,0.91,3582,0,0,0,0
120.17,9,7,dining,0.099,0.121,18.1,0.55,2539,0,0,1,0
104.37,8,2,gas_transport,0.256,0.195,1.2,0.78,3267,0,0,1,0
25.66,21,1,dining,0.222,0.095,1.7,0.49,1099,0,0,1,0
80.94,15,1,gas_transport,0.051,0.141,0.2,0.59,3186,0,0,1,0
50.69,6,1,utilities,0.015,0.088,1.7,1.13,2097,0,0,0,0
45.9,7,3,gas_transport,0.107,0.116,16.3,1.45,1565,0,0,1,0
7.55,16,2,utilities,0.127,0.041,4.9,1.21,3199,0,0,1,0
57.16,9,1,health_beauty,0.058,0.125,1.4,1.74,1808,0,0,1,0
17.56,11,3,health_beauty,0.153,0.201,29.3,1.42,2543,0,0,0,0
73.32,21,1,grocery,0.278,0.329,28.7,0.61,800,0,1,0,0
40.59,8,3,clothing,0.01,0.074,5.9,0.77,477,0,0,1,0
103.93,10,1,clothing,0.122,0.011,38.1,1.48,2010,0,0,1,0
117.11,19,5,gas_transport,0.226,0.473,2.4,0.93,3418,0,0,0,0
118.8,17,2,dining,0.074,0.164,25.8,0.64,1075,0,0,1,0
45.34,5,2,dining,0.016,0.408,16.1,0.77,2570,0,0,0,0
100.08,17,2,clothing,0.096,0.031,6.9,0.85,1207,0,0,0,0
145.7,9,2,electronics,0.115,0.2,8.6,1.13,2002,0,0,1,0
93.2,11,1,gas_transport,0.172,0.189,0.4,0.89,2148,0,0,0,0
51.34,15,1,dining,0.257,0.177,16.1,0.68,1830,2,0,1,0
35.93,7,3,dining,0.114,0.261,4.5,1.08,2374,0,0,0,0
104.34,19,3,gas_transport,0.073,0.177,2.8,1.12,229,0,0,0,0
60.7,8,3,dining,0.206,0.179,1.9,1.16,2581,0,0,1,0
5.0,16,1,retail,0.084,0.236,2.2,0.68,3564,0,0,0,0
23.31,11,4,grocery,0.068,0.376,8.1,0.88,267,0,0,0,0
12.27,11,1,clothing,0.034,0.234,14.4,0.46,1290,0,0,0,0
24.58,10,2,health_beauty,0.03,0.255,0.4,0.28,3217,0,0,0,0
87.66,7,1,utilities,0.01,0.126,7.9,0.75,1946,0,0,1,0
45.51,16,3,utilities,0.027,0.102,2.1,1.42,2713,0,0,0,0
38.23,15,3,gas_transport,0.144,0.355,5.0,0.83,2597,0,0,1,0
37.83,15,1,entertainment,0.015,0.037,9.8,0.75,1823,0,0,1,0
26.03,4,4,gas_transport,0.096,0.292,13.2,1.23,1524,0,0,0,0
48.31,9,1,dining,0.316,0.332,17.7,1.22,2506,0,1,0,0
67.55,19,4,health_beauty,0.083,0.089,1.3,1.01,2272,0,0,1,0
175.8,11,2,gas_transport,0.304,0.5,21.8,0.96,1037,0,0,1,0
120.0,4,6,retail,0.81,0.505,410.4,10.42,138,2,1,1,1
26.41,12,3,dining,0.014,0.211,3.3,1.15,1567,0,0,0,0
29.97,17,1,dining,0.097,0.037,11.6,0.85,1786,0,0,0,0
72.13,18,2,utilities,0.153,0.218,7.0,1.27,267,0,0,1,0
275.11,19,1,gas_transport,0.27,0.208,9.9,1.33,2542,0,0,1,0
65.63,14,1,entertainment,0.082,0.064,15.7,1.28,779,1,0,1,0
110.96,18,5,dining,0.056,0.316,17.7,1.05,2889,0,1,0,0
57.57,23,3,dining,0.028,0.146,19.4,1.48,2539,0,1,1,0
27.02,10,1,grocery,0.218,0.17,19.9,0.74,724,0,0,0,0
66.97,9,1,dining,0.07,0.013,1.5,1.4,300,0,0,0,0
28.58,18,2,gas_transport,0.085,0.231,46.5,0.81,551,0,0,1,0
17.11,8,3,dining,0.45,0.095,3.5,1.06,531,0,0,0,0
73.48,21,2,health_beauty,0.157,0.329,0.5,1.39,1636,0,1,1,0
12.84,8,3,electronics,0.095,0.425,14.6,0.53,506,0,0,0,0
51.82,12,4,clothing,0.018,0.126,2.7,1.29,2849,0,0,0,0
61.21,14,2,electronics,0.316,0.354,8.3,0.38,1935,0,0,1,0
28.92,7,2,gas_transport,0.23,0.316,3.1,0.44,201,0,0,1,0
108.87,9,1,gas_transport,0.113,0.215,32.3,1.21,1286,2,0,1,0
60.46,14,4,retail,0.054,0.037,15.3,1.03,2526,0,0,0,0
29.88,13,1,grocery,0.162,0.203,2.3,1.1,2798,0,0,1,0
279.43,15,2,grocery,0.101,0.099,10.1,0.82,792,0,0,1,0
35.97,6,3,utilities,0.022,0.018,3.1,1.27,2852,0,0,0,0
242.55,19,11,utilities,0.793,0.57,1293.9,5.4,203,2,1,1,1
85.43,17,2,retail,0.085,0.125,19.1,0.52,1803,0,0,1,0
71.57,15,1,dining,0.037,0.037,4.2,1.07,2480,0,0,0,0
44.62,13,1,dining,0.018,0.246,11.2,1.56,2537,0,0,0,0
24.36,12,1,dining,0.101,0.5,1.2,1.09,1146,0,0,0,0
48.52,10,2,dining,0.01,0.175,9.8,0.94,324,0,0,0,0
82.03,14,1,dining,0.111,0.044,24.1,1.29,1444,0,0,0,0
198.38,12,2,grocery,0.227,0.391,14.1,1.06,2861,0,0,1,0
10.52,11,2,grocery,0.061,0.105,1.5,0.9,3160,0,0,1,0
91.11,6,1,clothing,0.135,0.35,1.4,1.05,2270,0,0,1,0
120.0,14,7,electronics,0.843,0.8,305.1,6.03,129,3,1,1,1
55.05,13,2,grocery,0.378,0.125,18.1,0.74,2842,0,0,1,0
29.71,8,2,grocery,0.257,0.211,55.0,0.85,1468,0,0,0,0
53.23,10,3,dining,0.119,0.094,10.7,1.01,2415,0,1,0,0
45.02,8,1,dining,0.426,0.204,9.7,1.09,3501,0,0,0,0
73.2,17,4,dining,0.119,0.084,3.5,1.52,335,0,0,1,0
30.1,15,3,dining,0.113,0.068,7.4,0.58,441,0,0,1,0
27.39,14,1,entertainment,0.033,0.338,11.2,0.85,554,0,0,0,0
63.11,9,1,dining,0.032,0.183,46.0,1.09,389,0,0,1,0
85.99,22,1,gas_transport,0.085,0.045,0.3,0.68,658,0,0,1,0
61.52,6,2,gas_transport,0.041,0.19,8.8,0.9,1903,1,0,1,0
38.98,16,3,dining,0.01,0.325,16.0,0.93,2537,0,0,1,0
15.6,21,2,grocery,0.157,0.119,2.8,0.97,2625,0,0,0,0
29.6,11,2,grocery,0.208,0.033,5.4,0.72,238,0,0,0,0
58.44,20,2,clothing,0.109,0.112,0.8,0.48,2292,0,0,0,0
201.33,21,1,grocery,0.01,0.012,2.4,1.02,939,0,0,1,0
113.01,10,1,dining,0.341,0.058,20.4,1.44,1327,0,0,0,0
16.94,17,2,dining,0.154,0.056,9.9,1.98,2488,0,0,0,0
135.94,12,4,gas_transport,0.061,0.208,6.3,1.09,1692,0,0,1,0
50.12,16,4,gas_transport,0.208,0.188,5.2,1.54,223,0,0,1,0
161.82,14,2,entertainment,0.227,0.25,0.3,1.39,3449,0,0,0,0
62.18,6,1,dining,0.074,0.081,40.1,0.61,1307,1,0,1,0
120.0,3,5,electronics,0.64,0.82,201.8,8.53,124,4,1,1,1
13.7,12,1,utilities,0.097,0.076,0.1,1.07,183,0,0,1,0
24.09,8,3,utilities,0.212,0.168,9.3,1.84,629,0,0,0,0
767.28,4,3,electronics,0.81,0.788,606.7,6.46,140,3,1,1,1
6.73,12,1,gas_transport,0.032,0.235,3.8,1.38,1738,0,0,0,0
42.42,21,2,gas_transport,0.114,0.19,11.0,1.11,357,1,0,1,0
34.15,10,2,grocery,0.447,0.035,76.8,0.71,2655,0,0,0,0
36.34,15,1,health_beauty,0.165,0.052,13.6,0.71,691,0,0,1,0
125.53,14,1,grocery,0.027,0.283,3.0,1.32,2202,0,0,0,0
121.39,22,6,entertainment,0.781,0.978,550.3,7.02,138,2,0,1,1
22.68,16,1,gas_transport,0.026,0.18,2.7,1.33,2397,0,0,1,0
46.24,14,3,gas_transport,0.01,0.046,10.7,0.55,3323,0,0,1,0
207.45,9,1,entertainment,0.077,0.395,5.3,1.03,2923,0,0,1,0
42.32,10,3,clothing,0.09,0.084,10.0,0.95,408,0,0,1,0
47.81,3,3,dining,0.206,0.174,1.7,1.34,1162,0,1,1,0
41.45,17,4,grocery,0.013,0.097,29.1,1.09,962,1,0,0,0
64.39,14,3,grocery,0.051,0.054,0.3,1.42,1365,0,0,1,0
131.85,11,1,travel,0.288,0.438,26.4,0.96,700,0,0,0,0
14.0,17,1,dining,0.172,0.282,47.5,1.01,3517,0,0,0,0
556.49,3,1,grocery,0.234,0.29,13.3,0.79,1257,0,0,1,0
69.28,12,1,electronics,0.074,0.276,10.8,1.17,954,0,0,1,0
31.72,16,2,gas_transport,0.113,0.37,24.5,0.87,1837,0,0,0,0
99.17,12,2,grocery,0.073,0.159,13.6,0.74,2184,0,0,0,0
9.93,13,3,retail,0.211,0.112,15.9,1.43,988,0,0,1,0
135.69,16,3,grocery,0.383,0.194,27.6,0.2,1599,0,0,0,0
20.5,13,1,travel,0.19,0.218,3.6,1.45,1785,0,0,0,0
40.68,10,3,grocery,0.031,0.136,19.8,1.28,2457,0,0,1,0
14.23,15,2,health_beauty,0.01,0.021,2.4,1.35,3319,0,0,0,0
51.23,9,2,gas_transport,0.105,0.245,6.0,0.54,447,0,0,0,0
38.78,8,2,clothing,0.192,0.1,7.4,1.31,3528,0,0,1,0
80.11,7,3,grocery,0.07,0.373,2.4,1.38,1279,0,1,1,0
17.56,14,1,dining,0.158,0.051,28.1,1.35,1534,1,0,0,0
87.07,21,2,dining,0.127,0.201,2.2,0.93,1496,0,0,0,0
21.4,9,1,grocery,0.015,0.113,20.1,0.71,3153,0,0,0,0
27.96,12,1,utilities,0.045,0.438,12.3,1.49,1513,0,0,0,0
40.51,18,3,grocery,0.178,0.225,10.5,0.27,2952,0,0,1,0
26.11,9,1,grocery,0.182,0.025,9.5,1.44,671,0,1,1,0
135.35,16,3,grocery,0.109,0.067,48.5,1.17,2448,0,0,0,0
124.84,22,2,retail,0.226,0.102,0.8,1.4,2364,0,0,1,0
35.91,14,1,travel,0.01,0.024,7.5,0.87,2558,0,0,1,0
17.47,14,1,travel,0.116,0.067,8.7,0.51,1131,0,0,1,0
130.63,13,1,travel,0.332,0.358,22.8,1.13,789,0,0,1,0
38.09,19,1,retail,0.221,0.077,0.9,0.51,2012,0,0,1,0
52.19,11,2,health_beauty,0.071,0.152,32.8,0.45,1084,0,0,1,0
11.65,19,1,gas_transport,0.136,0.14,21.7,0.85,1301,0,0,0,0
43.67,12,5,dining,0.267,0.392,1.0,0.76,1857,0,0,0,0
114.26,19,3,dining,0.086,0.03,11.4,0.31,863,0,0,1,0
23.64,16,1,electronics,0.187,0.175,4.7,0.93,3138,1,0,1,0
23.1,7,2,dining,0.166,0.035,32.1,1.05,3480,0,0,1,0
19.29,14,1,grocery,0.078,0.218,15.7,0.97,1142,0,0,0,0
71.52,17,2,health_beauty,0.199,0.065,7.7,0.45,3364,0,0,1,0
31.91,7,4,electronics,0.096,0.358,39.8,0.74,328,0,0,0,0
25.03,13,3,gas_transport,0.356,0.053,5.7,0.53,2662,0,1,1,0
86.27,6,1,entertainment,0.01,0.298,26.5,0.92,1838,0,0,1,0
107.52,21,1,dining,0.202,0.046,2.9,1.24,990,0,0,1,0
30.91,10,3,grocery,0.081,0.066,0.6,1.46,197,0,0,1,0
24.21,23,1,health_beauty,0.285,0.062,0.7,1.38,2384,0,0,0,0
35.62,17,2,clothing,0.399,0.403,5.3,1.32,1683,0,0,1,0
101.21,18,1,travel,0.073,0.16,34.9,0.82,1766,0,0,0,0
120.0,1,4,health_beauty,0.518,0.735,289.3,5.05,859,2,1,1,1
72.64,13,2,grocery,0.078,0.208,3.7,0.97,1079,0,0,0,0
47.56,8,1,gas_transport,0.043,0.103,3.5,1.06,231,0,0,0,0
170.84,16,2,entertainment,0.189,0.098,3.4,1.07,447,0,0,1,0
23.07,10,3,dining,0.221,0.187,7.8,1.08,3515,0,0,0,0
123.58,9,2,utilities,0.123,0.255,0.3,1.6,290,0,0,0,0
26.86,11,2,grocery,0.22,0.079,19.6,0.93,2294,0,0,1,0
21.53,10,1,gas_transport,0.168,0.01,48.3,0.98,990,0,0,1,0
149.93,5,5,travel,0.736,0.794,410.6,7.16,610,3,1,1,1
480.54,18,13,travel,0.816,0.599,431.7,2.18,192,2,1,1,1
58.78,16,1,gas_transport,0.277,0.028,2.1,1.23,3136,0,0,0,0
133.28,7,3,travel,0.239,0.019,10.6,0.89,2251,0,1,0,0
67.98,8,1,health_beauty,0.096,0.044,27.2,1.17,456,0,0,0,0
30.78,0,1,travel,0.012,0.138,17.8,1.07,759,0,0,0,0
28.98,15,3,retail,0.219,0.147,12.2,0.89,528,1,0,0,0
93.46,22,1,retail,0.189,0.08,8.4,1.06,1917,0,0,0,0
61.33,22,2,clothing,0.078,0.381,1.7,0.54,1650,0,0,0,0
63.55,7,1,gas_transport,0.197,0.198,30.0,0.2,699,0,0,0,0
48.94,22,1,grocery,0.035,0.1,0.7,0.97,918,0,0,0,0
1109.65,2,5,health_beauty,0.832,0.374,546.9,1.8,19,2,1,1,1
42.23,21,1,dining,0.237,0.212,13.9,1.46,3219,0,0,1,0
13.88,15,2,clothing,0.102,0.12,0.5,0.78,3390,0,0,0,0
127.13,2,1,grocery,0.132,0.251,4.1,1.08,636,0,0,0,0
46.82,15,1,entertainment,0.016,0.03,0.7,1.59,3041,0,0,0,0
54.62,15,1,grocery,0.082,0.103,25.5,0.92,2204,0,0,1,0
509.05,8,4,gas_transport,0.01,0.2,18.5,0.32,3001,0,0,0,0
30.33,16,1,entertainment,0.027,0.212,24.3,1.18,762,0,0,1,0
36.53,14,1,electronics,0.079,0.19,22.2,1.12,1590,0,0,1,0
102.86,12,2,entertainment,0.289,0.149,8.3,0.73,1177,0,0,1,0
55.55,6,3,clothing,0.149,0.19,14.6,0.76,3130,0,0,0,0
24.57,11,1,grocery,0.04,0.14,4.8,0.99,589,0,0,0,0
9.0,0,1,entertainment,0.104,0.257,5.8,0.9,2112,0,0,1,0
42.31,11,2,retail,0.264,0.402,4.3,1.42,181,0,0,1,0
359.1,22,8,clothing,0.637,0.823,575.4,9.98,85,2,0,1,1
63.63,10,1,clothing,0.074,0.257,1.8,0.57,833,0,0,1,0
71.48,16,5,retail,0.045,0.01,0.3,0.72,2975,1,0,1,0
72.98,16,1,grocery,0.051,0.101,24.4,1.55,1150,0,0,0,0
36.06,23,1,electronics,0.029,0.139,9.0,1.12,1562,0,1,1,0
304.85,22,10,travel,0.643,0.854,427.4,5.64,100,3,0,1,1
24.89,15,5,entertainment,0.048,0.26,17.8,0.81,1929,1,0,0,0
8.23,16,2,dining,0.101,0.038,4.8,1.13,1040,1,0,1,0
36.22,6,1,grocery,0.183,0.147,0.9,1.45,1068,0,0,1,0
348.5,19,4,travel,0.815,0.915,1706.0,10.56,25,0,0,1,1
43.35,20,5,grocery,0.052,0.215,3.2,0.75,711,0,0,0,0
13.27,17,1,utilities,0.032,0.107,3.3,0.62,1818,0,0,0,0
32.69,7,1,electronics,0.236,0.055,30.1,1.03,1400,0,0,1,0
272.02,2,2,electronics,0.532,0.408,166.9,5.44,140,1,1,1,1
45.39,12,3,travel,0.213,0.406,36.9,0.65,3487,0,0,1,0
51.68,17,1,gas_transport,0.033,0.136,8.1,0.55,1072,1,0,1,0
26.08,5,2,electronics,0.045,0.441,31.9,1.02,1307,0,0,0,0
18.35,13,1,travel,0.045,0.108,27.8,1.06,1133,0,0,0,0
38.58,13,1,dining,0.347,0.174,2.1,0.71,1545,0,1,0,0
18.56,18,2,grocery,0.085,0.175,4.1,1.42,2052,0,0,0,0
122.07,6,2,electronics,0.156,0.052,9.1,0.98,1579,0,0,1,0
88.97,16,2,travel,0.11,0.129,15.1,1.06,2335,0,0,0,0
162.91,11,1,travel,0.068,0.066,1.3,1.03,2920,0,0,0,0
30.05,12,1,grocery,0.134,0.069,15.9,0.69,1158,0,0,0,0
949.95,8,10,gas_transport,0.637,0.76,47.3,4.49,50,0,0,1,1
25.46,16,3,grocery,0.072,0.082,21.4,0.84,2828,0,0,1,0
46.5,18,1,grocery,0.01,0.084,1.7,0.91,2931,1,0,1,0
25.88,15,1,entertainment,0.065,0.264,23.3,1.12,1594,0,0,1,0
71.21,10,1,travel,0.208,0.181,10.4,1.15,591,0,0,1,0
85.41,8,2,grocery,0.179,0.046,26.8,0.52,1849,0,0,1,0
36.71,10,4,dining,0.01,0.386,14.6,0.67,3028,0,0,0,0
242.94,18,1,electronics,0.356,0.037,5.3,0.53,2374,0,0,0,0
16.52,13,1,grocery,0.044,0.241,13.6,0.69,1388,1,0,0,0
86.61,11,3,electronics,0.024,0.16,12.1,0.7,2546,0,0,1,0
18.91,7,1,grocery,0.039,0.036,4.8,1.16,3423,1,0,1,0
29.38,22,2,health_beauty,0.275,0.286,14.7,1.41,768,0,0,1,0
138.33,20,1,gas_transport,0.112,0.069,0.5,1.0,937,0,0,0,0
15.21,16,2,dining,0.193,0.462,1.3,0.68,215,0,0,1,0
35.06,13,1,electronics,0.179,0.029,8.3,1.71,573,0,0,0,0
17.75,11,2,travel,0.147,0.209,18.7,1.21,399,0,0,0,0
66.26,17,5,grocery,0.095,0.017,0.8,1.02,3209,0,0,0,0
535.38,2,6,travel,0.508,0.546,211.7,1.98,221,2,1,1,1
549.97,7,8,dining,0.622,0.776,286.8,10.11,63,1,0,1,1
128.26,8,2,dining,0.077,0.143,16.5,0.59,602,0,0,1,0
33.45,10,2,grocery,0.053,0.331,31.0,1.19,3012,2,0,1,0
54.69,17,1,grocery,0.248,0.298,8.8,1.0,1599,1,0,1,0
23.23,17,1,grocery,0.053,0.071,20.7,1.02,918,0,0,1,0
264.08,10,1,gas_transport,0.081,0.04,6.2,0.71,2415,0,0,0,0
171.37,12,1,grocery,0.156,0.239,2.2,0.73,1717,0,0,1,0
56.41,10,1,dining,0.09,0.252,2.6,1.42,3525,0,0,0,0
64.63,16,1,health_beauty,0.111,0.214,18.9,0.96,3185,0,0,1,0
36.63,8,2,utilities,0.085,0.136,10.5,1.17,3126,0,1,1,0
13.36,19,5,grocery,0.07,0.34,6.2,0.88,2816,0,1,1,0
76.35,9,3,clothing,0.22,0.168,9.2,0.95,1045,0,0,0,0
18.58,10,3,clothing,0.089,0.096,14.1,0.66,2501,0,0,0,0
52.01,11,5,dining,0.302,0.092,15.4,1.05,1760,0,0,1,0
122.18,8,3,utilities,0.311,0.354,9.5,1.18,2844,0,0,0,0
97.29,12,1,gas_transport,0.132,0.155,6.0,1.09,276,0,0,1,0
93.66,12,4,gas_transport,0.011,0.458,28.3,0.75,339,1,0,0,0
5.0,9,1,retail,0.061,0.136,6.5,0.88,1816,0,0,0,0
61.1,10,1,dining,0.106,0.272,3.6,1.33,2816,0,0,1,0
73.55,7,3,dining,0.081,0.29,35.2,1.43,2319,0,0,0,0
56.24,11,3,grocery,0.222,0.059,26.5,1.29,1551,1,0,0,0
23.43,18,1,dining,0.06,0.349,9.0,1.47,2508,0,0,0,0
30.87,15,2,grocery,0.021,0.172,15.4,0.44,2349,0,0,0,0
129.45,12,1,dining,0.188,0.133,0.7,0.64,185,0,0,1,0
29.73,13,1,entertainment,0.085,0.16,21.8,1.14,2490,0,0,1,0
26.38,11,1,grocery,0.072,0.032,20.0,1.0,1167,0,0,1,0
1298.39,3,10,retail,0.703,0.528,1352.1,5.41,28,3,1,1,1
51.82,15,1,gas_transport,0.05,0.433,9.2,1.04,1745,0,0,0,0
51.98,17,1,gas_transport,0.291,0.236,28.0,1.1,1969,0,0,0,0
30.83,3,1,travel,0.056,0.381,1.2,0.86,1869,0,0,1,0
1051.61,1,10,travel,0.624,0.565,56.5,11.38,40,0,0,1,1
84.64,9,2,dining,0.01,0.085,4.0,1.37,3407,0,0,1,0
45.48,9,4,clothing,0.164,0.354,4.0,1.36,2898,0,0,1,0
30.48,15,1,gas_transport,0.12,0.205,7.9,1.11,195,0,0,0,0
14.51,8,2,gas_transport,0.049,0.318,5.6,1.64,2463,0,0,0,0
45.88,14,3,gas_transport,0.09,0.122,5.6,0.78,2698,0,1,1,0
8.1,9,1,grocery,0.331,0.5,6.8,0.84,222,0,0,0,0
63.81,23,1,clothing,0.316,0.183,28.9,1.31,2831,0,0,1,0
43.54,17,2,grocery,0.146,0.094,17.4,0.92,3284,0,0,0,0
42.19,19,1,grocery,0.04,0.084,5.8,1.66,1965,0,0,1,0
28.87,8,2,grocery,0.01,0.287,2.3,1.13,864,0,0,0,0
90.28,10,2,utilities,0.116,0.322,6.4,1.2,2939,2,0,0,0
16.02,14,1,clothing,0.119,0.197,10.0,0.59,1153,0,0,1,0
109.48,1,2,electronics,0.024,0.332,5.8,0.6,2979,0,0,1,0
11.11,18,1,electronics,0.01,0.041,21.4,0.86,1632,0,0,1,0
1899.61,2,8,electronics,0.908,0.717,526.0,6.81,8,1,1,1,1
368.46,15,4,travel,0.01,0.438,0.7,1.28,2019,1,0,1,0
274.57,14,1,health_beauty,0.178,0.324,7.2,0.9,2151,2,0,1,0
11.86,6,1,gas_transport,0.029,0.173,57.3,1.31,2009,0,0,0,0
26.27,10,1,gas_transport,0.183,0.042,4.5,1.18,284,0,0,1,0
47.58,15,1,utilities,0.04,0.177,1.4,0.86,971,0,0,1,0
26.64,7,3,grocery,0.043,0.151,3.6,0.55,2300,0,0,1,0
82.09,9,1,utilities,0.437,0.089,14.9,1.36,1911,0,0,1,0
37.17,14,5,gas_transport,0.292,0.203,4.4,1.08,394,0,0,0,0
33.56,20,2,clothing,0.05,0.319,1.8,1.16,3547,0,1,0,0
251.13,5,9,clothing,0.968,0.711,850.1,1.8,221,2,0,1,1
30.23,14,5,grocery,0.037,0.138,10.8,1.08,3095,0,0,1,0
39.65,6,6,health_beauty,0.081,0.176,13.3,1.53,1843,0,0,1,0
34.74,10,3,utilities,0.033,0.147,14.9,1.23,2937,0,1,1,0
21.54,10,3,dining,0.035,0.036,5.8,1.35,527,0,0,1,0
886.79,2,9,electronics,0.475,0.77,109.8,6.26,14,1,0,1,1
49.75,8,2,grocery,0.179,0.067,10.0,0.9,2392,0,1,0,0
17.7,11,2,entertainment,0.154,0.387,8.0,1.08,3130,0,0,1,0
34.61,8,2,grocery,0.054,0.035,0.1,0.93,546,0,0,1,0
63.48,11,1,entertainment,0.179,0.289,4.8,0.9,3268,0,0,0,0
49.31,10,1,grocery,0.201,0.244,0.6,0.84,1512,0,0,0,0
36.63,6,6,travel,0.134,0.035,20.9,0.84,1799,0,0,1,0
33.86,9,1,gas_transport,0.237,0.111,23.6,0.42,3127,0,1,1,0
21.26,11,1,grocery,0.12,0.101,4.6,1.15,2660,0,1,1,0
44.78,8,1,grocery,0.023,0.093,13.2,0.73,2216,0,0,1,0
4452.03,9,9,health_beauty,0.625,0.773,354.4,4.58,639,1,1,1,1
65.75,13,2,grocery,0.238,0.214,1.6,1.34,3091,0,0,1,0
31.44,16,3,dining,0.209,0.378,2.5,0.54,1702,0,0,0,0
23.95,16,4,electronics,0.288,0.231,2.3,1.22,2264,0,0,0,0
244.65,10,5,clothing,0.192,0.067,0.1,0.99,2505,0,0,1,0
153.0,21,4,dining,0.071,0.25,2.4,0.9,2446,0,0,0,0
9.53,17,1,clothing,0.201,0.117,0.7,1.37,1463,0,0,1,0
223.27,20,5,electronics,0.747,0.975,279.6,6.83,472,2,0,1,1
87.89,17,2,grocery,0.074,0.146,2.2,1.27,223,0,0,1,0
81.48,6,3,dining,0.248,0.193,8.4,0.73,2063,0,0,0,0
22.54,11,3,entertainment,0.02,0.071,0.1,0.73,2897,0,0,0,0
112.93,10,1,grocery,0.282,0.01,2.3,0.83,914,0,0,1,0
16.74,14,1,grocery,0.046,0.05,6.6,0.52,1040,0,0,1,0
86.59,20,1,retail,0.01,0.121,15.7,1.08,2868,0,0,1,0
339.93,0,7,clothing,0.579,0.746,83.4,5.23,330,3,1,1,1
174.91,3,1,electronics,0.12,0.299,14.0,0.95,775,0,1,0,0
55.81,20,1,clothing,0.078,0.023,0.5,1.11,2975,0,0,1,0
63.42,14,2,utilities,0.042,0.432,5.6,0.96,539,0,0,1,0
52.86,18,1,dining,0.155,0.356,2.2,1.22,1857,0,0,1,0
14.99,4,5,utilities,0.128,0.203,5.7,1.02,3073,1,0,1,0
18.74,5,1,retail,0.033,0.333,11.7,0.65,829,0,0,1,0
97.6,10,3,utilities,0.36,0.013,6.5,1.19,458,0,0,1,0
74.38,10,2,grocery,0.084,0.264,26.7,1.34,1054,0,0,0,0
11.63,19,1,entertainment,0.275,0.326,18.0,1.49,3497,0,0,1,0
19.79,10,3,clothing,0.139,0.176,17.6,1.4,267,0,0,0,0
321.32,2,9,clothing,0.833,0.642,605.9,7.6,219,2,0,1,1
43.87,10,2,grocery,0.041,0.11,21.8,1.17,3558,0,0,0,0
43.48,10,2,dining,0.165,0.272,43.7,0.72,1326,0,0,1,0
28.42,12,4,gas_transport,0.403,0.048,8.4,0.7,753,0,0,1,0
39.22,6,1,health_beauty,0.013,0.093,7.3,0.66,227,0,0,1,0
39.11,11,1,gas_transport,0.126,0.146,20.6,1.47,2497,1,0,0,0
76.44,15,1,clothing,0.109,0.174,9.0,0.82,1059,0,0,0,0
33.33,14,1,gas_transport,0.179,0.498,36.0,0.97,2624,0,0,0,0
29.59,14,1,gas_transport,0.132,0.135,14.2,1.46,815,0,0,0,0
31.55,22,1,grocery,0.094,0.136,17.7,1.11,3411,0,0,1,0
27.93,19,3,gas_transport,0.042,0.447,0.2,1.29,3292,0,0,0,0
45.96,17,1,electronics,0.169,0.294,10.1,0.87,1467,0,0,1,0
22.34,13,3,gas_transport,0.079,0.295,9.4,0.72,433,0,0,1,0
62.57,9,1,grocery,0.195,0.384,14.6,0.77,2411,0,0,1,0
202.83,11,2,clothing,0.074,0.36,8.7,1.48,2526,0,0,0,0
122.09,1,8,electronics,0.81,0.634,94.3,2.74,30,4,1,1,1
12.72,20,2,health_beauty,0.155,0.028,12.9,1.55,1798,0,0,1,0
894.83,5,8,clothing,0.973,0.889,39.4,4.16,83,1,1,1,1
86.18,15,1,gas_transport,0.119,0.122,14.9,1.47,2966,0,0,1,0
384.62,14,3,gas_transport,0.228,0.13,27.7,1.01,1812,0,0,1,0
5.14,16,1,grocery,0.093,0.352,56.0,0.62,2557,0,0,1,0
14.58,14,1,grocery,0.018,0.061,8.0,0.97,3125,0,0,0,0
1553.2,22,6,travel,0.465,0.846,1900.5,2.7,18,0,1,1,1
34.3,6,2,clothing,0.214,0.168,1.1,0.74,1883,0,0,1,0
46.06,7,1,grocery,0.363,0.336,12.3,1.42,2878,0,0,0,0
101.48,14,5,electronics,0.103,0.131,0.7,1.0,822,0,0,0,0
17.08,11,4,electronics,0.01,0.203,0.6,1.02,2101,0,0,1,0
20.2,14,1,clothing,0.106,0.2,37.7,0.82,3537,1,0,0,0
51.7,18,3,travel,0.102,0.335,5.5,1.11,2647,0,0,0,0
90.92,17,4,utilities,0.191,0.116,4.8,1.25,935,0,0,0,0
69.87,8,1,gas_transport,0.237,0.154,34.5,1.13,2186,0,1,0,0
29.21,5,1,grocery,0.201,0.066,18.8,1.07,3061,0,0,1,0
37.56,10,4,grocery,0.11,0.154,9.5,1.09,2293,0,0,1,0
58.3,11,1,travel,0.215,0.037,9.7,1.36,3244,0,1,1,0
22.88,13,3,grocery,0.163,0.091,1.1,1.37,1951,1,0,0,0
26.4,19,1,electronics,0.368,0.055,1.1,0.99,1633,0,0,1,0
61.5,6,1,grocery,0.036,0.427,15.3,0.8,3539,0,0,0,0
22.53,16,3,electronics,0.18,0.273,28.0,0.64,1971,0,0,0,0
20.33,14,3,dining,0.149,0.267,6.2,1.21,2213,0,0,1,0
69.57,7,4,entertainment,0.079,0.13,2.4,1.13,2317,0,0,1,0
17.5,8,1,gas_transport,0.333,0.135,19.1,1.17,1001,0,0,0,0
103.51,22,3,retail,0.239,0.183,2.0,1.02,2059,0,0,0,0
15.96,7,1,clothing,0.106,0.024,22.2,1.09,3447,0,0,0,0
20.42,16,2,entertainment,0.198,0.206,14.3,0.7,3561,0,0,0,0
1219.37,1,8,electronics,0.923,0.632,295.5,5.74,98,3,1,1,1
120.82,12,1,gas_transport,0.045,0.314,7.6,1.31,298,1,0,0,0
58.2,11,5,clothing,0.167,0.43,4.9,0.91,769,0,0,0,0
36.98,17,1,retail,0.013,0.025,3.1,0.96,3253,0,0,1,0
52.12,15,3,clothing,0.016,0.176,4.8,0.67,3549,0,0,0,0
48.31,6,4,clothing,0.073,0.076,13.6,0.39,3009,0,0,1,0
67.56,6,1,grocery,0.093,0.058,4.4,0.76,2078,0,0,0,0
56.43,19,1,grocery,0.315,0.033,13.6,0.97,1527,0,0,1,0
134.32,2,8,clothing,0.765,0.638,252.0,5.68,408,0,0,1,1
82.76,15,2,dining,0.087,0.086,7.9,1.08,3153,0,0,1,0
41.97,15,2,entertainment,0.01,0.057,2.7,1.06,2444,0,0,1,0
22.39,10,4,grocery,0.092,0.182,10.5,1.06,1871,0,0,0,0
105.64,7,4,dining,0.01,0.034,0.5,0.83,2894,0,0,0,0
1457.77,1,6,electronics,0.916,0.792,148.6,4.09,13,1,1,1,1
15.66,21,2,grocery,0.283,0.5,2.7,0.43,3061,0,0,1,0
12.15,13,1,grocery,0.16,0.101,1.2,1.3,584,0,0,1,0
54.7,12,2,grocery,0.184,0.112,38.5,0.98,1769,0,0,1,0
29.88,10,1,grocery,0.017,0.094,20.3,0.79,3188,0,0,1,0
15.47,12,2,electronics,0.413,0.328,5.9,1.02,2910,0,0,1,0
13.69,8,2,entertainment,0.016,0.084,5.8,1.38,3379,0,0,0,0
62.6,15,1,travel,0.031,0.107,2.6,0.85,2173,0,0,0,0
78.38,10,3,grocery,0.191,0.144,7.2,1.49,580,0,0,0,0
13.17,9,2,grocery,0.043,0.281,4.9,0.74,467,0,1,0,0
40.42,7,2,dining,0.056,0.169,0.9,0.5,2582,1,0,1,0
42.86,2,2,utilities,0.032,0.157,18.9,0.89,564,0,0,1,0
65.13,20,2,grocery,0.217,0.092,13.6,1.44,2845,0,0,0,0
127.04,18,2,clothing,0.065,0.428,34.0,0.57,934,0,0,1,0
54.58,15,1,travel,0.034,0.17,10.0,1.26,2950,0,0,0,0
390.24,6,7,clothing,0.782,0.672,334.7,8.27,63,0,0,1,1
75.27,10,2,travel,0.049,0.103,4.0,0.91,2951,0,0,1,0
48.41,11,4,retail,0.091,0.5,2.0,1.21,3167,0,0,1,0
79.88,16,3,dining,0.133,0.031,38.9,0.71,285,0,0,1,0
51.54,18,2,retail,0.314,0.071,17.8,0.44,1512,0,0,1,0
22.71,12,2,dining,0.053,0.405,30.2,1.07,3248,0,0,1,0
109.64,16,3,health_beauty,0.071,0.104,19.4,0.84,3015,0,0,0,0
35.22,10,2,dining,0.032,0.161,8.1,0.34,707,0,0,1,0
52.76,22,3,grocery,0.222,0.157,2.1,1.21,1710,0,0,1,0
102.77,23,1,grocery,0.044,0.461,32.3,1.48,3403,0,0,0,0
20.37,8,6,health_beauty,0.052,0.15,11.0,0.74,1752,0,0,1,0
31.35,14,1,grocery,0.127,0.226,7.2,0.96,1251,0,0,1,0
834.34,3,13,electronics,0.679,0.86,163.0,1.8,96,1,0,1,1
26.43,12,2,retail,0.116,0.128,23.8,1.54,2850,0,0,1,0
56.21,11,3,entertainment,0.01,0.119,29.1,1.28,1292,0,0,0,0
259.04,12,5,clothing,0.2,0.245,0.2,1.41,2976,1,0,1,0
840.6,3,6,clothing,0.68,0.683,96.2,3.19,196,4,0,1,1
63.97,9,2,grocery,0.088,0.249,0.3,1.12,1191,0,0,1,0
47.6,16,1,grocery,0.069,0.031,10.0,1.27,2777,0,0,1,0
58.57,19,3,gas_transport,0.071,0.5,0.9,0.81,739,0,0,0,0
34.7,9,1,grocery,0.053,0.142,6.0,1.01,223,0,0,1,0
41.1,18,1,health_beauty,0.027,0.271,3.1,0.72,203,0,0,0,0
857.9,1,5,travel,0.824,0.727,226.4,3.32,13,2,1,1,1
62.21,10,3,clothing,0.197,0.102,15.6,0.85,1013,0,0,0,0
157.26,11,1,dining,0.141,0.115,1.4,0.85,230,0,0,0,0
44.64,14,4,entertainment,0.085,0.103,8.5,0.51,3266,0,0,1,0
64.49,17,1,travel,0.021,0.31,9.7,0.78,2048,0,0,0,0
49.42,11,1,entertainment,0.185,0.014,3.4,0.97,1421,0,0,1,0
65.76,15,1,grocery,0.27,0.272,9.0,1.08,2901,0,0,1,0
102.14,15,2,health_beauty,0.064,0.316,3.2,0.86,1019,0,0,0,0
22.35,16,1,dining,0.3,0.086,2.7,1.03,908,0,0,1,0
34.99,12,1,grocery,0.25,0.208,7.2,1.07,2653,0,0,1,0
16.72,8,4,electronics,0.152,0.226,6.2,1.08,1325,0,0,0,0
62.64,12,1,entertainment,0.06,0.176,3.4,1.0,1307,0,0,0,0
24.01,17,2,gas_transport,0.123,0.167,13.4,1.03,2461,0,0,0,0
56.17,9,2,electronics,0.235,0.138,16.6,1.07,2358,0,0,1,0
40.78,15,3,gas_transport,0.026,0.01,48.2,1.16,1112,0,0,1,0
16.85,19,2,entertainment,0.128,0.101,0.7,1.13,964,0,0,1,0
271.3,19,1,health_beauty,0.159,0.4,1.6,1.1,1371,0,0,1,0
32.81,0,2,clothing,0.036,0.022,15.7,1.2,2615,0,0,1,0
2177.22,12,4,clothing,0.707,0.731,1768.9,6.84,9,1,1,1,1
14.28,15,1,grocery,0.098,0.039,9.4,0.83,219,0,0,1,0
133.35,11,3,gas_transport,0.116,0.336,9.9,1.59,3342,0,0,0,0
37.99,13,1,grocery,0.135,0.217,1.5,0.71,423,0,0,1,0
87.08,11,1,dining,0.01,0.188,4.1,1.22,3045,0,0,0,0
13.83,21,5,gas_transport,0.109,0.235,12.6,1.16,3471,1,1,1,0
20.41,9,1,gas_transport,0.084,0.122,53.6,1.64,1766,0,0,1,0
16.13,7,3,gas_transport,0.165,0.138,1.6,0.87,3209,1,0,1,0
16.75,23,2,grocery,0.207,0.064,6.2,1.3,3438,1,0,0,0
10.13,10,4,dining,0.027,0.17,2.3,1.09,1669,0,0,1,0
41.93,21,3,clothing,0.016,0.36,8.0,1.22,2346,0,0,1,0
48.32,4,2,dining,0.05,0.363,37.6,0.78,2420,0,0,1,0
24.81,11,1,retail,0.096,0.251,0.1,1.28,755,0,0,1,0
61.35,16,1,dining,0.131,0.109,9.6,0.66,960,0,0,0,0
38.44,15,1,clothing,0.138,0.349,19.1,1.36,2635,0,0,1,0
98.58,8,2,gas_transport,0.061,0.053,1.3,0.85,3164,0,0,1,0
60.79,5,2,travel,0.151,0.164,5.6,1.45,3450,0,0,0,0
377.82,3,9,gas_transport,0.519,0.784,524.3,3.64,17,1,1,1,1
127.52,16,1,dining,0.089,0.042,11.2,0.74,1847,0,0,1,0
30.87,8,2,health_beauty,0.083,0.236,3.3,1.39,2176,0,0,0,0
215.62,10,3,dining,0.162,0.323,1.1,0.91,3384,0,0,0,0
57.06,11,3,dining,0.216,0.38,2.6,1.06,468,0,0,0,0
61.67,0,1,gas_transport,0.044,0.219,47.4,0.86,3217,0,0,1,0
118.66,1,1,retail,0.383,0.108,3.9,1.5,1711,0,0,0,0
32.94,16,4,gas_transport,0.046,0.138,42.8,0.95,506,0,1,1,0
40.62,9,1,dining,0.066,0.141,0.5,0.57,814,1,0,0,0
140.51,11,2,electronics,0.016,0.067,0.5,0.94,1276,0,0,1,0
32.46,17,3,utilities,0.01,0.215,4.2,0.49,674,0,0,0,0
16.09,12,2,health_beauty,0.124,0.098,5.5,0.63,3425,0,0,1,0
63.09,14,1,entertainment,0.031,0.086,4.6,0.71,1825,0,0,1,0
31.22,19,1,electronics,0.103,0.14,4.5,0.68,377,0,0,1,0
12.48,22,1,grocery,0.173,0.235,0.6,0.83,1309,0,1,0,0
20.44,10,2,dining,0.227,0.183,57.2,0.62,2895,0,0,1,0
36.23,16,5,grocery,0.036,0.093,8.7,1.19,3577,0,0,1,0
523.36,4,9,health_beauty,0.715,0.909,1044.3,6.52,442,3,0,1,1
135.98,5,2,gas_transport,0.228,0.052,16.5,1.23,890,0,0,1,0
34.41,7,1,gas_transport,0.104,0.266,24.0,0.76,1208,0,0,1,0
221.84,14,1,clothing,0.208,0.045,3.6,0.85,2551,0,0,0,0
34.4,7,1,health_beauty,0.124,0.144,12.1,1.67,3326,0,0,1,0
16.99,10,1,clothing,0.299,0.225,29.7,1.21,2704,0,0,0,0
19.68,16,2,gas_transport,0.171,0.074,1.7,0.91,2063,0,0,1,0
23.6,3,1,retail,0.233,0.048,23.3,1.19,886,0,0,1,0
71.48,15,2,gas_transport,0.033,0.219,12.5,0.83,343,0,0,1,0
42.33,10,2,grocery,0.054,0.098,3.2,1.41,2619,0,0,0,0
109.67,10,1,gas_transport,0.01,0.119,4.8,0.99,999,0,0,1,0
57.06,15,1,grocery,0.184,0.148,58.0,1.36,2126,1,0,1,0
182.9,20,1,grocery,0.146,0.078,20.5,0.99,3488,0,0,1,0
39.01,19,1,gas_transport,0.02,0.08,4.0,0.83,2284,1,0,1,0
55.35,20,1,grocery,0.221,0.311,16.9,1.07,2505,0,1,1,0
50.71,18,6,electronics,0.334,0.286,2.5,1.12,249,0,0,0,0
44.34,17,3,grocery,0.065,0.14,30.4,1.37,912,0,0,0,0
32.14,8,1,electronics,0.01,0.058,18.7,0.55,1908,0,0,1,0
698.33,2,8,travel,0.658,0.907,843.2,3.38,10,1,0,1,1
289.0,11,2,entertainment,0.159,0.091,7.5,1.1,2417,0,0,1,0
152.38,8,1,electronics,0.268,0.155,19.6,1.07,1660,1,0,0,0
52.06,16,1,dining,0.084,0.066,9.0,1.16,980,0,0,1,0
106.21,12,1,grocery,0.047,0.051,2.3,0.78,2208,0,0,1,0
97.08,12,1,dining,0.028,0.087,12.0,1.36,854,0,0,1,0
27.9,16,1,grocery,0.082,0.041,3.9,0.83,3206,0,0,1,0
113.31,12,1,grocery,0.28,0.341,3.2,0.9,376,0,0,0,0
59.88,16,3,clothing,0.249,0.046,8.5,0.88,779,0,0,1,0
91.03,10,1,health_beauty,0.045,0.433,17.2,1.5,2588,0,0,1,0
22.56,18,1,gas_transport,0.052,0.097,30.7,1.02,3425,0,0,1,0
12.35,16,2,electronics,0.155,0.187,23.6,0.61,2337,0,0,0,0
83.28,10,1,clothing,0.069,0.408,7.6,1.19,1370,0,0,1,0
95.27,19,1,entertainment,0.065,0.209,3.8,1.21,2699,0,0,1,0
68.08,13,5,clothing,0.195,0.348,6.7,1.05,2327,0,0,0,0
18.4,13,3,gas_transport,0.082,0.066,2.7,0.88,3369,0,0,1,0
42.69,14,1,dining,0.069,0.343,25.8,1.46,1432,1,0,1,0
40.05,23,3,electronics,0.217,0.251,2.5,1.38,1363,0,0,0,0
38.39,12,2,travel,0.323,0.064,3.4,1.33,2071,1,0,0,0
24.21,14,3,grocery,0.118,0.093,15.3,1.47,2182,0,0,0,0
38.8,8,1,dining,0.019,0.215,6.9,1.19,742,0,0,0,0
8.14,20,2,dining,0.222,0.112,5.4,1.42,977,0,0,1,0
20.24,16,1,gas_transport,0.104,0.5,9.0,0.95,1940,0,0,1,0
25.51,16,1,electronics,0.203,0.053,17.2,1.14,2498,0,0,1,0
11.38,16,4,clothing,0.305,0.21,30.7,0.91,2738,0,1,1,0
71.32,8,1,electronics,0.014,0.5,57.0,0.71,2331,0,0,0,0
1730.76,10,5,entertainment,0.886,0.484,2454.5,5.37,70,0,1,0,1
73.69,12,3,utilities,0.083,0.177,12.0,1.55,2770,0,0,1,0
138.0,11,1,health_beauty,0.044,0.078,12.9,1.02,2426,0,0,1,0
57.56,6,1,travel,0.057,0.045,13.4,0.89,1275,0,0,1,0
30.43,19,1,utilities,0.095,0.088,2.0,0.65,372,0,0,1,0
179.53,16,1,health_beauty,0.083,0.172,11.7,0.65,2653,0,0,1,0
26.29,12,2,grocery,0.183,0.152,1.7,0.28,1736,0,0,0,0
127.02,9,5,health_beauty,0.173,0.094,8.7,0.72,2897,0,0,0,0
911.07,18,8,clothing,0.559,0.93,521.3,7.87,134,2,0,1,1
120.0,8,9,retail,0.928,0.97,553.3,10.13,162,3,0,1,1
48.83,9,1,dining,0.219,0.3,11.3,1.06,1570,0,0,0,0
54.3,13,4,gas_transport,0.033,0.178,15.5,1.43,1326,0,0,0,0
13.96,12,1,grocery,0.127,0.272,0.5,1.38,1150,0,0,1,0
183.93,18,1,clothing,0.326,0.029,11.0,0.66,3340,0,1,1,0
32.16,22,3,dining,0.212,0.126,3.3,0.77,3237,0,0,0,0
43.76,9,1,dining,0.166,0.5,25.3,0.65,969,0,0,1,0
42.1,21,1,grocery,0.05,0.074,35.8,1.17,2335,0,0,1,0
224.13,7,1,gas_transport,0.117,0.015,1.4,1.37,693,0,0,0,0
20.48,12,4,retail,0.164,0.16,23.0,1.22,2045,0,0,0,0
23.09,7,2,grocery,0.115,0.225,0.4,0.46,2891,0,0,1,0
82.63,15,1,gas_transport,0.182,0.058,12.8,1.07,1832,0,0,0,0
31.57,12,1,clothing,0.122,0.117,5.2,1.0,1411,0,0,1,0
34.19,10,2,grocery,0.021,0.039,32.7,1.09,2469,0,0,0,0
20.74,5,1,retail,0.156,0.078,19.0,1.39,819,0,0,0,0
31.1,14,1,gas_transport,0.069,0.01,9.3,1.03,1305,0,0,1,0
64.59,8,2,gas_transport,0.119,0.142,24.4,1.12,340,0,0,0,0
32.86,16,2,retail,0.21,0.28,4.6,0.25,3111,0,0,1,0
40.83,11,3,travel,0.022,0.017,19.0,0.96,1694,0,0,1,0
89.36,9,5,electronics,0.027,0.442,6.3,1.25,2094,0,0,1,0
87.58,18,3,electronics,0.265,0.075,6.0,0.99,1511,0,0,0,0
27.85,3,1,grocery,0.45,0.197,28.6,1.13,1145,0,0,1,0
137.92,10,13,health_beauty,0.569,0.542,423.7,3.75,47,1,1,1,1
24.24,11,3,grocery,0.011,0.1,17.1,0.93,2543,0,0,1,0
25.16,5,3,dining,0.086,0.218,2.2,1.62,1022,0,0,1,0
74.94,15,3,gas_transport,0.215,0.232,15.7,1.08,3569,0,0,0,0
54.39,9,1,electronics,0.014,0.328,27.6,1.15,2358,0,0,0,0
26.72,5,3,health_beauty,0.21,0.258,8.8,0.75,2026,0,0,0,0
120.0,14,7,clothing,0.557,0.767,310.4,7.36,60,0,0,1,1
22.73,9,1,dining,0.384,0.461,11.9,0.96,2839,0,0,0,0
55.93,18,1,grocery,0.094,0.137,28.4,1.04,3008,0,0,0,0
41.72,13,2,travel,0.178,0.164,43.5,0.9,3468,0,0,1,0
71.77,14,1,grocery,0.17,0.142,8.1,0.5,1038,0,0,0,0
173.27,11,2,grocery,0.098,0.36,3.7,0.73,2684,0,0,0,0
43.21,10,2,entertainment,0.204,0.244,19.2,1.01,2565,0,0,0,0
147.72,9,2,grocery,0.01,0.3,39.1,1.75,1514,0,0,0,0
44.48,14,1,retail,0.333,0.114,9.5,1.1,1309,0,0,1,0
104.16,14,1,grocery,0.187,0.18,22.2,0.52,2907,0,0,0,0
20.1,21,1,travel,0.12,0.052,0.2,0.67,735,0,0,0,0
14.25,19,1,entertainment,0.107,0.17,10.7,1.41,1169,0,0,1,0
44.6,8,5,gas_transport,0.153,0.041,1.7,0.7,268,0,0,1,0
26.01,12,3,dining,0.309,0.369,3.3,1.13,901,0,0,0,0
66.75,14,4,entertainment,0.256,0.431,9.5,0.93,2681,0,0,1,0
57.2,8,5,grocery,0.389,0.5,1.5,1.35,1444,0,0,1,0
26.55,15,1,grocery,0.026,0.288,10.2,1.77,1384,0,0,1,0
16.43,13,2,grocery,0.426,0.317,0.3,0.36,2237,0,0,1,0
27.02,15,1,travel,0.352,0.083,36.2,1.25,3445,0,0,0,0
210.85,23,4,grocery,0.137,0.448,0.2,1.44,2560,0,0,1,0
64.92,19,2,dining,0.029,0.183,2.0,1.69,3516,0,0,1,0
9.98,17,4,gas_transport,0.065,0.01,26.1,1.07,1811,0,0,0,0
88.01,18,1,grocery,0.065,0.043,18.3,1.35,3071,0,0,1,0
65.88,13,3,utilities,0.029,0.251,8.4,0.97,293,0,0,1,0
101.21,19,1,gas_transport,0.066,0.063,9.7,1.73,2627,0,0,1,0
162.79,10,2,grocery,0.28,0.144,1.2,0.63,2236,0,0,1,0
52.49,18,1,grocery,0.028,0.123,32.9,0.57,293,0,0,0,0
39.91,18,1,health_beauty,0.069,0.147,12.6,1.09,951,0,0,0,0
11.2,2,2,entertainment,0.105,0.131,12.2,1.15,3125,0,0,1,0
107.55,19,3,grocery,0.084,0.233,0.6,1.2,1977,0,0,0,0
53.16,7,2,travel,0.05,0.16,0.8,1.34,2035,0,0,1,0
215.04,11,1,retail,0.134,0.238,4.8,1.27,976,0,1,0,0
8.11,17,1,grocery,0.127,0.22,18.9,1.3,2192,1,0,0,0
65.27,13,2,clothing,0.02,0.069,0.3,0.96,3369,0,0,0,0
43.67,12,2,health_beauty,0.032,0.153,3.1,0.97,2115,0,0,0,0
77.44,14,1,electronics,0.445,0.077,1.7,0.58,539,0,0,1,0
163.71,5,7,electronics,0.795,0.751,720.1,9.02,108,3,1,1,1
104.5,17,2,grocery,0.139,0.207,15.5,0.67,1326,0,0,1,0
36.31,6,1,retail,0.348,0.256,0.9,0.59,1703,0,0,0,0
23.5,22,2,utilities,0.34,0.084,29.0,0.85,2654,0,0,0,0
61.23,11,3,dining,0.222,0.034,12.2,1.11,3334,0,0,1,0
41.53,13,1,entertainment,0.11,0.116,4.2,0.9,1708,0,0,0,0
59.94,17,3,dining,0.03,0.111,16.1,1.06,713,0,0,0,0
51.07,10,1,electronics,0.022,0.063,0.8,1.28,2520,0,0,0,0
29.72,12,2,grocery,0.131,0.292,5.7,1.32,3264,0,0,0,0
38.42,13,2,gas_transport,0.064,0.439,15.3,0.66,1430,0,0,0,0
63.06,11,1,grocery,0.077,0.443,3.9,0.8,1882,0,0,1,0
181.21,19,1,electronics,0.104,0.286,22.0,1.03,3223,0,0,1,0
105.27,18,1,health_beauty,0.369,0.142,11.3,0.62,1523,0,0,1,0
147.58,18,1,grocery,0.199,0.113,22.7,1.11,560,1,0,1,0
6.98,8,1,grocery,0.226,0.124,4.0,1.29,3241,0,0,0,0
131.54,10,1,entertainment,0.03,0.065,4.6,0.64,1451,0,0,1,0
47.36,16,4,gas_transport,0.027,0.084,2.6,0.71,1080,0,0,1,0
39.27,14,2,grocery,0.091,0.247,25.7,1.39,3162,0,0,1,0
53.76,19,3,grocery,0.099,0.045,10.4,1.28,2881,0,0,1,0
16.58,10,4,gas_transport,0.019,0.092,25.8,1.13,1434,0,1,0,0
33.3,9,2,dining,0.012,0.066,4.2,1.0,3485,0,0,0,0
161.75,16,1,dining,0.154,0.06,20.0,0.87,2552,0,0,1,0
50.83,10,1,grocery,0.067,0.291,16.5,0.66,3356,0,0,1,0
53.45,13,1,utilities,0.082,0.033,20.8,0.96,1669,1,0,0,0
56.52,10,1,grocery,0.01,0.213,2.9,0.73,3295,0,0,1,0
24.99,13,1,utilities,0.084,0.292,16.7,0.95,762,0,0,1,0
48.15,7,3,gas_transport,0.159,0.035,0.7,1.07,1845,0,0,0,0
314.84,1,12,electronics,0.605,0.924,63.4,7.02,162,0,0,1,1
30.17,12,1,gas_transport,0.095,0.163,7.1,1.52,2012,0,0,1,0
169.18,6,1,utilities,0.016,0.215,0.2,0.98,1494,0,1,0,0
54.1,20,1,gas_transport,0.122,0.261,10.4,0.52,3454,0,0,1,0
37.61,0,5,clothing,0.065,0.42,9.9,0.8,2464,0,0,1,0
431.81,3,6,grocery,0.963,0.66,2760.7,11.26,158,0,0,1,1
41.99,7,3,dining,0.067,0.208,23.3,0.86,3598,0,0,1,0
95.7,11,4,gas_transport,0.026,0.346,1.4,1.35,2536,1,0,0,0
34.16,7,2,retail,0.082,0.167,20.0,1.0,980,0,0,1,0
106.93,11,1,electronics,0.192,0.331,26.6,0.92,1716,0,0,1,0
34.31,11,3,clothing,0.397,0.5,9.6,1.16,767,0,0,1,0
151.77,12,2,travel,0.242,0.054,1.3,0.75,1668,0,0,1,0
51.48,19,4,grocery,0.109,0.011,7.5,0.91,533,0,0,0,0
74.15,13,2,clothing,0.042,0.174,16.7,0.75,1070,0,0,1,0
63.42,10,1,grocery,0.103,0.105,4.6,0.72,2823,0,0,1,0
29.6,9,1,grocery,0.097,0.01,7.8,1.08,970,0,0,0,0
7.99,16,1,grocery,0.092,0.094,18.0,1.22,744,0,0,1,0
523.74,5,7,electronics,0.816,0.914,749.6,7.46,264,2,1,1,1
1674.06,20,4,electronics,0.953,0.639,79.0,5.95,133,1,0,1,1
40.82,18,1,utilities,0.246,0.058,6.3,0.96,425,0,0,1,0
84.43,13,1,grocery,0.04,0.046,5.9,1.1,3050,0,0,1,0
23.46,6,1,clothing,0.232,0.21,11.7,0.82,353,0,0,1,0
863.48,3,5,dining,0.774,0.366,767.9,7.67,112,0,0,0,1
48.83,18,1,clothing,0.028,0.172,0.4,0.71,795,0,0,1,0
35.8,18,2,dining,0.277,0.159,22.1,1.2,848,0,0,1,0
41.16,8,1,grocery,0.048,0.034,3.2,1.18,714,0,0,1,0
44.78,12,5,travel,0.218,0.123,5.7,1.01,1037,0,0,1,0
16.77,10,3,clothing,0.188,0.242,15.6,0.97,1600,0,0,0,0
67.57,14,1,grocery,0.01,0.273,28.9,0.92,2029,0,0,0,0
334.98,2,6,travel,0.889,0.841,1126.8,8.91,146,2,1,1,1
40.91,18,2,electronics,0.063,0.056,12.9,1.23,1488,0,0,1,0
78.02,18,1,entertainment,0.214,0.36,6.3,0.69,1364,0,0,0,0
10.04,18,1,entertainment,0.085,0.059,14.8,1.06,2317,0,0,0,0
140.19,20,1,entertainment,0.061,0.271,2.8,1.15,1338,0,0,0,0
13.3,9,1,grocery,0.104,0.113,8.7,0.96,580,0,0,0,0
50.62,7,1,dining,0.169,0.052,1.0,0.22,1096,0,0,1,0
88.69,9,2,travel,0.07,0.13,13.3,1.01,3554,0,0,0,0
30.45,8,1,health_beauty,0.023,0.087,5.4,0.9,3261,0,0,0,0
105.34,8,1,entertainment,0.035,0.15,15.1,1.81,2442,0,0,1,0
55.44,20,2,grocery,0.149,0.228,7.9,0.72,2183,0,0,1,0
17.76,20,2,grocery,0.21,0.221,1.8,0.91,592,0,0,1,0
1193.08,17,5,grocery,0.4,0.547,117.6,7.41,2,2,0,1,1
14.85,15,1,gas_transport,0.197,0.105,12.5,1.07,3321,0,0,0,0
26.47,16,1,retail,0.059,0.169,7.9,1.0,2275,0,0,0,0
45.15,18,2,dining,0.111,0.073,20.0,0.38,2511,0,0,0,0
2464.57,10,8,clothing,0.699,0.684,34.0,5.64,199,3,1,1,1
40.72,6,3,dining,0.096,0.115,0.6,0.68,3277,0,0,0,0
35.59,19,3,gas_transport,0.103,0.082,11.5,0.77,2624,0,0,0,0
5.45,7,2,clothing,0.106,0.093,4.0,0.66,1165,0,0,1,0
42.46,14,1,grocery,0.189,0.173,14.7,1.21,483,0,0,1,0
47.73,7,1,clothing,0.083,0.081,19.5,1.5,2663,1,0,0,0
152.99,10,3,clothing,0.289,0.067,7.5,1.25,1712,0,0,1,0
80.33,7,2,gas_transport,0.081,0.24,19.8,0.3,3529,0,0,0,0
35.93,8,3,dining,0.251,0.086,22.4,0.6,3345,0,0,0,0
20.11,10,1,utilities,0.07,0.103,1.9,1.21,3420,0,0,1,0
18.84,12,1,grocery,0.093,0.278,24.7,1.09,1627,0,0,0,0
14.28,19,1,clothing,0.105,0.045,20.8,0.97,1128,0,0,0,0
47.54,16,1,grocery,0.242,0.318,19.2,0.2,1407,0,0,1,0
26.19,4,1,utilities,0.22,0.376,24.7,1.12,3152,0,1,0,0
63.71,15,2,electronics,0.06,0.209,13.9,0.97,362,0,0,1,0
14.63,10,1,retail,0.075,0.118,11.3,1.24,2777,0,0,0,0
334.64,3,13,travel,0.593,0.749,878.9,8.98,158,3,1,1,1
37.22,12,1,electronics,0.069,0.19,24.5,1.52,1424,0,0,0,0
67.42,8,3,entertainment,0.142,0.394,9.6,0.73,2745,0,0,0,0
44.95,11,2,gas_transport,0.043,0.365,4.8,0.8,2804,0,1,0,0
48.25,9,1,dining,0.197,0.304,18.4,0.43,2241,0,0,0,0
14.32,12,3,electronics,0.104,0.193,12.5,1.47,427,0,0,1,0
18.59,11,1,gas_transport,0.212,0.18,10.5,0.77,1198,0,1,1,0
38.08,15,2,dining,0.177,0.261,31.2,1.42,2923,1,0,0,0
40.86,6,2,travel,0.015,0.138,53.7,0.67,603,0,0,1,0
62.5,19,3,dining,0.182,0.075,4.0,1.0,2083,0,0,0,0
52.41,15,3,clothing,0.111,0.17,4.9,1.23,3566,1,0,1,0
24.72,15,1,gas_transport,0.186,0.227,33.3,0.38,2540,0,0,1,0
3519.95,5,6,clothing,0.675,0.611,1001.2,8.21,31,0,1,1,1
33.42,7,2,electronics,0.093,0.16,5.8,0.59,2675,0,0,1,0
34.81,15,2,utilities,0.138,0.187,2.2,0.61,846,0,0,1,0
43.2,17,1,dining,0.082,0.28,13.3,1.33,2349,0,0,0,0
56.59,15,1,grocery,0.137,0.016,3.1,0.96,1330,0,0,1,0
68.79,5,4,dining,0.017,0.258,2.1,1.17,2867,0,0,1,0
90.64,20,2,clothing,0.097,0.04,0.6,0.96,2699,0,0,1,0
15.91,16,2,clothing,0.418,0.012,10.0,0.77,2699,0,0,1,0
9.86,7,2,dining,0.041,0.074,17.8,1.1,3562,0,0,0,0
45.65,10,4,gas_transport,0.016,0.16,3.0,1.23,2227,0,0,1,0
26.42,7,1,utilities,0.138,0.073,5.7,0.76,1203,0,0,1,0
55.65,9,2,gas_transport,0.184,0.03,3.0,0.97,1086,0,0,1,0
36.02,21,1,grocery,0.062,0.261,0.1,1.33,2473,0,0,1,0
21.34,8,4,dining,0.152,0.148,8.6,1.42,1683,0,0,1,0
611.47,15,10,travel,0.915,0.672,37.3,6.88,142,0,1,1,1
24.83,10,3,grocery,0.053,0.317,4.3,0.71,1391,0,0,1,0
127.47,4,3,clothing,0.091,0.024,3.5,0.86,2285,0,0,1,0
81.58,3,5,gas_transport,0.322,0.067,7.2,0.79,2223,0,0,0,0
10.23,13,2,grocery,0.013,0.431,7.7,1.26,232,1,0,0,0
148.45,21,4,utilities,0.012,0.297,3.1,0.87,840,0,0,1,0
43.83,16,2,grocery,0.066,0.125,10.1,1.12,2570,0,1,0,0
83.41,9,1,grocery,0.101,0.07,16.8,1.0,2408,0,0,1,0
115.99,9,1,entertainment,0.047,0.219,2.6,1.56,3083,0,0,0,0
51.68,10,2,grocery,0.083,0.159,2.0,1.2,3557,1,0,0,0
38.3,11,3,grocery,0.077,0.226,10.4,1.22,944,0,0,0,0
24.43,9,2,gas_transport,0.111,0.206,5.6,0.71,3449,0,0,1,0
36.6,14,3,travel,0.01,0.234,12.1,0.91,2470,0,0,0,0
21.99,13,3,grocery,0.143,0.094,7.1,1.05,623,0,0,0,0
38.08,18,2,grocery,0.037,0.065,2.1,1.16,345,0,0,1,0
61.53,15,1,grocery,0.176,0.083,1.4,1.53,1387,1,0,0,0
134.23,10,2,utilities,0.061,0.202,10.7,1.36,1757,0,0,0,0
50.32,20,4,clothing,0.121,0.121,4.4,0.98,3245,0,0,0,0
54.38,14,2,grocery,0.01,0.037,31.8,0.99,2463,0,0,0,0
19.82,10,2,gas_transport,0.02,0.219,6.0,0.81,2700,0,0,0,0
87.06,7,1,gas_transport,0.056,0.013,10.2,1.19,3000,0,0,1,0
24.87,21,1,clothing,0.077,0.231,20.5,1.37,2385,0,0,1,0
51.98,15,3,travel,0.097,0.17,6.0,1.19,3500,0,1,1,0
38.49,9,2,dining,0.164,0.133,0.4,0.58,2446,0,0,1,0
53.8,16,4,dining,0.166,0.167,30.8,1.2,3250,0,0,1,0
367.34,5,6,electronics,0.845,0.811,1240.4,9.71,57,0,0,0,1
41.53,6,1,utilities,0.116,0.16,2.0,1.13,406,0,0,1,0
77.55,14,3,grocery,0.116,0.187,7.1,1.29,680,0,0,0,0
47.94,15,1,dining,0.099,0.085,22.2,0.72,1454,0,0,0,0
96.67,12,2,gas_transport,0.191,0.322,10.9,0.93,1168,0,0,1,0
28.77,11,1,clothing,0.134,0.114,36.8,0.92,2075,0,0,0,0
14.91,4,5,health_beauty,0.243,0.172,5.5,0.63,3355,0,0,1,0
48.34,19,1,dining,0.394,0.463,0.9,0.96,3101,0,0,1,0
49.92,14,1,grocery,0.01,0.064,0.1,1.03,2244,0,0,1,0
27.35,10,1,clothing,0.282,0.024,1.4,1.22,1908,0,0,0,0
133.21,16,6,clothing,0.753,0.913,513.5,4.94,150,4,1,1,1
77.69,4,1,grocery,0.179,0.32,7.0,0.76,2852,0,0,0,0
75.78,13,3,grocery,0.076,0.039,27.4,1.07,1335,0,0,0,0
35.82,11,1,retail,0.063,0.269,16.9,1.17,1349,0,0,1,0
45.22,18,1,travel,0.197,0.375,17.6,0.57,2731,0,0,1,0
23.1,12,1,dining,0.014,0.22,59.3,1.05,1323,0,0,1,0
13.28,9,3,clothing,0.061,0.173,24.7,0.98,399,0,1,0,0
45.36,11,2,clothing,0.073,0.147,11.1,0.21,702,1,0,1,0
120.38,16,2,clothing,0.052,0.095,0.1,0.9,2683,0,0,0,0
28.79,13,1,gas_transport,0.027,0.335,5.9,1.1,757,0,0,1,0
387.1,3,12,electronics,0.865,0.755,1045.8,4.37,87,4,1,0,1
12.71,16,3,dining,0.206,0.095,0.1,1.3,373,0,0,0,0
26.1,10,3,dining,0.076,0.232,2.4,1.58,2504,0,0,1,0
120.0,21,11,retail,0.648,0.834,562.3,7.77,127,2,1,1,1
10.84,18,3,grocery,0.065,0.2,7.1,1.01,2382,0,0,1,0
22.7,7,4,grocery,0.315,0.095,3.7,0.91,786,0,0,0,0
497.42,20,14,electronics,0.445,0.726,75.8,5.24,398,1,1,1,1
52.37,15,1,dining,0.224,0.354,20.4,1.28,1109,0,0,0,0
45.41,12,1,entertainment,0.194,0.466,16.7,0.35,1290,0,1,1,0
144.34,20,3,grocery,0.044,0.167,13.1,0.98,3294,0,0,0,0
39.32,14,2,gas_transport,0.414,0.5,7.9,0.71,2668,0,0,0,0
86.57,16,3,entertainment,0.094,0.131,2.5,1.02,707,0,0,0,0
131.05,4,5,health_beauty,0.025,0.071,1.7,1.24,3587,0,0,1,0
42.54,0,2,clothing,0.327,0.197,28.3,1.01,2541,0,0,0,0
16.68,13,1,dining,0.01,0.133,5.2,0.99,2686,0,0,0,0
78.97,15,3,utilities,0.028,0.079,18.7,0.77,3578,0,0,0,0
32.77,15,1,dining,0.244,0.496,17.3,0.9,2388,0,0,0,0
21.68,19,3,utilities,0.033,0.043,0.8,0.85,385,0,0,1,0
27.83,16,4,dining,0.031,0.164,2.8,0.8,282,0,0,1,0
67.12,11,2,clothing,0.037,0.108,47.9,1.13,1929,1,0,0,0
28.15,15,2,grocery,0.135,0.366,7.2,0.86,2677,0,0,1,0
20.21,6,3,electronics,0.083,0.013,17.9,1.42,770,0,0,0,0
196.21,9,1,retail,0.121,0.099,5.9,0.81,543,0,0,1,0
85.96,11,1,clothing,0.201,0.128,31.6,0.88,2167,0,0,1,0
5.57,19,1,dining,0.142,0.158,15.0,1.07,230,0,0,0,0
84.99,18,1,entertainment,0.052,0.043,10.9,1.34,3477,0,0,1,0
13.96,17,1,grocery,0.108,0.206,6.8,1.0,1090,0,0,1,0
23.96,6,1,entertainment,0.153,0.261,0.5,0.93,2764,0,0,1,0
149.55,19,4,clothing,0.08,0.163,12.4,0.94,3563,0,0,1,0
6.08,8,2,dining,0.032,0.058,0.2,0.9,1002,0,0,1,0
4800.0,9,4,electronics,0.888,0.769,446.4,7.24,182,3,0,1,1
14.65,12,1,dining,0.027,0.193,5.7,1.13,3183,0,0,1,0
42.78,21,1,grocery,0.259,0.062,14.2,1.07,1261,0,0,1,0
21.79,18,1,grocery,0.161,0.034,6.8,0.63,3230,0,0,1,0
99.77,9,2,retail,0.265,0.287,3.0,0.58,316,0,0,1,0
1349.17,17,7,clothing,0.675,0.854,75.1,6.46,54,1,1,1,1
38.25,7,2,grocery,0.264,0.132,1.0,1.02,1868,0,0,0,0
42.99,19,3,dining,0.086,0.019,12.8,1.39,2070,0,0,1,0
25.43,0,1,grocery,0.05,0.18,0.4,1.07,1337,0,1,1,0
20.25,14,3,grocery,0.235,0.077,14.8,1.07,343,0,0,1,0
18.76,9,1,grocery,0.089,0.193,13.9,0.92,1198,0,0,0,0
8.73,13,2,dining,0.26,0.161,3.2,1.09,1990,0,0,1,0
29.92,16,3,health_beauty,0.033,0.037,33.1,1.14,3430,0,0,1,0
84.65,15,5,clothing,0.153,0.081,5.6,0.69,197,0,0,1,0
52.21,17,1,grocery,0.14,0.051,8.1,1.06,1215,2,0,0,0
62.19,17,2,grocery,0.411,0.069,39.9,0.97,2516,0,0,1,0
15.05,16,2,gas_transport,0.025,0.321,12.2,1.1,1719,0,0,0,0
51.23,17,2,dining,0.338,0.29,4.1,0.8,1672,0,0,1,0
38.79,1,3,health_beauty,0.229,0.448,8.8,0.78,3407,0,0,1,0
44.41,13,1,clothing,0.022,0.226,0.6,0.94,1105,0,0,0,0
34.85,9,3,electronics,0.251,0.117,6.2,1.67,1278,0,0,1,0
28.83,13,2,grocery,0.181,0.165,12.4,0.64,280,0,0,1,0
55.43,21,1,grocery,0.024,0.141,3.0,0.97,2460,0,0,1,0
4800.0,20,4,travel,0.803,0.941,1295.6,6.2,257,1,1,1,1
336.84,11,4,electronics,0.123,0.079,48.9,1.4,1035,0,0,1,0
115.69,14,4,gas_transport,0.03,0.078,11.0,0.4,3505,0,0,1,0
136.74,2,11,clothing,0.609,0.903,954.6,1.98,22,3,1,1,1
43.32,9,1,grocery,0.067,0.121,15.9,1.27,2566,0,0,1,0
86.85,7,3,dining,0.061,0.421,5.4,1.25,1392,0,0,1,0
82.04,15,1,utilities,0.094,0.043,8.3,0.88,2521,0,0,0,0
123.14,16,2,grocery,0.022,0.188,4.1,1.1,645,0,0,1,0
49.07,16,2,grocery,0.017,0.046,3.2,0.65,692,0,0,1,0
29.23,17,1,retail,0.18,0.093,3.9,0.97,3290,1,0,1,0
129.94,12,3,dining,0.059,0.105,1.9,0.8,2557,0,0,0,0
52.15,9,2,grocery,0.198,0.041,10.8,1.46,3313,0,0,0,0
82.57,8,2,dining,0.202,0.036,6.5,1.08,2501,0,0,1,0
32.11,10,2,dining,0.18,0.414,12.7,1.08,1710,0,0,1,0
116.59,15,2,health_beauty,0.082,0.122,7.3,0.65,1670,0,0,0,0
30.35,8,2,travel,0.023,0.291,6.8,1.02,3259,0,0,1,0
41.15,7,1,entertainment,0.194,0.168,8.0,1.01,1172,0,0,0,0
79.56,10,1,health_beauty,0.216,0.058,27.2,0.89,1868,0,0,1,0
109.99,8,2,dining,0.039,0.455,11.0,0.47,1049,0,0,1,0
43.91,8,1,clothing,0.129,0.342,14.2,1.11,2509,0,0,1,0
20.77,16,1,retail,0.123,0.056,4.9,0.86,2955,0,0,1,0
48.76,20,1,dining,0.095,0.417,4.4,1.06,1073,0,0,1,0
63.12,18,1,dining,0.025,0.264,29.4,1.31,1953,0,0,1,0
69.36,17,2,grocery,0.056,0.084,25.7,1.14,2315,0,0,0,0
96.89,6,3,electronics,0.253,0.258,30.4,1.31,1740,0,0,0,0
47.92,14,2,retail,0.222,0.309,5.3,1.23,3564,0,0,0,0
115.6,13,2,gas_transport,0.048,0.059,7.5,0.92,331,0,1,1,0
20.76,11,1,dining,0.135,0.084,21.7,1.2,1329,0,0,0,0
46.6,15,2,clothing,0.127,0.042,0.2,1.05,2573,0,0,1,0
64.5,11,1,grocery,0.276,0.115,7.0,1.18,2124,0,0,1,0
180.49,7,4,health_beauty,0.103,0.168,8.3,1.0,533,0,0,0,0
94.38,13,1,dining,0.084,0.106,14.5,0.89,3436,0,0,1,0
64.61,7,2,grocery,0.262,0.185,10.8,1.05,855,0,0,0,0
20.5,10,1,dining,0.16,0.248,25.3,0.83,3242,0,0,1,0
103.86,9,2,clothing,0.137,0.069,13.5,1.27,3360,0,0,0,0
34.26,13,4,gas_transport,0.084,0.111,1.5,0.46,207,0,0,1,0
60.54,13,2,entertainment,0.064,0.112,12.7,1.28,1780,0,0,0,0
650.84,2,6,travel,0.913,0.64,37.1,6.79,265,2,1,1,1
109.72,20,3,electronics,0.049,0.069,30.1,1.2,384,0,0,0,0
229.43,7,1,gas_transport,0.072,0.151,17.3,0.92,736,0,1,0,0
28.62,9,1,dining,0.071,0.027,8.0,1.23,1196,0,1,1,0
16.39,15,1,grocery,0.083,0.256,0.1,0.88,2289,0,0,1,0
112.99,11,1,gas_transport,0.382,0.017,61.8,1.12,2778,0,0,1,0
251.46,9,2,grocery,0.231,0.158,5.0,0.72,3530,0,0,1,0
196.15,15,1,gas_transport,0.025,0.245,3.3,1.23,1206,0,0,1,0
27.85,14,1,dining,0.205,0.014,44.9,1.02,2814,0,0,0,0
52.91,7,1,dining,0.101,0.429,4.1,0.49,1731,0,0,0,0
16.25,10,2,dining,0.168,0.216,23.5,0.76,1367,0,0,1,0
17.64,13,4,travel,0.278,0.293,11.2,0.46,3287,0,0,0,0
44.83,10,1,grocery,0.105,0.01,20.1,1.1,187,0,0,0,0
67.15,8,1,dining,0.01,0.071,8.5,1.17,1909,0,1,1,0
65.26,10,3,grocery,0.127,0.259,1.2,0.89,3014,0,0,1,0
29.35,21,3,travel,0.212,0.137,1.8,0.7,2765,1,0,1,0
27.06,6,3,grocery,0.377,0.121,15.7,0.72,603,0,0,0,0
24.11,18,1,grocery,0.147,0.467,26.9,1.09,1331,1,0,0,0
65.18,18,1,dining,0.162,0.362,4.5,0.74,1384,0,0,1,0
45.59,11,2,clothing,0.072,0.173,24.5,0.72,1199,0,0,1,0
19.72,7,1,gas_transport,0.338,0.163,1.8,1.15,812,0,0,0,0
47.87,19,4,gas_transport,0.048,0.083,13.6,0.53,3334,0,0,0,0
12.43,9,3,travel,0.153,0.269,13.8,1.65,457,0,0,0,0
136.95,14,1,grocery,0.047,0.082,32.1,1.0,1270,0,0,0,0
56.06,12,1,grocery,0.251,0.14,1.0,0.87,2125,0,0,0,0
2911.35,4,2,electronics,0.818,0.666,1470.8,2.45,91,3,1,1,1
91.73,8,2,grocery,0.1,0.312,31.2,0.85,229,0,0,0,0
76.37,12,1,clothing,0.168,0.222,12.2,1.6,2976,0,0,1,0
92.42,16,2,grocery,0.019,0.178,30.9,0.72,1768,0,0,1,0
125.7,3,10,travel,0.9,0.914,758.6,3.93,88,3,1,1,1
66.31,16,2,dining,0.028,0.043,27.3,0.82,2373,1,0,1,0
49.57,5,1,grocery,0.161,0.117,23.9,0.61,675,0,0,0,0
18.36,16,4,travel,0.038,0.237,17.0,1.46,3510,0,0,1,0
72.92,16,2,grocery,0.114,0.02,9.4,0.98,786,0,0,0,0
58.19,16,1,electronics,0.113,0.134,6.9,1.01,646,0,0,1,0
78.64,14,2,health_beauty,0.167,0.335,67.6,1.07,2147,0,0,0,0
15.29,12,2,dining,0.052,0.476,2.1,0.62,1646,0,0,1,0
36.01,5,2,utilities,0.137,0.221,14.6,0.76,327,0,0,1,0
80.37,16,5,travel,0.053,0.142,9.9,1.02,1956,0,0,0,0
28.04,16,1,entertainment,0.01,0.372,25.1,0.47,2579,0,0,0,0
26.13,15,1,entertainment,0.011,0.067,1.8,0.88,1602,0,0,0,0
193.37,1,6,retail,0.896,0.35,60.9,7.07,95,2,1,1,1
12.25,17,1,clothing,0.194,0.261,2.8,1.08,1460,0,0,1,0
55.59,11,1,grocery,0.066,0.073,8.0,0.64,806,0,0,0,0
48.49,9,1,grocery,0.061,0.295,9.4,1.14,1232,0,0,1,0
162.35,16,2,clothing,0.073,0.118,4.6,1.02,3298,0,0,0,0
52.81,14,2,grocery,0.043,0.259,5.6,0.82,2763,0,0,0,0
71.04,12,1,health_beauty,0.096,0.075,3.9,0.9,1126,0,0,1,0
42.99,5,1,dining,0.013,0.286,28.5,1.21,2385,0,1,1,0
100.0,7,1,entertainment,0.194,0.158,14.4,1.27,2223,0,0,1,0
74.62,19,4,health_beauty,0.048,0.14,43.5,0.99,2187,1,1,1,0
71.31,8,1,retail,0.055,0.138,8.8,0.67,2135,0,0,1,0
25.64,14,1,utilities,0.273,0.066,16.7,1.56,2748,0,0,1,0
89.05,9,3,utilities,0.254,0.125,17.1,1.15,1355,0,0,1,0
64.45,18,1,dining,0.058,0.154,4.6,0.99,2852,0,0,1,0
38.73,15,3,travel,0.01,0.066,10.5,0.8,2354,0,0,0,0
83.98,23,1,gas_transport,0.029,0.234,0.9,1.14,1517,0,0,0,0
204.8,9,2,grocery,0.043,0.119,6.2,1.2,2847,0,0,1,0
5.94,3,1,gas_transport,0.104,0.21,0.8,1.31,1734,0,0,0,0
54.91,9,3,grocery,0.45,0.105,21.1,1.37,3528,0,0,0,0
23.63,16,4,grocery,0.127,0.166,27.6,1.45,1549,0,0,1,0
57.94,4,2,grocery,0.019,0.201,12.8,0.84,2285,0,0,0,0
56.5,5,1,gas_transport,0.427,0.066,0.1,0.76,1333,0,0,0,0
31.53,14,1,utilities,0.01,0.222,18.7,0.71,2510,0,0,1,0
1288.61,22,8,travel,0.641,0.748,353.6,8.64,219,2,1,1,1
1649.63,19,5,electronics,0.953,0.441,376.1,5.12,94,0,1,1,1
18.05,14,1,grocery,0.081,0.04,11.0,1.32,1343,0,0,0,0
39.63,6,2,dining,0.201,0.064,10.1,1.36,2472,0,1,1,0
32.96,15,1,dining,0.166,0.231,0.1,1.02,2735,0,0,1,0
31.11,13,1,gas_transport,0.111,0.201,4.7,0.78,2661,0,0,0,0
350.09,15,1,clothing,0.053,0.337,2.1,1.4,1135,0,0,0,0
121.13,10,1,retail,0.04,0.243,4.5,1.01,497,0,0,1,0
157.74,9,2,grocery,0.119,0.182,1.2,0.52,327,0,0,0,0
31.11,9,1,grocery,0.149,0.066,24.9,0.77,1919,0,0,0,0
50.27,16,1,utilities,0.17,0.157,8.9,1.32,2446,0,0,1,0
68.42,16,2,retail,0.183,0.145,9.5,0.95,1137,0,0,0,0
17.93,8,1,grocery,0.167,0.227,7.3,0.97,1877,0,0,1,0
59.64,6,1,dining,0.146,0.159,55.4,1.22,820,0,0,1,0
50.05,10,4,travel,0.033,0.256,6.9,1.02,3101,0,1,0,0
28.84,17,2,grocery,0.064,0.422,0.7,0.81,3121,0,0,0,0
73.12,16,2,grocery,0.025,0.113,5.1,0.59,1317,1,0,0,0
29.7,14,1,gas_transport,0.18,0.197,7.9,0.81,447,0,0,1,0
60.02,2,3,clothing,0.076,0.062,0.4,0.89,2662,0,1,1,0
51.16,15,1,retail,0.116,0.246,26.0,0.75,1373,0,0,1,0
75.05,20,1,grocery,0.181,0.271,25.6,0.61,3274,0,0,0,0
23.87,8,2,entertainment,0.061,0.269,10.9,0.65,1227,0,0,0,0
14.2,2,1,retail,0.053,0.301,17.4,0.63,918,0,0,0,0
130.23,11,2,clothing,0.036,0.314,3.9,0.76,1795,0,0,1,0
11.83,6,1,grocery,0.079,0.25,0.5,0.97,724,0,0,1,0
95.06,18,1,utilities,0.102,0.101,17.3,1.14,965,0,0,1,0
56.7,12,1,grocery,0.374,0.034,0.3,0.66,1035,0,0,1,0
68.02,9,2,dining,0.139,0.114,11.6,1.18,927,0,0,0,0
102.49,18,2,grocery,0.014,0.382,20.7,1.1,3295,1,0,0,0
12.64,15,1,travel,0.076,0.194,3.0,1.4,378,0,0,1,0
83.65,15,3,travel,0.065,0.01,2.1,1.86,591,0,0,1,0
40.48,3,5,dining,0.264,0.247,15.3,1.01,973,0,0,1,0
77.14,9,1,grocery,0.07,0.096,11.0,0.68,3363,0,0,1,0
57.12,16,3,travel,0.222,0.376,2.5,1.09,1947,0,0,0,0
136.13,10,1,gas_transport,0.172,0.102,6.4,0.99,600,0,0,1,0
50.14,17,1,dining,0.238,0.155,15.2,0.8,873,0,0,1,0
32.25,11,1,utilities,0.086,0.5,30.2,0.97,2873,0,0,0,0
61.03,14,4,dining,0.088,0.01,1.2,1.25,2381,0,0,1,0
126.26,12,1,dining,0.165,0.127,20.8,0.82,1041,1,0,1,0
13.92,17,3,dining,0.068,0.164,53.0,1.39,328,0,0,0,0
7.66,13,2,clothing,0.04,0.225,2.3,1.13,2373,0,0,0,0
70.49,16,3,clothing,0.024,0.5,5.3,1.09,2628,0,0,1,0
120.0,5,6,clothing,0.751,0.876,491.9,10.82,453,1,1,1,1
28.73,15,3,travel,0.075,0.038,1.3,0.61,2212,0,0,1,0
17.26,8,1,entertainment,0.079,0.266,75.9,1.1,345,0,0,1,0
1937.27,7,7,clothing,0.879,0.608,73.1,3.65,33,0,1,1,1
22.97,17,2,utilities,0.051,0.134,12.4,0.63,336,0,0,1,0
55.56,9,3,electronics,0.113,0.242,17.9,0.98,3388,1,0,0,0
26.42,17,3,electronics,0.131,0.353,15.8,1.05,1801,0,0,0,0
40.57,8,3,travel,0.132,0.141,2.9,0.91,424,0,0,0,0
45.4,19,1,entertainment,0.066,0.212,0.2,0.72,2532,0,0,0,0
52.38,16,2,grocery,0.141,0.019,1.3,1.73,237,0,0,1,0
28.72,12,3,dining,0.108,0.039,23.2,0.48,599,0,0,0,0
2892.82,3,5,electronics,0.754,0.758,348.1,5.65,165,1,1,1,1
32.91,7,1,dining,0.021,0.111,2.0,0.21,1954,1,0,1,0
17.56,10,3,electronics,0.1,0.218,15.4,1.09,1194,0,0,1,0
120.0,23,9,dining,0.46,0.805,88.3,1.8,26,2,1,0,1
109.57,14,1,gas_transport,0.023,0.243,47.9,1.0,513,0,1,0,0
1701.99,21,8,electronics,0.5,0.752,385.5,6.09,208,3,1,1,1
218.53,14,3,entertainment,0.037,0.107,18.3,1.33,2124,0,0,0,0
162.69,17,2,electronics,0.242,0.138,20.2,1.47,703,0,0,0,0
99.13,21,2,travel,0.181,0.017,12.0,1.34,233,0,0,0,0
13.38,13,1,electronics,0.01,0.188,4.9,1.23,3560,0,0,0,0
45.43,13,1,gas_transport,0.048,0.189,1.3,0.84,290,0,0,1,0
14.2,17,1,gas_transport,0.083,0.142,21.5,0.51,3343,0,0,1,0
131.58,11,4,health_beauty,0.245,0.024,11.7,1.09,3361,0,0,1,0
57.24,19,2,grocery,0.107,0.076,26.5,1.32,1805,0,0,0,0
104.81,10,1,grocery,0.101,0.141,1.5,1.23,1173,0,0,1,0
30.03,23,3,gas_transport,0.1,0.079,16.7,1.03,526,0,0,1,0
57.7,19,1,retail,0.082,0.186,25.6,1.66,3330,0,0,0,0
38.56,6,4,retail,0.099,0.077,29.0,0.85,2022,0,0,0,0
107.88,10,1,utilities,0.315,0.085,12.1,1.07,2271,0,1,1,0
18.33,14,1,gas_transport,0.121,0.424,17.5,0.99,978,0,0,1,0
27.4,19,4,entertainment,0.06,0.26,9.3,0.68,2109,0,0,0,0
53.05,12,2,clothing,0.036,0.051,21.6,0.98,414,0,0,1,0
5.95,11,1,health_beauty,0.116,0.158,13.8,0.85,1076,0,0,0,0
91.46,13,1,dining,0.056,0.337,34.0,0.91,1013,0,0,1,0
41.26,19,1,health_beauty,0.03,0.364,2.4,0.63,3456,0,0,1,0
689.5,5,11,clothing,0.656,0.904,354.2,9.32,393,2,1,1,1
15.42,6,2,utilities,0.036,0.262,1.2,1.41,2608,0,0,1,0
60.88,17,1,grocery,0.025,0.162,42.9,1.45,3104,0,0,0,0
121.82,18,1,grocery,0.037,0.336,12.0,0.43,1291,0,0,1,0
13.09,7,1,dining,0.399,0.117,6.1,0.51,1738,0,0,1,0
67.49,21,1,utilities,0.242,0.169,40.3,1.12,1722,0,0,1,0
54.1,7,1,utilities,0.097,0.029,23.7,1.07,2230,0,0,1,0
38.94,21,1,dining,0.092,0.08,3.9,0.82,1503,0,0,0,0
1046.57,12,9,electronics,0.937,0.542,240.9,1.92,325,1,0,1,1
26.33,8,5,gas_transport,0.023,0.183,21.2,1.25,1894,0,0,1,0
212.48,21,6,dining,0.936,0.647,15.0,9.37,188,2,0,1,1
368.13,8,9,entertainment,0.842,0.73,218.8,8.74,380,3,1,0,1
46.71,20,1,dining,0.184,0.489,2.0,0.92,2251,0,0,1,0
101.58,14,2,dining,0.043,0.191,1.8,1.03,2795,0,0,0,0
670.5,17,6,electronics,0.591,0.835,705.1,5.89,229,0,0,1,1
103.57,8,3,electronics,0.182,0.028,15.1,1.02,237,0,0,1,0
15.67,12,3,entertainment,0.01,0.112,10.3,1.39,3282,0,0,1,0
162.98,14,4,retail,0.02,0.156,17.8,0.75,817,0,0,1,0
18.22,15,3,travel,0.092,0.09,1.2,0.75,359,0,0,0,0
33.19,16,2,grocery,0.119,0.5,2.4,1.05,1309,1,0,0,0
34.47,7,1,clothing,0.166,0.498,13.2,0.9,204,0,0,1,0
42.37,18,3,entertainment,0.046,0.181,0.6,0.7,2790,0,0,0,0
58.99,15,1,clothing,0.018,0.346,8.9,1.19,3517,0,0,1,0
2037.69,13,8,retail,0.605,0.35,1111.2,3.95,135,2,1,1,1
17.77,13,1,gas_transport,0.119,0.17,2.2,1.44,365,0,1,1,0
46.77,15,1,clothing,0.199,0.344,12.0,1.35,3138,1,0,0,0
23.37,13,2,dining,0.115,0.204,2.1,0.95,744,0,0,1,0
57.6,11,2,electronics,0.34,0.177,22.9,1.04,2598,0,0,1,0
239.51,6,1,dining,0.092,0.22,7.9,0.68,2102,0,0,0,0
55.28,12,3,health_beauty,0.027,0.177,8.2,1.28,1524,0,0,0,0
89.81,12,1,electronics,0.044,0.089,11.7,0.46,2406,0,0,0,0
16.62,12,1,health_beauty,0.082,0.23,6.8,0.94,512,0,0,1,0
37.35,16,1,travel,0.053,0.102,4.8,1.56,1441,0,0,0,0
23.0,9,1,dining,0.01,0.145,20.1,1.16,1282,0,0,1,0
32.08,12,3,utilities,0.08,0.058,5.0,0.87,941,0,0,1,0
77.53,16,1,entertainment,0.202,0.154,14.4,1.57,817,0,0,1,0
355.16,16,10,retail,0.882,0.727,449.5,4.52,237,0,1,1,1
155.26,12,1,dining,0.066,0.092,0.7,0.62,734,0,0,0,0
1085.59,2,8,entertainment,0.745,0.7,1556.2,1.8,74,2,1,1,1
14.13,20,3,utilities,0.052,0.212,16.0,1.01,2934,0,0,1,0
67.25,13,3,dining,0.01,0.313,15.9,1.25,2930,0,0,0,0
120.88,9,1,grocery,0.01,0.064,3.9,1.31,3240,0,0,0,0
65.28,16,3,grocery,0.02,0.437,13.8,1.53,3476,0,0,1,0
37.4,12,1,entertainment,0.203,0.075,5.4,1.02,1316,0,0,0,0
27.5,12,1,clothing,0.141,0.11,9.7,0.87,621,0,0,0,0
848.39,1,11,entertainment,0.863,0.619,1941.7,5.06,140,1,0,0,1
41.22,8,4,gas_transport,0.223,0.095,30.9,1.09,1341,0,0,1,0
45.48,7,2,utilities,0.176,0.213,3.1,0.31,767,0,0,1,0
71.34,22,1,grocery,0.054,0.05,24.7,1.01,2688,0,0,0,0
36.02,17,1,clothing,0.118,0.416,4.6,1.95,2672,0,1,0,0
13.32,11,2,grocery,0.042,0.271,3.7,1.23,2265,0,0,0,0
10.43,9,1,gas_transport,0.091,0.189,12.2,1.25,845,0,0,0,0
84.41,12,1,grocery,0.185,0.028,11.1,0.6,3466,0,0,1,0
72.6,10,3,electronics,0.35,0.01,7.8,1.8,2226,0,0,1,0
98.36,14,3,health_beauty,0.01,0.06,34.7,1.06,1472,0,0,0,0
51.56,0,6,health_beauty,0.057,0.083,47.7,1.03,1901,0,0,1,0
60.91,15,1,gas_transport,0.01,0.184,14.5,1.11,1239,0,0,0,0
59.18,8,3,utilities,0.167,0.151,6.3,0.96,740,0,0,1,0
12.95,18,2,dining,0.044,0.045,1.2,1.22,3272,0,1,0,0
42.66,14,1,dining,0.103,0.015,3.6,0.92,505,0,0,0,0
30.81,12,2,clothing,0.131,0.022,9.4,1.12,1261,0,0,0,0
133.76,21,2,clothing,0.152,0.127,1.4,1.27,1248,0,0,0,0
92.97,12,1,grocery,0.101,0.103,46.0,0.86,2430,0,0,0,0
82.71,6,1,grocery,0.048,0.043,1.0,1.17,2590,0,0,0,0
297.28,15,3,dining,0.266,0.319,1.4,1.13,2009,0,0,1,0
63.46,13,1,gas_transport,0.158,0.047,9.4,0.86,2471,0,0,0,0
88.12,9,2,grocery,0.028,0.183,3.2,0.76,1345,0,0,1,0
19.72,11,2,health_beauty,0.304,0.091,7.8,0.99,251,0,0,0,0
23.89,12,1,grocery,0.044,0.027,1.9,0.99,2376,1,0,0,0
206.36,15,7,clothing,0.122,0.279,1.0,1.13,1979,0,0,1,0
30.95,14,2,electronics,0.214,0.144,7.4,0.99,1301,0,0,0,0
111.04,10,4,electronics,0.016,0.266,12.2,1.15,908,0,0,0,0
118.44,11,1,gas_transport,0.133,0.096,3.3,0.9,2318,0,0,1,0
49.41,12,3,entertainment,0.041,0.066,5.9,0.82,1896,0,0,0,0
50.31,11,2,health_beauty,0.077,0.34,2.6,1.71,780,0,0,0,0
57.99,15,1,dining,0.098,0.112,0.9,0.69,433,0,0,0,0
50.94,17,2,gas_transport,0.025,0.39,3.3,0.68,1910,0,0,1,0
51.91,9,3,gas_transport,0.129,0.165,13.2,1.11,2494,0,0,0,0
21.26,9,1,grocery,0.035,0.209,2.0,0.62,2823,0,0,0,0
64.71,10,1,dining,0.083,0.171,0.4,0.75,3544,0,0,0,0
28.88,14,3,entertainment,0.312,0.148,14.7,0.7,2194,0,0,0,0
125.84,16,1,grocery,0.221,0.114,3.3,0.8,451,0,0,0,0
16.99,10,4,health_beauty,0.252,0.111,4.4,1.43,552,0,0,0,0
23.95,19,3,gas_transport,0.068,0.109,44.5,1.38,435,0,0,0,0
134.84,15,1,grocery,0.07,0.208,5.8,0.76,1723,0,0,1,0
35.33,10,1,clothing,0.341,0.083,5.6,0.68,901,0,0,1,0
36.11,11,1,entertainment,0.022,0.198,19.7,1.45,2761,0,1,1,0
60.84,7,1,dining,0.089,0.03,13.5,1.4,489,0,0,0,0
31.85,12,1,retail,0.219,0.05,8.4,1.07,2420,0,0,0,0
48.27,19,1,dining,0.01,0.018,0.7,1.06,3232,0,0,0,0
69.54,12,3,dining,0.15,0.205,3.4,0.84,944,0,0,1,0
40.78,14,2,health_beauty,0.017,0.103,4.3,0.4,1887,0,1,1,0
139.52,15,3,gas_transport,0.298,0.133,10.5,0.97,1460,0,0,1,0
30.01,6,6,dining,0.276,0.078,22.4,0.97,3217,0,0,0,0
94.9,10,3,gas_transport,0.141,0.273,0.7,1.0,1641,0,0,0,0
36.72,11,3,electronics,0.127,0.239,18.4,1.2,3383,0,0,1,0
162.45,17,1,gas_transport,0.04,0.143,1.5,1.37,2993,0,0,0,0
47.58,23,3,retail,0.435,0.5,2.2,0.58,3590,1,0,1,0
62.73,14,1,grocery,0.074,0.041,11.5,1.19,885,0,0,1,0
13.19,21,1,gas_transport,0.195,0.176,5.0,0.92,3076,0,1,1,0
54.25,17,1,grocery,0.049,0.041,0.1,1.23,871,0,0,1,0
24.87,13,1,health_beauty,0.328,0.095,3.3,0.31,3247,0,0,1,0
37.67,11,2,dining,0.024,0.325,10.5,0.37,484,0,0,1,0
23.11,9,2,electronics,0.326,0.328,3.0,1.04,2780,0,0,1,0
47.64,20,2,dining,0.102,0.134,8.1,1.39,1434,0,0,0,0
79.18,7,1,dining,0.025,0.496,15.7,0.2,3089,2,0,0,0
151.87,14,3,travel,0.111,0.112,7.7,1.6,2055,0,0,1,0
22.64,11,1,travel,0.127,0.174,36.8,0.7,1105,0,0,0,0
39.33,18,2,electronics,0.122,0.269,0.4,1.17,2389,0,0,0,0
15.98,17,4,grocery,0.081,0.253,4.4,0.54,1120,0,0,1,0
118.99,13,3,gas_transport,0.178,0.067,6.9,0.87,3171,0,0,1,0
17.82,9,1,dining,0.126,0.379,9.5,0.82,244,0,0,0,0
18.45,11,1,gas_transport,0.026,0.21,8.9,0.83,1613,0,0,0,0
63.43,19,1,grocery,0.106,0.204,9.5,1.54,910,0,0,0,0
10.53,12,2,travel,0.195,0.193,7.9,0.83,937,0,0,0,0
710.98,4,6,electronics,0.786,0.878,1861.6,1.8,47,1,0,1,1
87.8,17,2,entertainment,0.022,0.172,4.1,0.64,882,0,0,0,0
71.75,18,1,electronics,0.235,0.108,27.4,1.14,2993,0,0,0,0
123.62,13,3,grocery,0.024,0.07,28.5,1.38,2741,0,0,1,0
32.22,13,2,grocery,0.152,0.152,37.9,1.06,2940,0,0,1,0
20.3,9,1,health_beauty,0.144,0.123,50.1,0.74,3570,0,0,1,0
22.62,19,6,dining,0.018,0.025,7.8,1.0,1951,0,0,1,0
57.48,17,1,health_beauty,0.074,0.101,1.6,0.59,3297,0,0,1,0
38.63,16,1,entertainment,0.027,0.311,13.3,0.59,1588,0,1,1,0
68.74,10,2,retail,0.034,0.237,4.1,0.98,3139,0,0,1,0
15.68,19,4,clothing,0.06,0.01,20.3,1.28,2788,0,0,0,0
115.51,10,1,dining,0.075,0.081,20.0,0.87,918,0,0,1,0
83.41,18,1,utilities,0.031,0.034,4.4,0.98,764,0,0,0,0
161.33,8,3,gas_transport,0.308,0.322,2.3,0.81,2073,0,0,0,0
138.55,20,1,dining,0.189,0.034,24.7,0.71,3276,0,0,1,0
24.91,16,1,gas_transport,0.032,0.067,0.5,1.21,1545,0,0,1,0
36.31,12,3,dining,0.079,0.01,13.9,1.5,1579,0,0,1,0
25.3,17,1,gas_transport,0.318,0.406,21.6,1.4,1681,0,0,1,0
243.27,14,3,gas_transport,0.115,0.202,7.4,0.81,2788,0,0,1,0
5.0,14,1,clothing,0.104,0.331,16.8,0.71,1697,0,0,1,0
48.66,12,2,clothing,0.102,0.029,0.5,0.89,1578,0,0,0,0
811.92,13,8,electronics,0.782,0.381,725.9,3.01,57,1,1,0,1
44.29,17,1,grocery,0.027,0.141,4.9,0.73,1755,0,1,1,0
90.5,8,1,entertainment,0.016,0.265,7.4,0.79,1159,0,0,1,0
58.08,15,3,grocery,0.189,0.221,5.4,0.86,3296,1,0,0,0
33.49,15,3,clothing,0.114,0.034,24.3,1.09,2032,0,0,1,0
89.63,21,2,retail,0.052,0.198,1.8,1.36,738,0,0,1,0
26.08,8,2,grocery,0.117,0.145,19.8,1.07,2259,0,0,0,0
179.25,16,1,dining,0.187,0.263,0.6,1.14,2092,1,0,1,0
223.22,12,3,electronics,0.029,0.065,25.7,0.92,2634,0,1,1,0
78.78,7,3,grocery,0.296,0.074,2.0,0.79,1568,0,0,0,0
53.97,14,3,grocery,0.06,0.227,4.5,1.22,710,0,0,0,0
72.22,11,5,dining,0.205,0.322,13.0,0.87,1289,0,0,0,0
11.09,12,2,gas_transport,0.051,0.054,4.5,0.58,362,0,0,1,0
58.77,12,4,utilities,0.119,0.236,3.8,1.19,3557,0,0,0,0
71.05,15,1,dining,0.271,0.15,24.8,1.99,3564,0,0,0,0
24.07,11,1,dining,0.238,0.064,3.0,1.21,2779,0,0,0,0
201.88,1,2,health_beauty,0.069,0.194,4.9,0.72,969,0,0,0,0
17.7,6,1,grocery,0.13,0.412,0.3,1.23,1952,0,0,0,0
88.43,8,3,gas_transport,0.062,0.035,2.8,0.87,1387,0,0,1,0
37.98,3,3,dining,0.163,0.197,5.6,1.25,2782,0,0,1,0
28.68,13,4,dining,0.135,0.206,26.1,0.43,3166,0,0,0,0
169.07,23,2,travel,0.861,0.567,820.7,6.61,33,1,1,1,1
35.09,14,4,utilities,0.01,0.193,4.9,0.82,2643,0,0,1,0
40.28,8,1,electronics,0.444,0.463,2.1,0.6,887,0,0,1,0
11.54,16,7,electronics,0.01,0.072,1.8,0.94,1738,0,0,1,0
9.93,7,1,dining,0.263,0.127,10.1,1.59,341,0,1,1,0
19.33,15,2,gas_transport,0.332,0.05,6.0,0.78,3019,0,0,0,0
60.74,15,1,clothing,0.039,0.13,5.1,0.23,3298,0,0,0,0
30.48,10,1,clothing,0.073,0.054,18.4,0.33,1515,1,0,0,0
165.33,21,10,grocery,0.717,0.751,1417.3,5.16,90,2,0,1,1
81.14,14,1,dining,0.068,0.489,11.2,0.81,571,0,0,1,0
147.79,8,2,gas_transport,0.032,0.08,1.1,0.58,3236,0,0,1,0
175.71,8,3,retail,0.047,0.057,0.8,0.76,2389,0,0,1,0
85.92,23,1,dining,0.278,0.161,17.1,1.52,2378,0,0,1,0
29.88,16,1,electronics,0.038,0.171,2.1,1.29,1435,0,0,0,0
36.77,11,2,entertainment,0.077,0.093,17.7,1.46,2981,0,0,0,0
353.14,12,1,entertainment,0.088,0.101,4.9,0.76,1221,0,0,0,0
41.98,12,3,dining,0.087,0.109,5.4,1.0,2630,0,0,1,0
78.02,9,1,entertainment,0.105,0.107,28.1,1.21,3365,0,0,0,0
47.24,23,3,entertainment,0.102,0.5,9.0,1.46,2985,0,0,1,0
13.13,15,1,utilities,0.055,0.204,8.9,0.93,526,1,1,1,0
91.2,17,4,gas_transport,0.311,0.072,10.1,1.28,3189,0,0,0,0
74.17,16,2,dining,0.225,0.101,3.6,0.75,774,0,0,1,0
29.28,18,1,dining,0.172,0.076,10.9,0.83,1927,0,0,1,0
29.47,6,1,gas_transport,0.117,0.171,17.4,1.4,1317,0,0,0,0
525.49,1,8,travel,0.573,0.35,104.8,5.51,338,2,0,1,1
69.71,12,1,grocery,0.113,0.161,14.1,0.96,822,0,0,0,0
22.77,8,1,health_beauty,0.45,0.299,3.3,0.87,769,0,0,1,0
42.89,9,2,gas_transport,0.218,0.469,19.7,1.1,3568,0,0,0,0
116.43,7,1,gas_transport,0.323,0.239,13.1,0.88,1821,0,0,1,0
1530.06,3,6,travel,0.565,0.431,165.2,4.79,38,2,1,0,1
25.69,16,1,utilities,0.117,0.345,1.2,1.49,1713,0,0,1,0
148.24,10,2,grocery,0.153,0.037,20.1,1.04,728,0,0,0,0
21.72,16,3,clothing,0.078,0.076,0.2,0.54,2642,0,0,1,0
37.75,10,1,dining,0.419,0.17,16.0,0.82,1263,0,0,0,0
24.09,15,1,retail,0.181,0.242,47.1,1.07,3224,0,0,0,0
119.58,5,1,utilities,0.048,0.5,7.8,1.06,3164,0,0,1,0
62.34,10,2,grocery,0.121,0.131,12.1,0.84,1546,0,0,1,0
60.72,11,3,health_beauty,0.195,0.221,12.2,0.48,1593,0,0,1,0
59.97,19,1,dining,0.341,0.175,1.2,0.5,1253,0,0,1,0
21.13,12,5,travel,0.083,0.046,20.1,0.54,1960,0,0,1,0
17.97,12,1,grocery,0.279,0.217,22.4,0.74,1467,2,0,1,0
21.82,8,3,electronics,0.204,0.063,6.2,1.19,3273,0,0,0,0
9.18,12,4,travel,0.067,0.145,12.2,1.05,2903,0,0,1,0
145.81,19,1,electronics,0.01,0.369,5.5,1.19,1030,0,0,1,0
79.81,11,3,gas_transport,0.376,0.147,3.0,1.13,3467,0,0,1,0
64.39,16,1,clothing,0.193,0.152,2.2,0.68,3108,1,0,1,0
55.35,11,1,utilities,0.354,0.015,3.2,0.74,250,0,0,0,0
75.99,8,1,gas_transport,0.042,0.256,3.7,0.95,2084,1,0,1,0
21.75,7,2,grocery,0.077,0.361,3.6,0.97,2267,0,0,1,0
28.17,10,1,gas_transport,0.224,0.069,28.7,0.81,1270,0,0,1,0
152.06,14,3,dining,0.099,0.392,17.4,0.56,1254,0,0,0,0
27.49,10,2,gas_transport,0.13,0.42,11.4,1.07,1343,0,0,0,0
79.17,9,1,gas_transport,0.123,0.1,5.2,1.26,3100,0,0,1,0
15.07,16,5,grocery,0.045,0.424,8.2,1.42,1987,0,0,1,0
91.6,16,1,gas_transport,0.19,0.192,1.1,1.09,3204,0,0,1,0
72.77,15,1,electronics,0.038,0.076,0.2,0.54,1913,0,0,1,0
68.89,18,1,grocery,0.111,0.221,18.6,0.54,2553,0,0,1,0
20.87,18,1,dining,0.149,0.275,8.9,1.48,807,0,0,1,0
152.04,14,3,gas_transport,0.4,0.044,6.0,1.22,3123,0,1,0,0
51.71,15,1,electronics,0.074,0.077,7.9,1.04,434,0,0,0,0
358.52,12,2,dining,0.1,0.055,7.5,0.8,2947,0,0,1,0
22.69,10,3,gas_transport,0.332,0.118,6.4,0.84,3345,0,0,1,0
111.59,13,1,grocery,0.277,0.335,11.6,1.07,665,0,0,1,0
60.93,10,1,gas_transport,0.071,0.129,28.1,1.15,1304,0,0,0,0
538.04,6,1,dining,0.165,0.037,4.1,0.94,3217,1,0,1,0
14.17,11,1,health_beauty,0.071,0.158,1.1,0.86,915,0,0,0,0
41.68,13,1,electronics,0.061,0.305,29.7,1.22,3117,0,0,0,0
30.06,1,1,retail,0.021,0.187,38.0,0.99,1977,0,0,0,0
29.37,10,1,utilities,0.109,0.238,30.4,0.59,746,0,0,0,0
14.2,2,2,health_beauty,0.075,0.248,11.6,0.69,1280,0,0,1,0
159.51,4,7,electronics,0.757,0.751,280.8,10.63,159,2,0,1,1
16.49,7,2,travel,0.088,0.028,18.4,0.74,212,0,0,0,0
563.52,15,5,travel,0.949,0.67,883.3,7.18,30,0,0,1,1
10.26,22,3,dining,0.105,0.1,21.4,1.11,1917,0,0,1,0
26.32,19,1,dining,0.133,0.236,12.2,1.57,2810,0,0,0,0
9.96,12,1,grocery,0.249,0.178,0.1,1.1,740,0,0,1,0
13.12,8,1,electronics,0.136,0.312,4.6,1.1,3189,0,0,1,0
19.7,16,1,clothing,0.198,0.182,16.7,1.45,2940,0,1,0,0
63.99,1,2,utilities,0.179,0.109,17.4,0.84,731,2,1,1,0
32.3,12,1,grocery,0.174,0.021,16.3,1.15,2325,0,0,1,0
45.74,11,1,dining,0.314,0.074,6.5,0.71,1891,0,0,0,0
19.42,21,3,travel,0.072,0.12,4.8,0.66,1546,0,0,0,0
56.76,10,1,gas_transport,0.149,0.396,3.7,1.02,3381,0,0,0,0
43.37,10,2,travel,0.166,0.144,26.5,1.21,677,1,0,1,0
120.0,19,8,travel,0.574,0.766,233.2,6.62,463,2,1,1,1
69.3,9,1,grocery,0.297,0.092,32.4,0.9,3095,0,0,0,0
16.46,9,3,dining,0.229,0.33,17.1,0.84,2124,0,0,0,0
40.31,7,2,utilities,0.079,0.062,8.3,1.08,1070,0,0,0,0
26.76,8,1,gas_transport,0.109,0.22,15.2,0.83,1746,0,0,1,0
27.73,16,3,health_beauty,0.058,0.01,0.2,1.17,1900,0,0,1,0
67.75,21,2,clothing,0.21,0.362,1.5,1.1,2686,0,1,1,0
20.45,9,2,gas_transport,0.062,0.092,4.2,0.2,1343,0,0,1,0
50.14,12,1,gas_transport,0.151,0.052,1.8,1.13,3394,0,0,0,0
155.5,14,1,grocery,0.154,0.313,0.4,0.98,3073,1,0,0,0
10.68,17,1,health_beauty,0.079,0.078,8.4,1.54,1998,0,0,1,0
8.88,14,2,grocery,0.039,0.071,0.5,0.28,407,1,0,1,0
140.99,9,3,grocery,0.038,0.25,21.2,1.28,2508,0,0,1,0
63.27,12,1,grocery,0.108,0.417,11.6,1.53,516,0,0,1,0
17.71,15,1,clothing,0.185,0.5,32.1,0.41,2689,0,0,0,0
23.49,11,3,gas_transport,0.06,0.029,6.6,1.02,2547,0,0,0,0
8.83,8,1,gas_transport,0.046,0.071,27.8,0.7,1394,0,0,0,0
41.71,8,3,electronics,0.131,0.257,3.3,1.14,918,0,0,0,0
535.29,5,8,retail,0.857,0.764,285.3,6.19,427,4,1,1,1
23.24,15,2,clothing,0.224,0.345,9.6,0.74,526,0,0,0,0
291.47,15,2,grocery,0.291,0.061,9.9,1.44,1920,0,0,1,0
95.23,13,1,clothing,0.087,0.118,2.4,0.58,2368,0,0,0,0
105.69,5,2,dining,0.035,0.01,1.2,1.19,3403,0,0,0,0
120.0,22,5,gas_transport,0.531,0.568,436.9,4.67,178,1,0,1,1
9.16,10,1,travel,0.319,0.142,17.8,1.18,602,0,0,0,0
17.6,23,2,entertainment,0.061,0.166,4.1,0.92,1524,0,0,0,0
31.52,20,1,grocery,0.01,0.137,24.5,1.1,856,0,0,0,0
45.34,13,1,gas_transport,0.177,0.354,64.1,0.68,201,0,0,1,0
13.66,16,4,health_beauty,0.135,0.476,2.3,0.93,2303,0,0,0,0
51.83,11,3,grocery,0.269,0.032,2.1,0.97,1513,0,0,0,0
21.91,12,4,health_beauty,0.164,0.064,13.1,0.68,846,0,0,1,0
92.93,7,1,clothing,0.112,0.016,30.5,1.08,3101,0,1,0,0
123.89,13,2,dining,0.29,0.18,3.0,0.79,837,2,0,1,0
70.73,12,1,gas_transport,0.291,0.08,2.7,0.88,723,0,1,0,0
21.31,16,1,grocery,0.066,0.131,3.1,1.39,3211,0,1,1,0
38.59,14,2,grocery,0.063,0.1,20.2,0.7,3031,0,0,1,0
21.62,12,3,dining,0.189,0.068,18.8,1.96,1427,0,0,0,0
53.85,20,2,travel,0.013,0.088,24.9,0.65,1471,0,0,0,0
22.93,8,2,gas_transport,0.048,0.114,7.2,0.81,437,1,0,1,0
10.91,18,1,grocery,0.057,0.118,1.6,0.91,2633,0,0,0,0
2621.4,12,11,travel,0.623,0.771,466.7,6.69,290,1,1,1,1
33.53,22,1,dining,0.126,0.039,15.1,1.14,1399,0,1,1,0
82.98,13,1,clothing,0.098,0.123,0.9,0.9,314,1,0,1,0
36.39,20,2,entertainment,0.1,0.081,6.8,1.28,1942,0,0,1,0
42.68,17,3,gas_transport,0.387,0.209,7.1,1.49,603,0,0,0,0
33.62,21,2,grocery,0.031,0.238,0.1,0.96,2075,0,0,0,0
138.64,14,1,dining,0.09,0.022,0.3,1.16,496,0,0,1,0
41.38,7,1,gas_transport,0.037,0.034,0.6,0.9,2678,0,0,1,0
12.13,17,3,health_beauty,0.023,0.067,25.2,1.26,763,1,0,1,0
19.38,23,3,travel,0.182,0.033,3.6,0.64,720,0,0,1,0
16.7,13,1,retail,0.423,0.305,2.7,0.7,1621,0,0,0,0
63.79,19,1,travel,0.011,0.11,16.9,0.71,2628,0,0,0,0
9.91,13,4,utilities,0.01,0.456,1.3,0.42,1535,0,0,0,0
87.8,9,1,dining,0.202,0.288,12.7,0.88,2857,0,0,1,0
46.91,10,6,clothing,0.133,0.115,0.3,1.29,754,0,0,1,0
39.91,18,1,retail,0.097,0.118,16.8,0.2,508,0,1,0,0
11.09,16,4,entertainment,0.039,0.238,6.3,0.81,2337,0,0,0,0
75.51,8,2,health_beauty,0.104,0.18,1.4,1.02,3520,0,0,0,0
50.73,10,3,electronics,0.181,0.211,17.7,1.04,1547,0,0,0,0
41.84,18,2,electronics,0.091,0.195,24.0,0.76,749,0,0,1,0
97.74,14,2,utilities,0.013,0.286,2.8,1.24,2976,0,0,1,0
31.2,13,1,dining,0.231,0.214,3.9,0.86,1139,0,0,1,0
49.77,9,1,dining,0.092,0.216,29.3,0.72,570,1,0,1,0
17.26,7,1,gas_transport,0.162,0.029,4.2,1.04,2359,0,0,0,0
68.9,6,4,clothing,0.22,0.215,85.1,1.48,2637,0,0,1,0
124.6,11,2,dining,0.084,0.312,4.6,1.19,3069,1,0,1,0
288.91,2,9,electronics,0.635,0.709,950.1,3.11,8,0,1,1,1
60.96,10,1,grocery,0.215,0.118,24.0,0.31,2043,0,0,1,0
95.98,18,2,travel,0.133,0.34,21.4,1.2,440,0,0,0,0
60.9,13,4,gas_transport,0.222,0.193,1.0,0.85,705,0,0,0,0
23.04,18,1,electronics,0.163,0.035,20.0,0.42,1276,0,0,0,0
41.83,15,2,travel,0.124,0.203,5.6,1.86,2401,0,0,0,0
61.86,15,1,grocery,0.047,0.164,16.5,1.2,710,0,0,0,0
37.46,17,3,gas_transport,0.045,0.037,19.9,0.81,1865,0,0,1,0
57.39,19,1,health_beauty,0.078,0.442,33.1,1.15,3492,0,0,1,0
26.97,11,1,dining,0.277,0.048,2.8,0.84,445,0,0,0,0
199.39,14,2,gas_transport,0.097,0.025,3.5,1.39,1372,0,0,1,0
69.67,6,1,grocery,0.102,0.349,65.0,0.82,876,0,0,0,0
26.14,16,1,dining,0.093,0.177,18.8,0.99,1412,0,0,0,0
70.67,10,2,electronics,0.075,0.281,8.3,1.26,2072,0,0,1,0
28.18,9,1,grocery,0.075,0.01,0.5,1.42,3455,0,0,0,0
23.3,9,2,retail,0.117,0.125,5.5,1.03,1852,0,0,1,0
40.58,11,2,dining,0.102,0.018,10.2,0.93,1951,0,0,0,0
48.65,16,1,utilities,0.049,0.298,14.6,1.03,230,0,0,0,0
495.43,4,6,electronics,0.695,0.84,2866.7,4.29,365,0,1,1,1
10.96,7,2,travel,0.285,0.137,18.1,1.35,3505,0,0,0,0
36.68,11,4,dining,0.118,0.12,31.4,1.39,1425,0,0,0,0
66.74,17,1,dining,0.176,0.348,14.3,0.48,911,0,0,1,0
539.33,14,2,gas_transport,0.089,0.019,19.3,0.71,2430,0,0,0,0
33.88,19,2,clothing,0.063,0.034,5.3,1.58,1873,0,0,1,0
14.96,13,4,clothing,0.089,0.019,0.3,0.8,628,0,0,0,0
76.2,13,1,retail,0.12,0.034,34.6,1.11,2962,0,0,1,0
10.84,14,2,grocery,0.185,0.025,8.8,0.28,2395,0,0,0,0
84.55,11,3,travel,0.061,0.309,40.9,0.9,2026,0,0,1,0
87.43,8,3,grocery,0.147,0.033,0.2,0.6,3529,0,0,1,0
514.35,3,6,electronics,0.743,0.957,99.2,3.56,506,2,0,1,1
20.64,10,1,gas_transport,0.429,0.165,40.1,0.89,659,0,0,1,0
35.3,15,1,dining,0.033,0.205,32.0,0.73,2398,0,0,0,0
112.37,17,2,dining,0.316,0.12,0.8,0.5,1426,0,0,1,0
18.15,14,1,electronics,0.338,0.218,1.4,0.76,2309,0,0,0,0
16.83,9,1,electronics,0.014,0.023,10.8,1.28,1062,0,0,1,0
289.44,2,8,electronics,0.96,0.898,123.0,1.8,335,2,1,1,1
32.43,9,2,health_beauty,0.329,0.101,7.4,0.68,850,0,0,1,0
21.92,18,3,electronics,0.104,0.019,0.4,0.72,2722,0,0,1,0
61.26,13,3,dining,0.044,0.014,12.2,0.84,981,0,0,1,0
7.98,17,1,health_beauty,0.046,0.296,6.5,0.89,3492,0,0,1,0
67.54,23,1,dining,0.068,0.117,1.6,1.51,904,0,0,0,0
72.72,8,2,electronics,0.37,0.064,18.9,0.92,2845,0,0,1,0
56.52,9,3,dining,0.055,0.181,6.8,1.14,3138,0,1,0,0
9.51,8,3,dining,0.153,0.238,2.2,1.21,2686,0,0,0,0
45.16,20,1,grocery,0.011,0.013,0.8,1.4,1939,0,0,1,0
51.86,12,2,grocery,0.084,0.032,0.7,1.5,2710,0,0,1,0
25.85,19,1,entertainment,0.01,0.202,28.3,1.18,3056,0,0,0,0
70.05,14,4,gas_transport,0.164,0.085,32.8,0.73,535,0,0,0,0
55.78,21,1,grocery,0.01,0.01,2.5,0.94,2204,0,0,0,0
60.08,17,4,dining,0.105,0.352,32.2,0.56,2191,0,0,1,0
58.51,11,1,dining,0.167,0.074,13.1,1.24,1483,0,0,1,0
73.35,9,1,gas_transport,0.279,0.113,44.4,1.28,2995,2,0,1,0
15.64,8,3,clothing,0.025,0.078,25.9,1.08,1209,0,0,1,0
37.41,17,1,clothing,0.265,0.285,35.2,1.58,2760,0,0,1,0
17.53,8,5,electronics,0.266,0.033,10.1,1.04,3039,0,0,1,0
47.86,6,5,electronics,0.079,0.332,24.6,0.83,3276,0,0,1,0
254.03,10,1,utilities,0.234,0.184,75.2,0.8,1826,0,0,0,0
20.52,6,5,gas_transport,0.244,0.085,0.7,1.45,2381,0,0,1,0
34.49,18,4,grocery,0.233,0.052,13.4,1.05,377,0,0,1,0
121.76,11,3,dining,0.042,0.151,26.8,1.43,1468,0,0,1,0
5.0,8,1,utilities,0.146,0.3,23.1,0.95,2386,0,0,1,0
574.27,4,13,clothing,0.578,0.97,120.3,5.56,219,3,1,1,1
79.63,8,2,clothing,0.08,0.282,18.6,1.37,2459,0,0,1,0
12.39,16,1,entertainment,0.061,0.038,0.7,1.08,967,0,0,1,0
116.07,15,3,grocery,0.149,0.251,20.4,0.68,1752,0,0,1,0
40.67,19,1,grocery,0.064,0.053,1.6,0.81,815,0,0,0,0
46.47,16,2,electronics,0.301,0.01,0.7,0.81,2691,0,0,1,0
86.28,8,2,dining,0.01,0.19,3.0,1.25,451,0,0,0,0
72.47,14,2,grocery,0.014,0.076,29.3,0.8,3367,0,0,0,0
6.11,23,1,gas_transport,0.046,0.267,5.4,1.28,2710,0,0,0,0
19.8,9,4,grocery,0.301,0.089,3.0,1.11,618,0,0,0,0
82.38,13,3,grocery,0.07,0.039,3.6,0.85,612,0,0,1,0
10.58,13,4,retail,0.017,0.217,5.3,0.99,2867,0,0,1,0
132.61,10,2,dining,0.195,0.086,43.1,0.99,219,0,0,1,0
120.0,3,7,entertainment,0.772,0.788,1838.3,6.31,610,1,1,1,1
607.39,21,5,clothing,0.616,0.626,468.4,4.66,104,3,1,1,1
76.01,9,1,dining,0.04,0.021,12.4,0.88,1469,0,0,0,0
108.48,10,1,grocery,0.013,0.248,7.3,0.92,2167,0,0,0,0
213.23,10,1,dining,0.098,0.176,3.7,1.17,1923,0,0,0,0
38.31,7,3,grocery,0.157,0.154,1.9,0.75,3045,1,0,1,0
35.95,17,1,dining,0.047,0.021,0.2,1.47,3546,0,0,0,0
45.98,19,3,gas_transport,0.063,0.096,54.1,1.02,3050,0,0,1,0
38.22,12,2,grocery,0.059,0.142,12.2,1.17,1682,0,0,1,0
25.95,9,1,dining,0.109,0.226,15.0,0.96,815,0,0,1,0
3148.76,8,7,electronics,0.917,0.35,28.8,11.21,7,2,1,1,1
30.0,19,1,travel,0.242,0.101,4.2,1.04,2001,0,0,0,0
27.16,9,4,grocery,0.074,0.08,10.0,0.51,2413,0,0,0,0
12.75,9,1,grocery,0.01,0.066,14.4,1.26,1362,0,0,0,0
12.06,11,2,dining,0.146,0.139,2.5,0.88,205,0,0,1,0
20.33,8,2,clothing,0.052,0.183,11.5,1.02,2760,0,0,1,0
69.27,11,4,clothing,0.135,0.325,21.1,1.49,2860,0,0,0,0
37.52,12,1,dining,0.1,0.158,23.4,1.01,2008,0,0,0,0
32.65,1,1,utilities,0.01,0.168,4.0,0.7,2503,0,0,1,0
86.35,19,3,clothing,0.067,0.051,30.6,0.57,2945,0,0,0,0
18.47,13,1,travel,0.015,0.307,3.0,0.96,2406,0,0,1,0
81.73,18,1,dining,0.043,0.197,1.2,0.85,3252,0,0,0,0
28.64,16,1,travel,0.144,0.112,20.1,1.19,2634,0,0,1,0
31.15,6,2,retail,0.278,0.224,28.1,1.23,2317,0,0,0,0
68.66,6,1,travel,0.039,0.126,19.3,0.91,590,0,0,0,0
62.56,11,2,dining,0.287,0.15,2.7,0.57,2689,0,0,0,0
101.08,21,1,travel,0.073,0.037,5.7,1.03,2617,2,0,1,0
30.5,6,3,health_beauty,0.18,0.013,4.1,0.71,2832,1,0,1,0
52.3,10,1,grocery,0.08,0.149,31.6,1.16,215,0,1,1,0
29.9,9,2,entertainment,0.076,0.229,0.4,1.23,2455,0,0,1,0
21.11,10,2,grocery,0.158,0.179,13.7,1.15,2061,1,0,1,0
105.6,3,1,dining,0.05,0.105,36.5,1.55,1450,0,0,1,0
34.74,21,1,dining,0.396,0.384,20.3,0.83,1018,1,0,0,0
37.96,18,3,dining,0.251,0.297,23.9,1.32,2057,0,0,0,0
117.59,16,5,entertainment,0.01,0.058,14.8,0.72,2700,0,1,1,0
62.91,14,4,clothing,0.021,0.103,3.8,0.81,1127,0,0,0,0
112.96,8,3,electronics,0.089,0.5,33.6,1.03,957,1,0,1,0
14.36,8,2,entertainment,0.093,0.215,21.5,0.81,1142,0,0,1,0
45.15,22,2,retail,0.232,0.047,7.2,1.06,212,0,0,1,0
82.18,5,2,clothing,0.295,0.233,14.5,1.7,2385,0,0,1,0
10.02,12,1,grocery,0.016,0.173,0.5,1.33,615,0,0,0,0
109.36,9,1,clothing,0.057,0.181,2.7,1.44,274,0,0,1,0
170.5,11,2,grocery,0.095,0.018,8.7,0.63,2604,0,0,0,0
28.75,2,2,gas_transport,0.015,0.089,6.9,1.02,512,0,0,0,0
108.05,9,5,entertainment,0.12,0.239,17.7,0.76,1882,0,0,1,0
61.85,20,1,utilities,0.084,0.261,29.7,0.59,1451,0,0,1,0
23.9,8,2,dining,0.048,0.081,4.0,1.57,1878,0,0,0,0
80.28,13,2,electronics,0.147,0.125,7.4,1.39,2435,0,0,0,0
16.61,8,4,dining,0.351,0.261,5.3,0.56,2110,1,0,1,0
25.83,18,4,dining,0.02,0.153,12.7,0.86,1314,0,0,1,0
117.62,8,2,clothing,0.012,0.068,3.1,1.09,2144,0,1,1,0
234.15,15,1,grocery,0.019,0.081,16.2,1.26,2895,0,0,1,0
39.01,10,1,dining,0.45,0.095,29.5,1.28,1432,0,0,0,0
68.35,6,1,gas_transport,0.193,0.049,6.1,0.6,2900,0,0,0,0
102.4,7,1,clothing,0.079,0.35,3.6,1.26,2151,0,0,1,0
20.2,16,1,grocery,0.021,0.083,9.3,1.33,776,0,0,0,0
43.84,15,1,gas_transport,0.01,0.111,5.3,0.97,2143,0,0,1,0
22.92,20,1,gas_transport,0.036,0.128,9.3,0.65,1755,0,0,1,0
27.69,14,4,gas_transport,0.073,0.01,9.9,0.84,1485,0,1,1,0
697.28,16,8,travel,0.775,0.716,1758.3,2.13,94,2,1,1,1
18.32,9,3,entertainment,0.188,0.242,2.5,1.01,3205,0,0,1,0
284.05,7,7,electronics,0.868,0.859,1098.4,5.57,172,0,1,1,1
47.27,2,1,dining,0.043,0.179,20.7,0.84,2834,1,0,0,0
45.92,7,3,entertainment,0.036,0.069,11.4,0.69,797,0,0,0,0
10.91,7,2,health_beauty,0.152,0.131,54.0,0.68,257,0,0,0,0
74.51,18,4,grocery,0.116,0.19,13.9,0.97,1602,0,0,0,0
119.64,14,2,gas_transport,0.07,0.191,4.3,1.3,2386,0,1,1,0
576.01,4,5,health_beauty,0.841,0.832,312.2,7.22,54,2,1,1,1
27.16,1,5,health_beauty,0.111,0.162,23.6,1.09,2346,2,0,1,0
191.42,17,3,dining,0.087,0.153,18.2,1.2,2440,0,1,0,0
15.42,7,2,dining,0.027,0.5,28.7,1.91,1356,0,0,1,0
13.12,17,3,dining,0.087,0.33,10.3,1.25,2816,0,0,0,0
66.66,8,1,grocery,0.093,0.177,22.8,0.67,1667,0,0,0,0
141.6,7,2,travel,0.078,0.148,6.2,0.79,1715,0,0,1,0
27.74,11,1,gas_transport,0.021,0.104,5.4,1.21,1358,0,0,0,0
1447.96,2,3,entertainment,0.943,0.905,1544.2,3.45,170,2,1,1,1
55.45,11,1,grocery,0.01,0.135,0.2,1.13,3381,0,0,0,0
99.25,11,2,dining,0.029,0.123,15.4,0.63,639,0,0,1,0
18.14,8,1,gas_transport,0.122,0.391,0.2,0.7,1794,0,1,1,0
97.78,14,5,clothing,0.01,0.309,6.1,0.93,748,0,0,0,0
33.38,12,1,grocery,0.138,0.217,1.6,1.24,2176,0,1,1,0
60.49,11,1,health_beauty,0.217,0.168,3.5,0.66,1787,0,0,1,0
33.33,6,4,grocery,0.085,0.08,40.6,1.03,3476,0,0,0,0
14.42,9,1,grocery,0.312,0.214,15.1,1.1,1071,0,0,0,0
59.63,7,1,grocery,0.01,0.094,6.9,1.53,2247,0,0,0,0
50.61,13,3,electronics,0.414,0.115,3.8,1.41,1206,0,0,0,0
18.04,21,5,gas_transport,0.207,0.024,7.0,0.53,973,0,0,1,0
13.76,14,1,gas_transport,0.255,0.442,3.9,1.16,1542,0,0,0,0
69.61,2,4,grocery,0.102,0.33,6.3,1.01,3566,0,0,0,0
126.35,5,10,travel,0.909,0.78,15.0,6.88,96,4,0,0,1
162.55,14,3,travel,0.197,0.179,11.2,1.2,3510,0,0,1,0
50.22,8,3,clothing,0.113,0.029,1.7,1.14,3410,0,0,1,0
129.81,19,1,utilities,0.098,0.023,2.1,1.28,742,0,0,1,0
25.93,19,4,dining,0.01,0.315,1.7,1.29,3370,0,0,0,0
218.7,7,5,travel,0.605,0.876,994.1,11.02,385,2,1,1,1
101.83,7,3,clothing,0.11,0.073,14.7,1.46,1313,0,0,1,0
29.23,23,1,gas_transport,0.076,0.076,6.0,0.97,800,0,0,1,0
31.01,11,2,grocery,0.292,0.085,9.5,1.25,2325,0,0,0,0
158.27,15,2,grocery,0.035,0.154,0.9,1.41,3279,0,0,1,0
24.61,11,1,gas_transport,0.01,0.251,21.8,1.36,1535,0,0,1,0
32.74,6,3,grocery,0.216,0.111,19.7,0.42,1743,0,0,1,0
44.0,10,2,grocery,0.01,0.019,6.2,1.36,3478,0,0,1,0
42.05,17,3,dining,0.038,0.043,14.7,0.3,900,0,0,1,0
22.9,12,1,dining,0.293,0.113,1.1,1.07,1241,0,0,1,0
57.57,14,2,grocery,0.045,0.147,26.2,0.98,2569,0,0,1,0
17.6,19,4,health_beauty,0.016,0.102,2.4,0.66,3135,0,0,0,0
58.32,7,3,health_beauty,0.06,0.184,2.3,0.96,1017,0,1,0,0
54.45,7,3,electronics,0.094,0.137,8.4,1.28,1794,0,0,1,0
106.29,11,1,travel,0.138,0.253,6.2,1.13,1334,0,0,1,0
19.45,17,1,grocery,0.192,0.02,0.2,0.98,682,0,0,1,0
27.93,12,1,utilities,0.187,0.01,7.1,0.94,1512,0,0,0,0
18.82,18,1,gas_transport,0.084,0.031,7.1,0.61,1799,0,0,0,0
19.61,7,1,gas_transport,0.166,0.096,3.0,0.47,2827,0,0,1,0
38.22,19,4,grocery,0.062,0.392,32.8,0.66,1921,1,1,0,0
206.29,10,4,utilities,0.029,0.018,6.6,1.18,2836,0,0,1,0
53.44,16,3,grocery,0.091,0.031,31.1,0.74,2729,0,0,0,0
86.17,10,1,grocery,0.076,0.14,4.7,1.54,1037,0,0,1,0
51.31,23,2,gas_transport,0.067,0.03,18.8,0.68,3432,0,0,1,0
27.88,12,1,electronics,0.01,0.103,23.6,1.1,3055,0,0,1,0
148.89,1,3,electronics,0.648,0.81,409.7,4.92,58,4,0,1,1
37.25,13,3,dining,0.063,0.316,39.6,1.31,1565,0,0,1,0
4800.0,1,6,travel,0.867,0.639,595.6,9.48,40,1,1,1,1
46.74,11,2,clothing,0.152,0.07,24.6,1.31,2349,0,0,1,0
22.98,8,1,grocery,0.16,0.158,12.7,0.93,2607,0,0,1,0
105.09,11,3,gas_transport,0.033,0.146,15.1,0.8,217,0,0,0,0
26.15,22,2,entertainment,0.171,0.044,1.4,1.26,877,0,0,0,0
99.87,15,1,gas_transport,0.127,0.022,3.2,1.07,2640,0,0,1,0
357.73,7,3,travel,0.871,0.71,676.5,8.83,40,1,0,0,1
51.13,6,1,grocery,0.29,0.263,33.8,0.91,2016,0,1,1,0
12.35,14,2,dining,0.187,0.161,18.4,1.32,2659,0,1,1,0
25.63,18,2,clothing,0.023,0.159,19.3,1.08,1584,0,0,1,0
12.4,8,4,grocery,0.045,0.24,1.8,1.52,891,0,0,0,0
109.67,19,1,clothing,0.017,0.082,11.0,0.87,3412,0,0,0,0
145.09,8,2,grocery,0.126,0.023,11.7,1.38,3203,0,0,1,0
150.62,7,1,electronics,0.029,0.038,14.3,0.9,3564,0,0,1,0
64.65,22,2,electronics,0.029,0.371,7.4,1.45,209,0,0,1,0
15.85,9,1,gas_transport,0.322,0.085,9.4,0.95,1290,0,0,0,0
44.0,7,1,entertainment,0.063,0.056,2.2,0.74,2545,0,0,1,0
118.36,17,1,dining,0.116,0.027,2.1,1.05,3119,0,0,0,0
62.96,9,3,entertainment,0.019,0.144,4.9,1.23,1293,0,0,0,0
15.64,6,1,gas_transport,0.141,0.07,17.2,0.84,3041,0,0,0,0
9.49,0,2,health_beauty,0.082,0.031,8.2,1.44,1471,0,0,1,0
24.2,7,3,grocery,0.104,0.113,5.8,1.09,2596,0,0,1,0
44.98,12,1,grocery,0.356,0.153,5.5,0.41,1840,0,0,0,0
40.46,19,1,grocery,0.247,0.036,0.4,0.99,3277,0,0,0,0
120.14,17,1,dining,0.139,0.173,6.8,1.49,3045,0,0,0,0
109.44,14,1,grocery,0.157,0.125,20.5,0.96,373,0,0,0,0
42.4,11,2,grocery,0.01,0.04,8.6,0.66,382,0,0,1,0
55.2,17,1,dining,0.054,0.176,1.5,0.2,2894,1,0,1,0
44.81,14,4,dining,0.163,0.04,0.6,1.11,1215,0,0,0,0
44.62,7,1,gas_transport,0.251,0.01,3.6,0.74,365,0,0,0,0
66.11,10,2,grocery,0.015,0.145,30.4,0.85,2317,0,0,1,0
16.81,9,2,retail,0.194,0.074,14.7,1.16,634,0,0,0,0
316.31,0,10,electronics,0.598,0.854,543.2,8.94,24,2,1,1,1
1339.35,10,6,utilities,0.641,0.802,306.6,9.05,293,2,0,1,1
91.44,13,1,clothing,0.083,0.087,33.5,0.76,1500,0,1,1,0
17.16,21,2,clothing,0.179,0.23,0.5,1.5,3375,0,0,1,0
77.22,16,2,health_beauty,0.151,0.204,9.5,0.86,2387,0,0,1,0
83.53,10,5,electronics,0.084,0.254,3.2,0.76,1740,1,0,0,0
41.49,14,1,travel,0.031,0.154,3.9,1.19,1635,0,0,0,0
7.98,9,2,health_beauty,0.064,0.04,1.7,1.38,2427,0,0,1,0
71.69,13,4,grocery,0.089,0.121,11.1,1.05,2525,0,0,0,0
38.58,21,3,dining,0.156,0.096,5.5,0.97,2563,0,0,1,0
142.25,15,1,grocery,0.18,0.111,2.7,1.12,1386,2,0,1,0
57.79,11,2,grocery,0.159,0.086,3.4,1.02,1374,0,0,1,0
61.68,15,2,gas_transport,0.184,0.063,24.0,0.33,405,0,0,0,0
62.46,23,2,dining,0.036,0.305,26.7,0.95,3221,0,0,1,0
47.64,9,1,entertainment,0.063,0.246,1.0,0.56,220,0,0,0,0
17.84,14,1,electronics,0.415,0.147,14.7,0.76,250,0,0,1,0
169.66,18,3,utilities,0.239,0.084,1.4,0.62,881,0,0,1,0
120.0,9,6,electronics,0.71,0.91,971.1,4.46,281,1,1,1,1
133.03,10,1,grocery,0.083,0.014,30.9,1.29,282,0,0,0,0
144.97,9,4,dining,0.01,0.107,7.2,1.18,2626,0,0,0,0
27.17,7,1,dining,0.01,0.2,2.8,0.96,2268,0,0,0,0
850.0,10,3,health_beauty,0.167,0.244,16.6,1.59,552,0,0,1,0
103.8,22,2,dining,0.169,0.089,0.2,0.36,3581,0,0,0,0
149.98,23,6,travel,0.75,0.553,309.3,3.58,171,2,0,1,1
20.25,20,2,grocery,0.108,0.221,24.2,1.21,2874,0,0,1,0
20.64,17,2,dining,0.232,0.253,0.4,0.67,2877,0,0,1,0
70.73,12,2,electronics,0.2,0.024,3.9,0.86,2576,0,1,1,0
155.61,17,2,dining,0.032,0.185,16.3,1.41,2198,0,0,0,0
45.85,11,3,dining,0.02,0.212,9.1,1.61,1136,0,0,0,0
44.07,7,2,grocery,0.172,0.098,8.7,0.92,604,0,0,0,0
18.77,9,1,health_beauty,0.039,0.156,16.2,0.89,783,0,0,1,0
46.06,7,2,electronics,0.01,0.131,15.1,1.16,3285,0,0,1,0
2294.55,0,4,electronics,0.655,0.741,712.5,6.45,62,1,1,1,1
47.7,9,4,utilities,0.087,0.298,22.6,0.38,1443,0,0,0,0
31.56,8,1,gas_transport,0.138,0.373,55.3,1.03,3051,0,0,0,0
537.09,20,8,retail,0.833,0.744,402.2,6.45,128,0,0,1,1
48.85,11,1,entertainment,0.028,0.197,5.6,0.35,2938,0,0,1,0
55.58,14,2,travel,0.017,0.268,8.5,0.5,3026,0,0,0,0
88.96,13,1,dining,0.246,0.171,4.2,1.25,2562,0,0,1,0
69.86,10,2,grocery,0.112,0.036,4.1,1.03,2346,0,0,0,0
1238.61,5,9,travel,0.644,0.661,331.3,7.44,37,0,0,1,1
55.64,13,4,grocery,0.082,0.224,21.9,1.23,3111,0,0,1,0
60.36,20,6,gas_transport,0.075,0.074,1.6,1.09,1731,0,0,0,0
42.9,8,3,health_beauty,0.164,0.34,0.6,0.23,3097,0,0,1,0
43.86,2,1,gas_transport,0.09,0.132,19.9,0.51,2320,0,0,1,0
17.0,10,3,entertainment,0.106,0.132,1.1,0.8,2916,0,0,1,0
10.34,11,4,entertainment,0.244,0.035,25.7,0.94,2421,0,0,0,0
71.35,17,1,entertainment,0.078,0.163,7.9,0.56,1992,0,0,1,0
58.24,12,1,travel,0.068,0.274,19.1,0.83,2656,0,0,1,0
47.56,12,2,electronics,0.105,0.079,34.3,1.17,2165,0,1,0,0
305.74,10,1,grocery,0.118,0.081,1.4,0.58,786,0,0,1,0
19.96,10,1,entertainment,0.04,0.042,24.7,0.89,2315,0,0,0,0
110.3,17,1,clothing,0.235,0.081,18.6,0.9,2468,0,0,1,0
604.79,2,5,entertainment,0.952,0.818,147.0,6.51,92,1,0,1,1
42.55,5,2,grocery,0.022,0.144,0.7,0.53,1403,0,0,0,0
66.54,22,3,grocery,0.123,0.155,13.3,1.08,2100,0,0,1,0
35.77,0,1,dining,0.047,0.248,4.1,0.75,2267,0,0,1,0
55.44,9,1,gas_transport,0.075,0.208,26.7,1.14,3560,0,0,1,0
326.44,12,1,retail,0.051,0.088,6.0,0.63,2778,0,0,1,0
44.15,8,1,grocery,0.024,0.24,0.1,1.15,2683,0,0,0,0
91.05,17,2,health_beauty,0.366,0.054,13.0,0.84,1734,0,0,0,0
22.78,7,1,entertainment,0.097,0.259,6.1,0.98,3137,0,0,0,0
1235.51,0,7,gas_transport,0.706,0.963,492.3,7.72,63,3,1,1,1
19.42,17,1,gas_transport,0.276,0.028,13.2,1.22,2571,0,0,0,0
24.58,7,2,health_beauty,0.039,0.042,20.9,0.5,2606,0,0,0,0
20.08,19,1,grocery,0.278,0.146,16.8,0.74,2688,0,1,1,0
13.53,16,1,dining,0.074,0.372,2.2,1.0,947,0,0,1,0
67.9,1,2,grocery,0.013,0.041,2.1,0.74,382,0,0,1,0
266.45,13,5,dining,0.081,0.129,13.5,1.23,2369,0,0,1,0
72.66,21,3,health_beauty,0.229,0.169,0.8,0.9,2745,0,0,0,0
163.61,17,3,retail,0.168,0.188,12.8,0.86,2245,1,0,0,0
47.03,12,1,health_beauty,0.011,0.293,16.5,1.03,1331,0,0,1,0
19.85,18,1,electronics,0.45,0.051,5.1,0.85,2388,0,0,1,0
56.44,7,4,gas_transport,0.032,0.1,16.1,0.95,3267,0,0,0,0
13.39,15,3,dining,0.114,0.018,24.7,0.71,2400,1,0,1,0
6.16,18,1,utilities,0.127,0.154,24.7,0.56,499,0,0,0,0
12.96,22,1,grocery,0.043,0.09,13.5,0.31,1530,0,0,1,0
56.37,8,4,travel,0.15,0.055,69.8,0.43,1373,0,0,1,0
24.9,8,3,health_beauty,0.16,0.349,5.4,0.81,477,0,0,0,0
82.04,16,2,gas_transport,0.097,0.24,3.6,0.53,1766,0,0,0,0
45.87,11,2,clothing,0.051,0.084,14.5,1.37,1532,0,0,1,0
82.65,20,1,gas_transport,0.143,0.329,6.4,1.02,312,0,0,1,0
11.59,6,1,grocery,0.074,0.112,7.6,1.21,923,0,0,0,0
17.44,17,2,grocery,0.082,0.074,11.9,0.62,3182,0,0,1,0
42.46,15,1,gas_transport,0.344,0.338,30.5,1.08,477,0,0,1,0
161.8,8,1,entertainment,0.047,0.165,7.8,1.23,1270,0,0,0,0
54.53,12,2,travel,0.279,0.151,11.8,1.26,3168,0,0,1,0
179.96,16,1,utilities,0.045,0.056,8.9,0.95,2799,0,0,0,0
53.55,7,1,grocery,0.118,0.5,0.2,0.94,2067,0,0,1,0
47.67,9,1,gas_transport,0.046,0.309,50.2,1.7,2197,0,0,0,0
63.53,13,1,gas_transport,0.053,0.497,1.9,1.23,480,0,0,1,0
45.79,10,1,gas_transport,0.087,0.063,7.3,0.28,221,0,0,0,0
48.85,13,1,entertainment,0.07,0.034,13.5,1.03,3283,0,0,0,0
26.26,15,2,grocery,0.048,0.062,31.5,0.81,368,0,0,1,0
22.84,20,1,dining,0.091,0.129,1.1,0.71,2850,0,0,1,0
197.15,11,1,gas_transport,0.227,0.138,4.4,0.66,209,0,0,0,0
70.67,3,2,electronics,0.084,0.07,18.8,1.0,3104,0,0,1,0
339.64,21,14,electronics,0.911,0.714,183.4,1.96,95,0,1,0,1
13.7,14,1,gas_transport,0.187,0.057,7.0,1.1,604,0,0,0,0
42.91,12,3,health_beauty,0.189,0.315,16.6,0.93,3374,0,0,1,0
46.32,9,1,clothing,0.078,0.187,32.2,1.01,2286,0,0,0,0
218.88,14,2,clothing,0.403,0.11,13.0,1.12,2533,0,0,0,0
269.64,3,3,travel,0.778,0.783,799.2,1.8,76,2,1,1,1
36.14,7,1,utilities,0.07,0.017,47.2,0.31,1566,0,0,1,0
44.55,18,3,clothing,0.047,0.026,20.3,0.97,2297,0,0,1,0
49.24,8,1,clothing,0.069,0.232,2.3,1.2,2901,0,0,0,0
51.64,19,4,travel,0.099,0.073,5.1,1.19,1232,0,0,1,0
1504.66,8,11,entertainment,0.885,0.391,894.5,3.7,93,3,0,1,1
22.9,9,2,dining,0.025,0.203,15.0,0.74,3291,0,0,1,0
237.63,8,3,grocery,0.231,0.095,22.4,0.94,2627,0,0,0,0
114.0,10,1,grocery,0.088,0.016,2.7,0.28,3567,0,0,1,0
170.7,15,1,health_beauty,0.199,0.226,7.8,1.16,1320,0,0,0,0
72.16,9,4,dining,0.094,0.365,10.2,0.83,2918,0,0,0,0
143.82,16,2,grocery,0.025,0.5,7.9,1.55,2595,0,1,1,0
164.7,16,1,gas_transport,0.142,0.219,8.7,1.04,3407,0,0,0,0
44.02,9,4,grocery,0.151,0.303,6.8,0.71,525,0,0,0,0
126.34,8,4,travel,0.321,0.095,0.3,1.2,1375,0,0,1,0
275.24,21,5,electronics,0.516,0.574,1377.5,1.8,489,3,0,0,1
59.41,8,2,utilities,0.01,0.197,1.4,1.74,574,0,0,1,0
89.86,16,1,health_beauty,0.01,0.153,5.9,1.13,1219,0,0,0,0
22.12,20,1,utilities,0.408,0.01,29.9,1.03,292,0,0,0,0
10.29,10,1,health_beauty,0.01,0.283,1.0,0.97,610,0,0,0,0
38.66,15,2,clothing,0.103,0.146,12.6,1.06,1452,0,0,1,0
87.58,7,4,gas_transport,0.421,0.109,27.3,0.86,1654,0,1,1,0
86.95,18,1,health_beauty,0.068,0.107,26.4,0.43,3425,0,0,0,0
173.1,22,2,clothing,0.101,0.446,21.2,1.53,3156,0,0,0,0
42.71,16,1,electronics,0.177,0.136,36.9,0.66,451,0,0,0,0
63.99,11,1,retail,0.057,0.092,1.6,0.77,2679,0,0,0,0
366.96,21,7,clothing,0.596,0.612,518.1,5.28,379,2,0,1,1
20.02,17,1,dining,0.095,0.083,12.3,0.88,370,0,0,1,0
20.15,16,1,gas_transport,0.129,0.158,18.7,0.72,834,0,0,1,0
34.65,11,1,grocery,0.074,0.119,3.0,1.7,2779,0,0,0,0
35.2,5,1,grocery,0.109,0.08,6.5,0.8,1125,0,0,0,0
93.39,8,1,entertainment,0.137,0.305,48.4,1.56,961,0,0,1,0
37.55,13,6,clothing,0.173,0.094,13.6,0.97,2982,0,0,1,0
57.67,10,1,electronics,0.193,0.196,1.0,0.53,1433,0,0,0,0
18.26,11,1,dining,0.1,0.5,5.4,1.42,3576,0,0,1,0
32.12,9,1,grocery,0.118,0.191,20.7,1.27,1565,0,0,1,0
81.07,10,2,travel,0.053,0.155,2.1,0.94,3433,0,0,0,0
16.45,22,3,clothing,0.206,0.023,29.5,1.12,1745,0,0,0,0
57.72,9,3,grocery,0.062,0.039,13.5,1.01,887,0,0,1,0
36.57,21,1,utilities,0.07,0.262,24.7,0.63,2246,0,1,0,0
31.69,1,1,clothing,0.042,0.1,31.1,0.74,2627,0,0,0,0
32.47,19,1,health_beauty,0.183,0.264,15.8,0.55,288,0,0,1,0
81.93,14,1,dining,0.078,0.039,7.5,1.29,3564,1,0,1,0
121.47,16,1,retail,0.174,0.235,13.9,1.26,3540,0,0,1,0
46.36,19,1,dining,0.07,0.159,9.3,0.89,3270,0,0,0,0
12.31,10,1,grocery,0.041,0.311,7.6,0.67,2682,0,0,0,0
95.53,9,2,clothing,0.032,0.037,15.5,0.79,3059,0,0,1,0
94.32,10,1,electronics,0.138,0.257,6.0,0.64,2250,0,0,0,0
68.67,6,3,clothing,0.033,0.181,2.8,1.2,2162,0,0,0,0
51.49,17,2,utilities,0.214,0.133,3.2,1.16,1191,0,0,1,0
99.05,22,1,entertainment,0.065,0.098,38.1,1.03,1873,0,0,1,0
7.57,21,2,gas_transport,0.261,0.16,1.9,0.97,2989,0,0,0,0
104.22,14,2,grocery,0.033,0.267,19.5,0.78,2569,2,0,1,0
120.0,23,2,clothing,0.807,0.723,973.2,6.12,27,3,0,1,1
21.84,18,3,grocery,0.116,0.132,10.4,1.14,869,0,0,1,0
124.63,7,1,gas_transport,0.056,0.434,6.0,0.44,2531,0,0,1,0
7.35,20,3,utilities,0.01,0.138,1.2,1.14,3351,0,0,1,0
63.58,9,2,travel,0.185,0.205,6.8,0.98,1961,0,0,1,0
14.5,17,1,entertainment,0.028,0.238,9.3,0.84,341,0,0,0,0
68.04,11,4,dining,0.136,0.15,15.1,0.72,2961,0,0,0,0
45.87,15,1,health_beauty,0.025,0.148,9.3,0.93,293,0,0,0,0
114.83,11,4,electronics,0.366,0.18,3.8,1.29,3232,0,0,0,0
101.94,5,1,grocery,0.264,0.087,11.2,1.24,2299,0,0,1,0
25.33,19,4,grocery,0.273,0.17,14.8,1.36,2744,0,0,0,0
21.91,9,3,grocery,0.039,0.229,6.8,0.48,1754,0,0,1,0
569.82,13,4,grocery,0.738,0.798,15.0,7.6,37,2,1,1,1
248.92,1,6,travel,0.74,0.737,644.2,3.04,54,3,0,1,1
60.41,13,2,retail,0.164,0.128,37.3,0.87,1021,0,0,1,0
91.71,22,1,clothing,0.157,0.259,0.5,1.28,353,0,0,0,0
144.0,15,3,clothing,0.057,0.089,1.9,0.97,3038,0,0,0,0
21.37,12,1,gas_transport,0.206,0.057,15.3,1.21,3256,0,0,0,0
38.88,11,2,travel,0.013,0.156,3.8,0.61,3321,0,0,1,0
10.1,22,1,health_beauty,0.028,0.244,36.3,1.14,3542,0,1,1,0
114.64,16,3,clothing,0.16,0.5,16.4,1.09,596,0,0,1,0
43.65,23,3,travel,0.112,0.318,21.0,1.37,1792,0,0,1,0
82.51,15,1,dining,0.052,0.336,0.7,1.29,1834,0,0,0,0
19.11,9,3,grocery,0.12,0.153,18.1,0.81,3049,0,0,0,0
114.79,17,2,clothing,0.093,0.271,3.8,1.08,3253,0,0,0,0
102.75,9,1,clothing,0.014,0.388,5.5,0.97,789,0,0,0,0
16.79,12,1,dining,0.074,0.181,3.5,1.18,1307,0,0,1,0
590.65,16,8,travel,0.664,0.561,236.1,6.73,195,4,1,1,1
19.3,13,2,health_beauty,0.028,0.24,7.8,0.62,3249,0,0,1,0
162.37,10,1,retail,0.042,0.5,40.7,0.93,1305,0,0,1,0
78.27,5,1,utilities,0.045,0.124,6.6,1.59,1455,0,0,1,0
30.36,7,2,grocery,0.024,0.354,0.3,0.28,1717,0,0,0,0
46.14,16,1,travel,0.085,0.102,7.5,1.06,2701,0,0,1,0
1080.46,14,8,entertainment,0.842,0.589,1417.5,4.49,107,1,1,1,1
76.88,19,3,retail,0.141,0.331,0.6,1.07,2483,0,0,1,0
67.02,9,1,gas_transport,0.058,0.093,14.9,1.13,1657,0,0,0,0
82.8,13,1,dining,0.191,0.284,14.7,0.68,3469,0,0,1,0
27.16,11,2,travel,0.089,0.063,8.1,1.19,1206,0,0,1,0
101.67,14,2,grocery,0.127,0.156,26.3,1.35,3008,0,0,1,0
31.41,11,1,dining,0.01,0.1,0.3,0.61,3007,0,0,1,0
36.18,10,1,clothing,0.083,0.171,1.7,0.72,441,0,0,0,0
53.02,10,1,grocery,0.109,0.163,3.7,1.0,3044,0,1,0,0
9.71,16,1,clothing,0.112,0.054,3.4,1.43,2904,0,1,1,0
16.38,18,2,utilities,0.043,0.034,9.4,1.43,3026,0,0,0,0
21.75,17,3,grocery,0.297,0.025,35.0,1.07,1498,0,1,1,0
33.33,17,3,utilities,0.45,0.102,1.1,1.02,3157,0,0,1,0
25.54,16,1,clothing,0.077,0.188,6.9,0.73,598,0,0,1,0
31.93,15,3,retail,0.096,0.271,38.1,0.56,896,1,0,1,0
13.06,16,1,travel,0.278,0.219,2.5,1.1,1207,0,1,0,0
20.41,10,1,grocery,0.45,0.01,7.7,1.19,2340,0,0,1,0
56.93,18,1,utilities,0.135,0.03,4.9,0.94,1785,0,0,1,0
710.62,20,5,clothing,0.552,0.565,1710.8,5.95,61,2,1,1,1
91.46,17,2,retail,0.091,0.292,1.8,0.88,359,0,0,1,0
28.79,17,2,grocery,0.167,0.201,3.3,0.99,1412,0,0,0,0
22.27,23,2,utilities,0.039,0.054,2.7,1.24,988,1,0,1,0
88.21,0,1,grocery,0.142,0.357,1.3,0.78,503,0,0,1,0
43.19,13,1,travel,0.156,0.389,4.6,0.91,2854,0,0,1,0
197.01,15,1,grocery,0.104,0.195,20.7,0.94,2350,0,0,1,0
26.3,14,1,gas_transport,0.168,0.18,4.4,1.41,2500,0,0,1,0
27.54,9,4,health_beauty,0.085,0.05,17.2,1.2,1866,0,0,0,0
26.77,20,2,utilities,0.087,0.164,4.5,1.11,1882,0,0,1,0
116.96,9,1,electronics,0.267,0.397,25.6,0.74,1345,0,0,0,0
38.0,12,2,clothing,0.219,0.114,5.6,0.96,1251,0,0,0,0
957.65,14,7,electronics,0.772,0.408,162.7,9.36,124,3,1,1,1
10.77,10,3,grocery,0.085,0.01,7.0,1.01,2792,0,0,1,0
120.32,14,2,utilities,0.034,0.106,15.5,0.96,1386,0,0,1,0
34.39,11,5,gas_transport,0.173,0.029,12.8,1.43,2127,0,0,1,0
13.53,11,1,clothing,0.034,0.046,10.0,0.8,1908,0,0,0,0
30.5,14,5,gas_transport,0.286,0.188,0.7,1.0,2810,0,0,0,0
18.49,14,1,gas_transport,0.209,0.418,11.3,0.94,2047,0,0,1,0
61.31,17,1,retail,0.085,0.111,17.7,0.79,208,1,0,1,0
53.62,6,3,entertainment,0.01,0.112,13.2,1.17,372,1,0,1,0
21.87,16,3,gas_transport,0.238,0.14,6.4,1.12,2854,0,0,0,0
26.31,15,4,grocery,0.043,0.073,2.7,1.48,1988,0,0,1,0
95.27,14,1,clothing,0.043,0.019,1.5,0.63,1547,0,0,0,0
106.23,1,1,entertainment,0.305,0.148,7.0,0.58,2041,0,0,0,0
7.74,10,1,gas_transport,0.124,0.374,45.9,0.87,1548,0,0,1,0
248.43,8,1,grocery,0.375,0.26,23.4,1.31,2400,0,0,0,0
39.19,10,5,health_beauty,0.058,0.092,11.2,1.28,1782,0,0,0,0
96.14,13,2,grocery,0.05,0.318,30.4,0.83,1552,0,0,1,0
76.72,11,1,grocery,0.276,0.095,11.1,1.12,2757,0,0,0,0
66.11,16,1,grocery,0.069,0.311,12.9,0.73,1267,0,0,0,0
110.04,11,4,dining,0.045,0.181,18.3,0.46,2580,0,0,0,0
109.93,10,2,dining,0.3,0.01,2.3,0.96,2361,0,0,0,0
350.1,0,8,electronics,0.714,0.74,1218.7,2.45,419,0,0,1,1
54.27,10,4,grocery,0.079,0.179,17.3,1.55,2752,0,0,1,0
48.17,12,4,gas_transport,0.2,0.197,7.3,1.11,696,0,0,0,0
13.64,14,3,grocery,0.138,0.212,12.7,1.3,3124,0,0,0,0
26.59,12,1,grocery,0.151,0.013,13.9,0.54,2774,0,0,1,0
49.6,10,1,electronics,0.236,0.022,4.7,0.68,2476,0,0,1,0
20.89,21,4,dining,0.293,0.12,21.4,0.86,2744,0,0,1,0
58.76,17,1,retail,0.028,0.091,34.9,1.3,2143,0,0,0,0
29.18,7,2,grocery,0.01,0.021,18.3,0.85,3136,0,0,0,0
235.11,15,2,grocery,0.142,0.375,4.2,0.6,1251,0,0,1,0
49.98,10,1,dining,0.115,0.2,16.4,1.06,195,0,1,0,0
451.06,21,4,entertainment,0.926,0.693,288.9,3.44,485,2,1,1,1
27.04,11,4,grocery,0.086,0.334,9.6,1.42,2309,0,0,0,0
62.04,12,3,grocery,0.028,0.029,17.7,1.28,840,0,1,0,0
159.83,6,2,clothing,0.047,0.105,18.8,1.11,2252,0,0,0,0
31.22,14,3,grocery,0.184,0.246,8.2,1.04,839,0,0,1,0
10.47,19,3,retail,0.057,0.191,33.0,0.92,1048,0,0,0,0
274.31,4,9,electronics,0.659,0.54,227.7,6.27,57,3,0,1,1
78.02,15,1,gas_transport,0.075,0.235,46.1,1.14,212,0,0,0,0
41.02,12,4,health_beauty,0.15,0.158,0.5,0.96,1976,0,0,1,0
15.48,14,1,gas_transport,0.297,0.461,23.9,0.79,3499,0,0,1,0
86.56,14,1,gas_transport,0.035,0.01,3.5,1.3,1570,0,0,1,0
47.45,19,4,dining,0.283,0.21,11.8,1.3,2885,0,0,1,0
112.0,7,2,electronics,0.01,0.331,21.0,0.5,1353,0,0,1,0
15.13,19,1,clothing,0.261,0.066,21.8,1.18,827,0,0,1,0
85.84,19,1,gas_transport,0.028,0.063,14.6,1.8,2363,0,0,0,0
50.73,17,3,dining,0.343,0.184,47.2,0.71,1981,0,0,0,0
91.47,13,1,utilities,0.07,0.259,0.1,0.46,2147,0,0,1,0
57.43,13,1,health_beauty,0.019,0.302,3.2,1.3,2209,0,0,0,0
42.7,7,1,gas_transport,0.079,0.318,20.3,0.91,2650,0,0,0,0
83.52,9,1,gas_transport,0.172,0.03,1.4,0.98,1326,0,0,0,0
44.1,9,1,health_beauty,0.306,0.031,24.0,1.45,1765,0,0,0,0
19.38,16,2,gas_transport,0.122,0.349,2.1,1.04,3283,0,0,0,0
43.46,20,4,utilities,0.233,0.075,38.6,1.51,525,0,0,0,0
8.59,15,4,retail,0.219,0.106,5.4,1.58,1034,0,0,0,0
102.72,9,1,dining,0.106,0.071,3.7,0.95,1549,0,0,0,0
44.77,7,2,dining,0.253,0.218,17.6,0.83,751,0,1,1,0
141.89,4,7,electronics,0.578,0.683,1581.5,7.87,86,0,0,1,1
1225.75,12,11,retail,0.813,0.667,1908.7,8.44,8,2,0,1,1
43.59,21,4,dining,0.014,0.029,10.9,1.19,390,0,0,1,0
28.72,16,1,grocery,0.04,0.01,1.8,1.29,2385,0,0,1,0
42.7,11,2,dining,0.152,0.026,3.5,0.6,1535,0,0,0,0
96.65,13,1,gas_transport,0.086,0.185,43.2,1.18,2296,0,0,0,0
27.5,13,1,grocery,0.035,0.285,8.5,1.02,2516,0,0,0,0
48.12,14,5,travel,0.427,0.029,6.5,1.05,2204,0,0,0,0
25.43,10,3,grocery,0.116,0.175,6.1,0.54,2727,0,0,1,0
2946.39,9,10,electronics,0.747,0.813,156.6,3.99,309,2,0,1,1
14.55,13,2,grocery,0.273,0.384,42.0,0.68,1887,0,0,1,0
75.58,15,2,electronics,0.424,0.015,11.5,0.93,2136,0,0,1,0
24.45,18,1,grocery,0.143,0.111,2.8,1.33,2691,0,0,1,0
60.03,16,1,grocery,0.02,0.135,47.9,0.46,2331,0,0,1,0
47.89,7,1,grocery,0.042,0.073,5.9,0.81,1780,0,0,0,0
479.35,3,8,electronics,0.897,0.831,613.5,9.0,51,2,0,1,1
2442.38,19,6,electronics,0.91,0.619,2096.5,2.57,225,2,1,0,1
561.96,6,4,travel,0.977,0.742,1716.7,10.01,311,2,0,1,1
120.0,16,6,travel,0.845,0.843,652.2,2.15,99,0,0,1,1
21.32,20,1,dining,0.204,0.141,39.5,1.07,1501,0,0,1,0
691.52,3,4,entertainment,0.588,0.747,56.3,5.31,159,3,0,1,1
199.56,12,2,gas_transport,0.106,0.269,7.5,0.86,2242,0,0,0,0
38.51,17,3,gas_transport,0.188,0.23,2.8,1.16,3453,0,0,1,0
58.53,9,1,grocery,0.139,0.051,10.6,1.34,3118,0,0,0,0
37.32,11,1,grocery,0.094,0.168,1.2,1.19,407,0,0,1,0
189.22,1,6,retail,0.571,0.836,673.4,8.65,38,2,1,1,1
92.84,12,1,retail,0.096,0.2,1.8,1.04,554,0,0,0,0
95.69,16,1,grocery,0.039,0.023,2.3,1.27,2785,0,0,1,0
164.5,10,2,grocery,0.131,0.088,7.7,0.82,3293,0,0,0,0
48.22,16,2,clothing,0.031,0.322,1.9,0.68,2560,0,0,1,0
27.51,17,3,entertainment,0.212,0.372,11.5,0.67,2577,0,1,1,0
23.06,20,2,travel,0.436,0.335,9.9,1.0,1748,0,0,1,0
60.65,9,1,gas_transport,0.121,0.5,35.9,0.66,2883,0,0,0,0
89.98,12,2,grocery,0.112,0.137,22.3,0.63,422,0,0,1,0
59.13,9,3,gas_transport,0.117,0.027,8.2,0.65,1461,0,0,1,0
44.22,13,3,dining,0.195,0.126,9.5,1.18,1911,1,0,1,0
122.01,17,2,dining,0.45,0.075,33.6,1.42,1758,0,0,1,0
59.77,17,1,grocery,0.195,0.215,21.4,0.85,431,0,1,1,0
30.24,20,1,grocery,0.226,0.287,27.9,0.79,2706,0,0,0,0
42.47,18,5,grocery,0.048,0.105,1.5,1.16,234,0,0,1,0
70.47,4,2,electronics,0.104,0.157,0.1,0.92,2394,0,0,0,0
83.26,5,1,entertainment,0.014,0.058,10.4,0.46,2154,0,0,1,0
12.2,10,1,travel,0.101,0.096,7.5,1.2,2161,0,0,0,0
19.36,10,3,gas_transport,0.319,0.085,6.9,0.9,2392,0,0,1,0
46.51,7,1,grocery,0.249,0.25,6.2,1.65,517,1,0,0,0
120.0,0,10,travel,0.914,0.824,3881.0,5.83,518,2,1,1,1
117.53,14,2,utilities,0.177,0.107,1.8,0.93,634,0,0,1,0
85.4,10,3,grocery,0.323,0.345,49.1,0.83,1863,0,0,0,0
89.23,14,4,gas_transport,0.076,0.28,4.5,1.24,705,0,0,1,0
56.1,7,1,retail,0.115,0.225,2.7,1.17,2019,0,0,0,0
20.4,13,1,health_beauty,0.131,0.356,9.0,0.53,3050,0,0,1,0
68.98,14,1,gas_transport,0.056,0.199,18.3,1.11,1530,0,0,1,0
51.7,11,1,dining,0.127,0.083,9.4,0.6,2560,0,0,1,0
17.57,10,1,dining,0.027,0.135,6.7,0.93,1617,0,0,0,0
9.36,13,3,dining,0.115,0.5,4.8,0.65,580,1,0,1,0
156.73,13,1,dining,0.094,0.021,6.9,0.84,2654,0,0,1,0
925.55,0,4,electronics,0.497,0.778,1151.1,8.75,43,1,1,1,1
81.51,12,1,gas_transport,0.139,0.079,8.9,0.97,3571,0,0,1,0
63.48,17,1,clothing,0.045,0.063,7.7,1.24,315,0,0,1,0
73.54,15,2,gas_transport,0.167,0.377,8.5,1.13,180,0,0,0,0
109.38,10,1,dining,0.09,0.045,12.7,1.04,304,0,0,1,0
13.38,7,1,dining,0.067,0.029,15.5,0.2,3571,0,0,0,0
42.17,13,1,grocery,0.211,0.082,32.0,1.1,2403,0,0,1,0
108.16,8,2,clothing,0.037,0.016,5.4,0.47,1421,0,0,1,0
147.87,5,1,grocery,0.38,0.401,4.7,1.06,442,0,0,0,0
59.82,13,4,clothing,0.104,0.1,1.4,1.13,488,0,0,1,0
54.71,12,2,dining,0.164,0.224,22.2,1.38,2428,0,0,1,0
153.74,14,2,gas_transport,0.068,0.193,3.4,0.77,3398,0,0,0,0
30.26,11,1,retail,0.095,0.236,3.0,0.68,2590,0,0,1,0
30.71,19,1,health_beauty,0.134,0.057,20.8,0.62,3539,0,0,1,0
111.08,20,3,grocery,0.187,0.023,9.6,1.08,2543,0,0,0,0
17.52,12,1,dining,0.342,0.324,8.5,1.1,2747,1,0,1,0
25.81,6,1,clothing,0.01,0.182,15.0,1.27,3468,0,0,0,0
18.25,8,1,clothing,0.303,0.052,2.7,1.4,709,0,0,1,0
24.48,10,3,gas_transport,0.359,0.367,8.2,0.62,1224,0,0,0,0
15.4,14,1,dining,0.45,0.19,2.1,0.84,2281,0,0,1,0
70.94,8,1,grocery,0.265,0.028,1.4,1.19,3246,0,0,1,0
23.83,9,3,health_beauty,0.146,0.202,15.7,0.45,656,0,0,1,0
226.8,23,4,travel,0.633,0.71,575.3,3.92,205,4,1,1,1
557.87,22,7,clothing,0.773,0.465,704.7,10.01,164,0,0,1,1
80.21,11,1,gas_transport,0.203,0.035,18.7,0.94,838,2,0,1,0
45.95,12,2,gas_transport,0.01,0.302,4.3,1.08,3371,0,0,0,0
62.85,10,1,grocery,0.032,0.5,7.6,1.12,1021,0,0,1,0
140.9,11,2,travel,0.171,0.096,13.2,1.13,1168,0,0,0,0
4800.0,4,6,travel,0.867,0.692,381.5,8.72,582,1,0,1,1
205.79,2,9,retail,0.446,0.567,619.5,1.8,81,1,0,0,1
50.34,6,2,electronics,0.122,0.122,64.8,0.31,3209,0,0,1,0
28.92,6,1,grocery,0.073,0.154,5.3,1.21,3345,1,0,1,0
15.11,14,1,gas_transport,0.087,0.125,9.2,1.35,3567,0,1,1,0
36.33,15,5,gas_transport,0.213,0.228,6.3,0.65,747,0,0,1,0
22.87,10,1,utilities,0.37,0.402,6.7,0.59,1697,0,0,0,0
9.93,11,1,dining,0.175,0.144,5.4,1.17,3323,0,0,1,0
42.19,20,1,dining,0.1,0.056,10.0,1.09,2854,0,0,1,0
13.29,14,1,dining,0.015,0.225,7.2,0.87,2713,0,0,1,0
47.45,13,2,clothing,0.258,0.183,13.8,1.59,3591,0,1,1,0
8.2,11,2,dining,0.078,0.142,32.6,1.0,2144,0,0,1,0
95.44,14,6,clothing,0.209,0.291,46.0,0.96,413,0,0,1,0
120.0,10,4,electronics,0.981,0.639,427.4,4.75,147,3,0,1,1
47.89,21,1,travel,0.283,0.231,3.4,0.84,409,0,0,0,0
128.79,18,1,dining,0.119,0.194,4.6,1.64,2212,0,0,0,0
34.9,8,1,gas_transport,0.025,0.061,6.0,0.8,388,0,0,1,0
32.15,13,1,travel,0.03,0.149,10.2,0.64,339,0,0,0,0
31.32,17,2,grocery,0.108,0.098,12.1,1.7,1027,0,0,0,0
39.74,15,4,dining,0.092,0.07,6.9,1.08,1577,0,0,1,0
24.63,8,1,grocery,0.096,0.349,4.6,1.28,349,0,0,0,0
52.42,8,1,travel,0.015,0.116,3.8,1.07,1782,0,0,1,0
38.0,14,1,dining,0.208,0.195,31.0,1.19,2733,0,0,0,0
61.72,21,1,health_beauty,0.066,0.108,9.8,0.92,510,0,0,1,0
150.93,9,3,grocery,0.036,0.155,0.3,1.23,2927,0,0,0,0
60.1,18,1,grocery,0.295,0.107,7.9,1.18,728,0,0,1,0
129.07,17,1,grocery,0.016,0.256,36.6,1.38,2602,0,0,0,0
18.61,14,4,clothing,0.01,0.194,9.6,0.59,3012,0,1,0,0
28.9,12,1,gas_transport,0.243,0.055,14.1,1.1,3225,0,0,1,0
1494.47,23,5,clothing,0.677,0.805,396.5,6.61,472,4,0,1,1
9.86,17,4,dining,0.118,0.292,10.5,0.76,1016,0,0,1,0
31.02,12,6,health_beauty,0.082,0.133,13.9,1.16,2801,0,0,0,0
16.74,16,1,electronics,0.338,0.24,7.7,1.16,2041,2,0,1,0
64.31,14,3,grocery,0.15,0.064,27.4,1.05,2118,0,0,1,0
44.64,13,1,entertainment,0.092,0.104,17.2,0.69,2257,2,0,0,0
64.22,7,2,gas_transport,0.097,0.262,5.2,1.05,208,0,0,0,0
27.14,11,2,grocery,0.055,0.289,8.0,0.96,2642,2,1,1,0
50.08,4,1,dining,0.211,0.177,0.9,1.02,2884,0,0,0,0
13.22,17,1,entertainment,0.165,0.173,10.6,0.98,1919,0,0,1,0
51.64,17,1,grocery,0.04,0.158,33.0,0.83,743,0,0,0,0
44.21,6,2,gas_transport,0.075,0.251,5.8,1.01,1713,0,0,1,0
120.25,22,6,travel,0.799,0.906,576.4,4.32,71,1,1,0,1
26.98,17,1,dining,0.01,0.252,6.7,1.27,3224,0,0,1,0
60.99,14,1,entertainment,0.14,0.122,2.9,1.26,1263,0,0,1,0
45.89,10,2,clothing,0.021,0.337,10.3,1.09,3433,0,0,0,0
24.87,13,1,grocery,0.064,0.077,2.8,0.73,495,0,0,1,0
34.91,11,3,dining,0.141,0.13,20.7,0.56,2882,0,0,1,0
56.9,12,2,dining,0.042,0.206,14.6,0.55,825,0,0,1,0
11.04,6,2,dining,0.207,0.435,10.0,0.71,2011,0,0,0,0
58.0,16,1,retail,0.096,0.334,6.5,0.2,3102,0,0,1,0
168.06,7,2,dining,0.04,0.229,3.6,1.48,2136,0,0,1,0
41.54,9,2,travel,0.094,0.172,4.1,1.24,3356,0,0,1,0
1325.26,10,5,travel,0.577,0.404,264.7,9.3,166,2,1,1,1
6.24,11,1,electronics,0.093,0.25,2.2,1.11,687,0,0,1,0
9.56,8,2,dining,0.189,0.078,7.0,1.03,3287,0,1,1,0
35.1,21,5,retail,0.297,0.176,17.8,0.57,1619,0,0,0,0
33.69,16,3,dining,0.183,0.163,10.8,0.97,1905,0,0,1,0
171.12,15,2,dining,0.111,0.276,10.3,0.86,384,0,0,1,0
30.71,11,2,dining,0.082,0.179,29.3,0.95,3199,0,0,1,0
16.88,20,1,grocery,0.206,0.362,1.9,1.27,1587,0,0,0,0
89.46,12,1,grocery,0.045,0.086,0.7,0.35,1398,0,0,0,0
76.95,18,1,clothing,0.154,0.5,15.0,0.91,1036,0,0,1,0
114.13,14,1,travel,0.029,0.209,12.2,0.95,1477,0,0,1,0
22.58,10,3,gas_transport,0.097,0.01,8.6,1.42,2033,0,0,0,0
55.21,10,1,grocery,0.071,0.083,3.4,0.78,2746,0,0,1,0
60.44,12,3,entertainment,0.107,0.5,8.7,0.89,320,0,0,0,0
155.51,20,1,dining,0.044,0.085,21.3,0.95,187,0,0,0,0
70.17,9,1,dining,0.051,0.085,20.9,0.97,1058,0,0,1,0
93.26,8,1,health_beauty,0.111,0.156,19.7,0.95,3169,0,0,1,0
282.73,13,3,grocery,0.01,0.304,7.3,0.44,3065,0,0,1,0
22.93,8,2,dining,0.201,0.187,2.8,1.18,1516,0,0,0,0
108.97,8,1,gas_transport,0.058,0.086,0.6,0.7,1161,0,0,0,0
13.63,19,1,dining,0.068,0.208,0.8,1.03,3465,0,1,1,0
204.04,13,3,grocery,0.161,0.054,23.5,0.69,2293,0,0,1,0
34.0,10,1,clothing,0.286,0.131,0.7,1.64,2852,2,0,0,0
25.58,19,1,grocery,0.075,0.26,18.5,1.62,571,0,0,1,0
29.16,19,3,gas_transport,0.169,0.147,17.6,0.95,2546,0,0,1,0
76.33,4,1,entertainment,0.178,0.174,9.9,0.86,1935,0,0,0,0
16.72,18,1,grocery,0.203,0.293,4.7,0.79,1344,0,0,0,0
30.22,14,2,electronics,0.113,0.159,8.8,0.98,281,0,0,1,0
31.63,15,5,gas_transport,0.031,0.137,20.1,1.51,2181,0,0,1,0
18.19,19,1,retail,0.058,0.305,2.6,1.09,1195,0,0,1,0
26.3,11,1,clothing,0.191,0.068,4.6,1.41,505,0,0,0,0
60.23,19,2,grocery,0.03,0.136,13.5,1.21,229,0,0,0,0
99.04,5,1,health_beauty,0.217,0.163,21.8,0.88,3429,0,0,1,0
29.08,11,1,grocery,0.059,0.116,14.6,1.01,1977,0,0,1,0
71.5,10,1,health_beauty,0.117,0.061,7.0,1.06,2460,0,0,1,0
29.57,20,2,grocery,0.284,0.062,41.0,1.04,1481,0,0,1,0
47.34,19,1,clothing,0.076,0.024,19.7,0.93,2887,0,1,0,0
17.42,14,1,gas_transport,0.079,0.222,1.3,0.65,1088,0,1,0,0
72.04,9,1,clothing,0.012,0.186,9.9,0.84,1271,2,0,0,0
40.2,8,4,travel,0.01,0.14,12.2,0.91,460,0,0,1,0
81.45,7,2,gas_transport,0.098,0.121,24.1,0.65,3511,0,1,1,0
22.39,16,1,gas_transport,0.085,0.249,2.4,0.99,3503,0,0,1,0
35.23,21,2,gas_transport,0.01,0.127,57.8,1.36,346,0,0,0,0
30.96,14,1,grocery,0.019,0.115,7.9,0.74,531,0,0,1,0
49.57,12,2,grocery,0.346,0.134,2.3,1.4,1923,0,0,1,0
54.26,11,3,grocery,0.066,0.096,5.4,1.23,2041,0,0,1,0
88.8,19,3,dining,0.09,0.075,4.0,0.92,624,0,0,1,0
52.49,18,5,dining,0.132,0.067,33.9,1.06,2981,0,0,1,0
27.86,11,2,grocery,0.012,0.349,4.5,1.29,3424,0,0,1,0
17.45,12,1,grocery,0.256,0.183,6.2,0.32,2637,0,0,1,0
29.98,18,1,clothing,0.016,0.019,12.5,0.47,434,0,0,1,0
44.38,13,3,gas_transport,0.106,0.267,15.2,1.18,2830,0,0,0,0
75.26,21,1,gas_transport,0.04,0.19,0.1,1.38,517,0,0,1,0
21.08,16,3,grocery,0.106,0.109,6.4,1.4,3479,0,0,1,0
36.79,11,1,grocery,0.281,0.244,10.1,1.21,846,0,0,0,0
145.55,3,9,electronics,0.745,0.796,227.5,7.81,57,1,0,1,1
226.21,7,2,grocery,0.182,0.434,4.0,1.23,1210,0,0,1,0
168.88,9,1,dining,0.127,0.341,12.3,1.5,3595,0,0,0,0
47.58,12,1,entertainment,0.15,0.043,6.6,0.75,735,0,0,1,0
32.52,21,3,gas_transport,0.094,0.344,8.5,0.82,3315,0,0,1,0
180.18,22,10,travel,0.905,0.749,875.1,2.73,414,2,0,1,1
16.07,14,2,gas_transport,0.279,0.096,10.5,1.18,643,0,0,1,0
63.61,16,1,grocery,0.233,0.197,24.7,1.46,2886,0,0,1,0
38.96,10,1,gas_transport,0.349,0.143,0.9,0.2,1518,0,0,1,0
23.62,17,4,entertainment,0.141,0.015,25.7,1.03,789,0,0,0,0
80.34,18,2,dining,0.19,0.434,3.7,0.83,183,0,0,1,0
60.27,10,2,grocery,0.014,0.207,26.2,0.78,1206,0,0,1,0
16.99,14,5,electronics,0.172,0.014,16.7,0.86,1955,1,0,1,0
124.56,12,2,grocery,0.197,0.326,12.2,1.11,3120,0,0,0,0
2874.7,1,7,electronics,0.684,0.828,366.9,5.17,21,4,0,1,1
64.31,15,2,gas_transport,0.04,0.281,28.9,0.79,1953,0,0,0,0
850.91,0,9,clothing,0.4,0.766,822.9,3.73,104,2,0,1,1
57.87,12,2,grocery,0.06,0.327,2.6,0.78,1950,0,0,0,0
85.7,14,1,dining,0.292,0.031,2.5,0.91,462,0,0,0,0
20.56,17,3,clothing,0.211,0.228,2.9,0.82,3122,0,0,1,0
25.9,20,1,dining,0.062,0.153,31.2,1.3,271,0,0,1,0
8.17,5,2,utilities,0.11,0.122,6.7,1.2,1877,0,0,1,0
234.82,7,6,electronics,0.707,0.663,1380.4,5.1,40,2,1,1,1
95.49,2,1,clothing,0.062,0.043,20.7,0.36,2405,0,0,1,0
328.95,4,9,grocery,0.721,0.802,335.6,3.52,506,4,1,1,1
80.47,12,1,grocery,0.102,0.087,1.0,1.11,1657,0,0,0,0
32.96,11,2,grocery,0.028,0.189,4.7,1.6,856,0,0,1,0
13.19,16,4,gas_transport,0.116,0.122,1.3,0.81,2993,0,0,0,0
20.82,9,1,utilities,0.364,0.243,0.1,0.71,2573,0,0,1,0
7.73,9,1,health_beauty,0.165,0.246,26.3,0.71,409,0,0,1,0
104.6,10,1,grocery,0.166,0.035,12.1,0.44,1694,0,0,1,0
33.72,11,4,dining,0.362,0.23,1.5,0.69,1413,0,0,1,0
69.41,13,3,travel,0.075,0.01,2.7,0.84,1458,0,0,1,0
30.81,19,2,dining,0.048,0.149,17.6,0.94,2206,0,0,1,0
77.24,23,1,gas_transport,0.369,0.05,14.3,1.32,2832,0,0,0,0
100.08,5,1,gas_transport,0.316,0.064,2.4,1.4,870,0,0,1,0
61.19,9,2,grocery,0.014,0.075,1.2,1.45,2320,1,0,0,0
24.15,12,4,dining,0.103,0.177,21.5,0.96,2992,1,0,1,0
9.26,9,2,gas_transport,0.12,0.073,4.4,0.84,1315,0,0,0,0
933.19,21,7,clothing,0.672,0.454,1464.8,2.5,34,2,1,1,1
54.76,12,3,travel,0.118,0.076,15.9,1.2,415,0,0,0,0
521.79,3,14,travel,0.598,0.94,1336.8,3.96,105,1,1,1,1
98.7,9,4,travel,0.183,0.126,8.4,0.41,1807,0,0,1,0
151.35,14,2,entertainment,0.031,0.06,4.2,1.24,1994,0,0,0,0
69.49,6,1,dining,0.106,0.199,27.8,1.31,2512,0,0,1,0
71.58,7,3,dining,0.01,0.278,12.9,0.76,3157,0,0,0,0
96.03,21,2,gas_transport,0.334,0.144,1.6,1.26,2847,0,0,1,0
106.13,16,1,utilities,0.081,0.198,17.9,0.99,3163,0,0,0,0
77.47,8,1,dining,0.073,0.423,6.1,0.98,535,0,0,1,0
12.9,18,1,electronics,0.026,0.092,22.0,0.9,793,2,0,0,0
82.71,15,1,grocery,0.058,0.265,18.7,1.0,2476,1,0,0,0
200.43,20,5,travel,0.626,0.53,355.8,4.11,36,3,1,1,1
11.2,12,2,grocery,0.052,0.345,12.3,0.82,2079,0,0,1,0
34.61,21,3,gas_transport,0.096,0.087,2.6,1.23,1407,0,0,0,0
64.92,18,3,clothing,0.364,0.236,0.1,0.68,2204,0,0,0,0
27.86,8,2,grocery,0.019,0.188,20.5,1.0,980,0,0,0,0
74.19,19,1,utilities,0.185,0.286,7.3,0.87,613,0,0,0,0
94.91,16,1,utilities,0.25,0.101,5.3,0.48,211,0,0,0,0
34.95,17,1,entertainment,0.32,0.083,3.0,0.69,3326,0,0,0,0
96.91,10,1,clothing,0.029,0.186,13.2,0.88,3317,0,0,1,0
90.93,8,3,grocery,0.1,0.048,3.8,0.96,3449,0,0,1,0
28.99,18,1,gas_transport,0.046,0.156,10.0,0.98,3485,0,0,1,0
80.81,17,1,travel,0.141,0.138,10.0,0.6,526,0,0,1,0
17.42,8,2,gas_transport,0.031,0.105,38.1,1.37,656,0,0,1,0
12.92,20,2,clothing,0.055,0.138,10.7,0.96,2713,0,0,1,0
19.26,16,3,health_beauty,0.107,0.353,30.0,0.74,1316,1,0,0,0
13.4,10,1,grocery,0.382,0.157,6.3,1.1,407,0,0,1,0
26.19,8,1,grocery,0.248,0.194,4.9,1.05,2324,0,0,1,0
4628.54,1,6,travel,0.849,0.664,511.0,6.57,48,3,0,1,1
46.36,12,3,gas_transport,0.068,0.043,8.8,0.55,589,0,0,1,0
36.15,7,5,dining,0.046,0.096,19.7,0.71,530,0,0,1,0
8.55,16,3,clothing,0.015,0.128,10.2,1.29,1987,0,0,1,0
39.74,15,2,gas_transport,0.242,0.083,10.5,1.03,3029,0,0,1,0
34.83,14,2,retail,0.254,0.13,3.6,0.93,510,0,0,1,0
42.56,14,1,gas_transport,0.101,0.211,6.5,1.02,1987,0,0,1,0
48.72,13,2,clothing,0.401,0.138,3.3,1.2,3296,0,0,0,0
53.09,15,2,entertainment,0.12,0.07,0.6,0.67,2307,0,0,0,0
922.13,19,3,travel,0.817,0.983,81.6,11.31,185,3,1,1,1
10.86,12,1,clothing,0.243,0.017,7.3,0.75,368,0,0,0,0
28.78,12,2,health_beauty,0.087,0.327,13.5,1.06,1047,0,0,1,0
40.44,16,3,electronics,0.302,0.241,11.9,0.85,1626,0,0,1,0
37.41,1,1,grocery,0.184,0.14,7.5,0.51,3223,0,0,0,0
42.41,17,2,gas_transport,0.121,0.347,45.7,0.93,1743,0,0,1,0
68.34,14,1,retail,0.133,0.025,5.4,0.44,2817,0,0,1,0
51.93,10,4,grocery,0.09,0.447,7.2,0.87,787,0,0,1,0
45.38,22,2,gas_transport,0.293,0.079,1.2,0.88,1366,0,0,0,0
13.6,15,6,electronics,0.068,0.02,22.5,0.76,3115,0,0,1,0
64.81,15,2,clothing,0.01,0.143,3.7,0.59,1272,0,1,0,0
55.07,7,1,electronics,0.042,0.409,4.5,1.31,1651,0,0,1,0
24.28,15,1,clothing,0.147,0.064,41.4,0.75,2096,0,0,1,0
157.9,13,1,grocery,0.276,0.057,3.5,1.59,1988,0,0,1,0
5.0,18,1,travel,0.333,0.369,38.7,1.14,3515,0,0,1,0
6.79,9,2,grocery,0.156,0.085,1.3,1.11,2420,0,0,1,0
73.75,18,2,dining,0.212,0.084,19.0,1.57,468,0,0,0,0
27.56,14,1,travel,0.038,0.252,27.1,0.72,923,0,0,1,0
15.92,23,2,grocery,0.15,0.046,6.6,1.09,2732,0,0,0,0
57.89,15,2,clothing,0.208,0.199,0.6,1.09,3028,0,0,0,0
43.93,12,3,clothing,0.168,0.155,21.8,0.68,771,0,0,1,0
67.04,13,2,dining,0.098,0.445,37.5,1.44,1161,0,0,1,0
158.12,9,1,electronics,0.068,0.087,14.3,1.57,2496,0,0,1,0
23.11,12,3,entertainment,0.139,0.437,9.0,0.23,370,0,0,0,0
13.0,6,1,retail,0.45,0.093,6.4,0.56,3408,0,0,0,0
11.59,9,3,health_beauty,0.266,0.143,31.3,1.49,2063,1,0,1,0
30.56,9,2,dining,0.012,0.01,19.0,1.4,2214,0,0,1,0
18.48,6,2,retail,0.065,0.228,15.5,0.76,3087,0,0,1,0
32.37,22,1,grocery,0.195,0.135,10.2,1.14,228,2,0,0,0
134.37,16,4,retail,0.072,0.027,12.7,0.77,865,0,0,1,0
50.54,15,2,gas_transport,0.19,0.094,30.8,0.9,2822,0,0,1,0
23.06,10,1,travel,0.02,0.026,13.2,1.42,377,0,0,0,0
96.77,16,5,electronics,0.374,0.09,5.4,0.88,3048,0,0,1,0
46.2,14,1,grocery,0.246,0.143,19.6,1.16,354,0,0,1,0
55.61,15,1,retail,0.081,0.08,12.2,0.96,3374,0,0,1,0
71.55,12,2,clothing,0.073,0.189,3.1,1.21,1443,0,0,0,0
104.27,12,6,gas_transport,0.159,0.341,35.7,1.11,406,0,0,1,0
217.27,12,1,gas_transport,0.171,0.067,26.4,0.96,2438,0,0,1,0
23.86,14,1,dining,0.207,0.057,0.7,1.51,373,0,0,1,0
86.67,8,2,gas_transport,0.073,0.106,12.4,1.4,1809,0,0,1,0
15.7,18,2,grocery,0.023,0.126,6.0,1.0,1875,0,0,0,0
141.04,8,1,utilities,0.049,0.242,1.4,1.37,970,0,0,0,0
40.87,21,1,health_beauty,0.45,0.376,46.3,0.65,1490,0,0,0,0
253.65,15,2,grocery,0.328,0.197,38.2,1.09,1622,0,0,1,0
31.89,17,1,dining,0.15,0.059,17.9,0.69,1273,0,0,1,0
119.63,9,3,health_beauty,0.252,0.311,2.2,1.1,1396,0,1,1,0
114.95,15,2,dining,0.04,0.071,36.3,1.04,1805,0,0,1,0
51.29,19,1,grocery,0.091,0.17,8.1,1.01,3531,0,0,1,0
40.83,9,1,gas_transport,0.261,0.331,0.3,1.02,2703,0,0,1,0
57.81,11,1,dining,0.124,0.27,7.1,1.05,1704,0,0,1,0
6.71,17,1,entertainment,0.116,0.065,4.6,0.84,1622,0,0,1,0
20.29,8,5,retail,0.047,0.377,3.4,0.7,1564,0,0,1,0
43.57,19,1,dining,0.049,0.043,3.1,0.87,1285,0,1,1,0
56.82,12,1,health_beauty,0.153,0.338,38.0,1.33,2313,0,0,1,0
110.07,18,1,electronics,0.105,0.077,5.6,0.77,1892,0,0,1,0
69.04,12,1,gas_transport,0.192,0.2,1.9,0.88,657,0,0,1,0
54.0,14,2,utilities,0.119,0.072,2.8,0.89,3483,0,0,0,0
50.58,0,1,clothing,0.296,0.24,12.6,0.97,931,0,0,1,0
136.65,19,1,travel,0.111,0.052,11.4,1.82,3587,0,0,1,0
45.99,13,3,dining,0.214,0.219,15.2,1.27,2046,0,0,0,0
9.18,13,3,clothing,0.17,0.062,5.4,1.12,2061,0,0,0,0
38.6,5,2,grocery,0.311,0.258,0.6,1.11,367,0,0,0,0
477.32,5,15,travel,0.947,0.824,445.4,1.8,110,4,0,1,1
33.34,6,4,electronics,0.085,0.026,3.4,0.7,2481,0,0,0,0
136.18,8,1,grocery,0.122,0.157,16.8,0.82,1096,0,0,0,0
116.2,18,1,entertainment,0.104,0.103,3.1,1.16,566,0,0,0,0
1841.38,3,7,electronics,0.871,0.813,473.9,12.52,48,1,0,1,1
30.25,9,1,grocery,0.054,0.471,3.1,1.47,257,0,0,1,0
23.31,11,1,grocery,0.166,0.083,0.8,1.08,1345,0,0,1,0
1280.46,4,9,travel,0.814,0.897,835.4,6.12,661,4,1,1,1
120.0,4,8,electronics,0.806,0.796,253.5,1.99,79,3,0,1,1
58.76,16,1,grocery,0.087,0.271,22.0,0.22,2983,0,0,0,0
47.19,9,1,dining,0.115,0.067,18.1,1.29,2503,0,0,1,0
22.92,6,1,utilities,0.027,0.01,13.8,1.18,3335,0,0,1,0
63.43,19,2,gas_transport,0.053,0.055,13.5,1.33,3494,0,0,0,0
209.23,7,1,entertainment,0.041,0.135,3.2,1.03,2494,0,0,1,0
4071.31,8,8,clothing,0.742,0.663,202.0,8.2,364,3,1,1,1
35.18,12,1,dining,0.15,0.198,13.1,0.94,3536,0,0,1,0
49.39,7,1,grocery,0.144,0.1,1.5,1.1,1371,0,0,1,0
349.22,22,14,electronics,0.916,0.624,1362.4,3.55,118,2,1,1,1
101.25,7,1,grocery,0.012,0.5,0.4,1.18,1775,0,0,1,0
50.69,9,3,gas_transport,0.056,0.317,6.4,1.24,409,0,0,1,0
65.52,10,1,dining,0.212,0.086,27.6,1.03,3198,0,0,0,0
28.82,6,2,gas_transport,0.415,0.22,1.4,0.82,600,0,0,0,0
35.74,19,2,gas_transport,0.079,0.334,1.2,0.76,3036,0,0,0,0
70.01,16,4,gas_transport,0.202,0.413,15.1,1.55,3075,0,0,1,0
40.47,13,3,travel,0.077,0.099,7.2,0.79,364,0,0,1,0
49.99,16,1,dining,0.156,0.12,4.4,0.71,2649,0,0,0,0
16.89,12,1,entertainment,0.296,0.381,8.4,1.11,2876,0,0,1,0
33.76,16,1,travel,0.138,0.089,14.8,0.5,1873,0,0,0,0
223.59,5,2,utilities,0.128,0.092,7.0,1.43,2579,1,0,1,0
16.36,4,1,clothing,0.059,0.125,12.6,1.14,407,0,0,1,0
21.81,9,3,gas_transport,0.238,0.163,5.1,1.07,3584,1,0,1,0
75.49,10,1,dining,0.062,0.01,14.2,1.24,493,0,0,1,0
29.91,15,1,grocery,0.436,0.229,3.4,1.42,643,0,0,1,0
53.94,5,1,gas_transport,0.142,0.202,40.7,0.95,2110,0,0,0,0
24.68,8,2,grocery,0.049,0.203,60.5,0.84,2494,0,0,0,0
142.01,10,5,travel,0.157,0.124,9.1,1.09,1014,0,0,1,0
71.19,9,4,gas_transport,0.073,0.446,40.8,0.52,1851,0,0,1,0
15.32,12,1,grocery,0.252,0.041,1.1,1.26,3422,0,0,0,0
61.08,11,4,grocery,0.133,0.326,6.7,0.92,1397,0,0,0,0
45.67,9,1,gas_transport,0.054,0.07,3.1,0.76,2815,0,0,0,0
29.0,6,1,retail,0.197,0.5,1.0,1.06,1758,0,1,1,0
48.68,18,1,clothing,0.039,0.139,3.0,1.37,3189,0,0,0,0
105.52,9,3,dining,0.237,0.032,60.2,1.06,747,0,0,0,0
20.23,11,2,grocery,0.088,0.063,1.2,1.33,1542,0,1,1,0
7.08,19,2,travel,0.279,0.103,27.9,0.65,3459,0,0,0,0
123.55,10,4,health_beauty,0.022,0.239,7.2,1.0,2043,0,0,1,0
39.55,9,3,travel,0.23,0.213,45.8,0.44,1302,1,0,1,0
50.75,14,3,grocery,0.061,0.411,7.8,1.02,3490,0,0,0,0
35.49,14,1,clothing,0.042,0.418,8.1,0.71,1743,0,0,0,0
103.13,14,1,grocery,0.066,0.048,0.4,0.88,3185,0,0,0,0
59.22,16,1,gas_transport,0.051,0.1,23.5,1.11,2727,0,1,1,0
34.89,16,1,travel,0.013,0.307,20.8,1.03,2304,0,0,0,0
21.69,17,2,gas_transport,0.187,0.085,5.8,1.31,2061,0,0,0,0
351.84,3,7,travel,0.789,0.611,173.8,5.01,4,2,0,1,1
68.71,16,1,clothing,0.025,0.154,16.3,0.94,1939,0,0,0,0
15.24,9,1,electronics,0.082,0.202,3.2,1.5,1604,0,0,1,0
64.04,14,2,grocery,0.373,0.133,16.0,1.29,1636,2,0,1,0
61.95,7,1,grocery,0.01,0.271,28.6,1.16,3127,0,0,0,0
10.29,12,4,retail,0.258,0.064,5.6,1.02,2240,0,0,1,0
598.23,0,8,clothing,0.712,0.919,243.8,8.92,7,1,1,1,1
9.68,15,3,grocery,0.079,0.057,11.3,0.92,2471,1,0,1,0
73.58,14,2,grocery,0.074,0.182,5.7,0.62,2076,0,0,1,0
13.01,11,1,entertainment,0.063,0.083,16.6,1.08,3298,0,0,0,0
18.82,8,2,travel,0.069,0.192,11.9,1.22,1023,1,0,1,0
19.84,21,1,retail,0.055,0.122,17.6,1.2,2816,0,0,0,0
28.88,14,2,grocery,0.098,0.467,29.4,0.85,3196,1,0,1,0
10.63,15,1,clothing,0.092,0.148,0.5,0.97,1282,0,0,0,0
97.69,9,3,grocery,0.016,0.113,8.2,1.43,1222,1,0,1,0
116.46,15,1,retail,0.02,0.167,22.7,0.96,2857,0,1,1,0
484.62,2,6,electronics,0.4,0.888,1682.4,9.42,203,2,1,1,1
329.62,10,1,clothing,0.134,0.07,4.2,1.03,1432,0,0,1,0
35.14,18,5,dining,0.147,0.309,18.0,0.8,1008,0,0,0,0
18.98,1,2,dining,0.218,0.025,9.4,1.14,2816,0,0,0,0
69.27,8,3,grocery,0.263,0.017,13.0,0.93,2248,0,0,1,0
116.48,9,1,dining,0.126,0.427,0.4,1.12,1680,0,0,0,0
28.32,16,1,entertainment,0.325,0.028,1.3,1.17,2028,0,0,1,0
88.55,17,3,retail,0.131,0.173,4.7,0.91,1274,0,0,1,0
86.63,8,2,grocery,0.151,0.031,1.7,0.89,861,0,0,1,0
53.42,17,3,dining,0.155,0.031,2.9,0.69,440,0,0,0,0
204.58,18,3,grocery,0.271,0.066,8.5,0.88,3595,0,0,1,0
294.7,19,2,electronics,0.717,0.637,1805.8,8.21,163,4,0,1,1
63.97,4,2,dining,0.141,0.199,7.7,1.04,2598,0,0,0,0
47.76,13,1,gas_transport,0.099,0.044,1.1,1.29,696,0,0,1,0
18.7,9,1,dining,0.032,0.251,15.3,0.76,2328,0,0,0,0
38.25,6,2,travel,0.025,0.061,0.9,1.12,2115,0,0,1,0
104.13,17,2,retail,0.161,0.092,27.7,0.95,1833,0,0,0,0
65.71,14,3,dining,0.089,0.237,0.7,0.92,1645,0,0,0,0
123.72,11,1,entertainment,0.047,0.039,35.3,1.35,3496,0,0,0,0
47.25,10,3,utilities,0.087,0.282,0.2,0.91,1303,0,0,1,0
36.64,14,3,dining,0.07,0.229,4.4,1.33,993,0,0,0,0
34.47,12,1,travel,0.05,0.188,21.5,1.42,1833,0,0,1,0
189.49,14,2,health_beauty,0.059,0.063,4.8,0.68,790,0,0,1,0
336.53,9,1,travel,0.097,0.312,28.4,1.43,2698,0,0,1,0
9.2,6,1,gas_transport,0.01,0.267,7.8,1.09,1595,0,0,1,0
27.96,8,3,grocery,0.057,0.025,4.6,0.85,1612,0,0,0,0
54.69,10,1,grocery,0.037,0.282,3.0,0.82,1256,0,0,1,0
65.95,17,1,clothing,0.195,0.343,18.6,1.04,1792,0,0,1,0
153.13,11,1,clothing,0.01,0.165,23.8,0.29,2731,0,0,1,0
388.55,14,1,grocery,0.053,0.133,7.4,0.94,954,0,0,1,0
120.0,12,9,health_beauty,0.794,0.801,4064.9,7.41,94,1,1,1,1
10.93,20,1,grocery,0.069,0.217,9.8,1.27,1986,0,0,1,0
29.33,0,1,grocery,0.135,0.152,15.7,0.78,2440,1,0,1,0
79.04,12,1,travel,0.098,0.169,0.1,1.19,3014,1,0,0,0
51.78,11,4,utilities,0.029,0.317,1.0,0.91,2759,0,0,0,0
101.48,15,1,clothing,0.145,0.016,6.0,1.29,1358,0,0,0,0
203.65,17,4,grocery,0.014,0.049,1.1,0.3,1957,0,1,1,0
50.92,14,4,dining,0.13,0.014,15.4,0.88,1348,0,0,1,0
26.41,10,1,clothing,0.035,0.065,9.8,0.66,1982,0,0,1,0
50.46,9,2,electronics,0.343,0.015,2.2,1.19,2613,2,0,0,0
56.61,12,4,health_beauty,0.014,0.04,4.6,0.99,2677,0,0,0,0
61.2,14,1,clothing,0.08,0.01,5.4,1.01,3031,0,0,1,0
54.76,11,4,grocery,0.057,0.19,52.8,1.21,3399,0,0,1,0
103.41,12,1,grocery,0.01,0.223,0.6,0.97,3269,1,0,1,0
51.06,8,4,grocery,0.091,0.144,19.2,0.89,1339,0,0,1,0
30.99,9,1,dining,0.064,0.237,7.5,1.07,2292,0,0,0,0
61.77,14,2,grocery,0.309,0.118,5.1,1.3,673,0,0,0,0
12.86,18,2,dining,0.084,0.034,5.8,1.17,683,0,0,0,0
71.81,20,1,entertainment,0.058,0.034,6.6,1.53,3166,0,0,0,0
68.54,15,1,dining,0.15,0.14,14.9,0.71,1192,0,0,0,0
55.92,9,3,grocery,0.147,0.5,1.4,1.01,2993,0,0,1,0
39.32,20,3,utilities,0.141,0.198,0.7,0.95,2488,0,0,0,0
41.81,16,1,clothing,0.033,0.049,7.6,1.09,1970,0,0,0,0
94.88,18,3,grocery,0.109,0.314,15.3,0.93,1091,0,0,1,0
23.25,9,2,dining,0.068,0.345,9.6,1.08,2851,0,0,1,0
16.5,16,1,retail,0.356,0.129,14.2,1.15,3443,0,0,1,0
23.08,12,1,travel,0.188,0.084,30.8,1.17,1223,0,0,1,0
33.11,13,2,clothing,0.121,0.195,7.4,1.22,754,0,0,1,0
27.4,17,1,grocery,0.201,0.073,36.7,1.26,223,0,0,0,0
28.5,10,1,electronics,0.01,0.05,1.6,0.69,1463,0,1,1,0
57.82,13,2,grocery,0.179,0.319,19.7,1.42,1786,0,0,1,0
21.98,2,3,dining,0.083,0.251,1.1,0.68,516,0,0,1,0
123.05,15,1,travel,0.164,0.176,9.7,0.27,677,0,0,0,0
25.24,7,1,electronics,0.142,0.307,8.7,0.96,2058,0,0,1,0
57.29,5,1,dining,0.018,0.135,7.4,0.95,2502,0,0,1,0
53.33,11,3,gas_transport,0.034,0.294,16.7,0.62,1956,0,0,0,0
73.57,14,6,gas_transport,0.01,0.161,3.9,0.8,574,0,0,0,0
982.01,3,5,dining,0.617,0.823,35.6,3.18,167,1,1,1,1
61.6,20,4,grocery,0.09,0.073,2.4,0.69,1536,0,0,0,0
82.77,21,1,grocery,0.085,0.143,14.6,1.57,1569,0,0,0,0
28.89,6,3,retail,0.388,0.051,8.0,1.24,461,0,1,0,0
29.28,16,5,dining,0.134,0.395,2.7,1.2,375,0,0,1,0
54.38,12,4,dining,0.018,0.07,0.4,1.46,1461,0,0,1,0
29.45,15,4,clothing,0.176,0.267,3.4,0.27,2893,0,0,0,0
71.46,16,2,grocery,0.048,0.388,19.5,0.74,2581,0,0,1,0
54.38,9,1,grocery,0.191,0.069,7.4,0.88,2268,0,0,1,0
31.91,15,2,health_beauty,0.317,0.127,1.0,0.2,3128,1,0,0,0
909.33,1,7,electronics,0.57,0.753,321.6,10.53,46,3,1,1,1
52.52,1,3,clothing,0.053,0.073,7.5,1.22,2244,1,0,0,0
59.03,10,3,grocery,0.096,0.271,8.3,1.09,2035,0,0,1,0
191.8,9,3,grocery,0.301,0.261,8.5,0.9,1559,0,0,1,0
55.6,15,1,grocery,0.246,0.136,19.0,1.08,1725,0,0,0,0
23.45,11,3,gas_transport,0.153,0.158,0.5,1.16,2285,0,0,1,0
23.65,8,1,gas_transport,0.062,0.347,9.3,1.33,1135,0,0,1,0
28.55,20,3,grocery,0.186,0.083,12.7,1.24,465,0,0,0,0
67.79,15,1,gas_transport,0.351,0.3,9.8,1.04,328,0,0,1,0
113.77,10,1,dining,0.166,0.194,22.7,0.77,2680,0,0,1,0
34.95,20,1,gas_transport,0.327,0.201,11.9,1.49,2955,0,0,0,0
149.48,5,1,grocery,0.216,0.131,15.8,0.95,937,0,0,0,0
43.12,18,3,clothing,0.136,0.313,4.5,1.18,1517,0,0,0,0
14.98,5,2,dining,0.237,0.297,7.6,0.96,2649,0,0,1,0
28.25,14,1,entertainment,0.064,0.376,11.4,1.08,844,0,0,1,0
28.46,18,1,travel,0.017,0.107,23.1,1.15,1683,0,0,0,0
24.09,9,1,grocery,0.231,0.103,17.4,1.13,3183,0,0,0,0
97.54,17,2,entertainment,0.139,0.059,7.8,1.09,1717,0,0,0,0
22.3,8,2,dining,0.114,0.094,3.9,1.16,1915,0,0,1,0
9.91,8,3,retail,0.025,0.075,1.3,0.84,1264,0,0,0,0
18.62,11,2,health_beauty,0.01,0.223,4.7,0.84,3411,0,0,0,0
561.86,8,6,travel,0.782,0.726,26.5,3.19,313,1,0,1,1
61.44,6,1,grocery,0.017,0.156,2.2,1.19,2305,0,0,1,0
93.45,7,2,retail,0.024,0.316,10.6,1.43,1820,0,0,0,0
136.47,16,2,dining,0.177,0.207,61.1,1.35,2140,0,0,1,0
67.26,14,1,dining,0.132,0.14,21.3,0.76,751,0,0,1,0
63.14,10,1,dining,0.208,0.052,9.6,0.7,2776,0,0,0,0
33.19,12,1,grocery,0.052,0.051,22.5,0.61,2292,0,1,0,0
36.26,16,3,dining,0.273,0.091,16.6,0.78,2507,0,0,0,0
70.59,11,2,dining,0.049,0.117,10.6,0.98,3489,0,0,1,0
112.08,3,3,dining,0.068,0.027,51.3,0.89,2024,0,0,1,0
36.74,7,1,entertainment,0.012,0.049,3.3,0.77,2888,0,0,0,0
55.43,17,1,grocery,0.101,0.263,0.4,0.74,3297,0,0,0,0
77.23,13,2,travel,0.037,0.115,0.7,1.1,2355,0,0,1,0
80.7,18,2,retail,0.037,0.337,12.6,0.3,1584,0,0,0,0
20.25,3,1,health_beauty,0.088,0.113,1.7,0.63,2386,1,0,1,0
55.35,17,4,entertainment,0.176,0.2,47.9,1.14,1849,0,0,1,0
18.45,18,1,gas_transport,0.177,0.243,12.7,1.02,2546,0,0,1,0
51.08,10,3,gas_transport,0.058,0.349,4.7,1.79,1630,0,0,1,0
9.28,13,1,travel,0.22,0.371,12.4,1.21,2164,0,0,0,0
133.07,8,3,clothing,0.374,0.039,13.4,0.62,3517,0,0,1,0
115.35,9,1,grocery,0.242,0.283,2.0,0.89,1909,0,0,0,0
63.86,7,1,entertainment,0.221,0.349,3.1,1.06,3129,0,0,1,0
71.56,23,4,travel,0.216,0.252,16.7,0.2,1526,0,0,1,0
146.25,5,1,health_beauty,0.314,0.218,23.6,0.88,752,0,0,0,0
86.03,10,1,clothing,0.08,0.206,10.2,1.17,1696,0,0,0,0
45.08,10,1,dining,0.064,0.146,3.4,0.85,1422,1,0,0,0
38.48,5,2,health_beauty,0.01,0.191,2.8,1.2,3447,0,0,1,0
278.49,5,4,travel,0.871,0.905,115.2,2.79,58,1,0,1,1
8.52,14,4,gas_transport,0.097,0.463,12.0,0.47,793,0,0,1,0
122.42,21,1,grocery,0.35,0.222,3.4,0.72,618,0,0,1,0
2869.11,22,5,health_beauty,0.653,0.483,1354.1,8.03,43,1,1,1,1
42.27,4,1,gas_transport,0.45,0.128,6.5,0.99,1183,0,0,0,0
19.47,13,1,dining,0.188,0.318,1.8,0.61,3216,0,1,0,0
18.98,12,2,entertainment,0.026,0.163,3.6,0.86,3148,1,0,0,0
48.45,15,1,grocery,0.01,0.153,22.9,1.47,555,0,0,0,0
42.53,15,1,health_beauty,0.188,0.087,4.8,0.99,1711,0,0,0,0
15.55,14,2,clothing,0.149,0.233,9.3,0.75,2970,0,0,0,0
14.46,12,2,entertainment,0.111,0.064,0.9,1.29,1317,0,1,1,0
60.3,15,1,gas_transport,0.144,0.165,13.1,0.84,2852,0,0,0,0
50.94,4,2,grocery,0.121,0.145,2.3,0.72,3157,0,0,0,0
110.19,16,1,clothing,0.013,0.021,28.2,1.36,899,0,0,0,0
192.48,1,3,travel,0.837,0.66,2558.6,9.36,367,2,1,1,1
111.23,12,1,health_beauty,0.182,0.032,5.0,1.36,3354,0,0,1,0
39.61,9,1,clothing,0.363,0.206,5.2,0.62,822,0,0,1,0
27.73,16,1,grocery,0.034,0.086,6.7,1.18,1961,0,0,1,0
49.61,18,2,grocery,0.046,0.01,3.4,0.88,1568,0,0,1,0
1256.73,23,8,electronics,0.943,0.612,39.9,2.05,383,0,1,1,1
61.5,18,6,gas_transport,0.174,0.199,17.8,1.11,534,0,0,0,0
97.25,1,2,grocery,0.114,0.186,3.7,1.05,1117,0,0,0,0
1179.07,4,4,electronics,0.766,0.935,52.3,1.8,84,3,1,1,1
76.59,10,1,dining,0.327,0.253,11.1,1.01,2533,0,0,1,0
4800.0,22,7,electronics,0.862,0.853,387.3,3.3,54,2,1,1,1
68.5,9,1,grocery,0.065,0.128,31.6,0.89,1304,0,0,0,0
44.11,13,2,grocery,0.016,0.067,3.0,1.28,530,0,0,0,0
21.37,14,1,entertainment,0.07,0.189,36.4,0.95,2487,0,0,1,0
36.91,9,1,grocery,0.096,0.113,26.2,0.59,333,0,1,1,0
35.8,9,1,travel,0.039,0.487,14.0,1.25,687,0,0,0,0
69.59,9,4,grocery,0.196,0.187,0.8,1.11,423,0,0,1,0
127.19,18,3,entertainment,0.01,0.113,9.0,0.65,3113,0,0,0,0
52.93,13,1,entertainment,0.083,0.171,40.0,1.2,1865,1,0,0,0
39.75,14,1,gas_transport,0.181,0.057,17.4,1.33,1075,0,0,1,0
102.71,8,3,grocery,0.047,0.085,11.4,0.81,2747,0,0,1,0
42.45,16,2,travel,0.332,0.074,15.9,0.85,2909,0,0,0,0
126.96,20,4,utilities,0.013,0.181,12.7,1.51,3446,0,0,0,0
347.48,3,8,health_beauty,0.505,0.779,39.2,5.34,119,4,1,1,1
29.66,14,4,dining,0.01,0.205,15.1,1.25,3373,0,0,1,0
4800.0,1,5,electronics,0.913,0.811,384.0,3.01,235,4,0,1,1
66.46,7,1,grocery,0.016,0.376,2.8,0.83,2629,0,0,1,0
72.09,7,4,health_beauty,0.45,0.204,37.4,0.95,1953,0,0,1,0
37.32,6,2,gas_transport,0.031,0.304,15.6,0.83,2071,0,0,0,0
65.13,13,1,grocery,0.061,0.05,34.3,0.94,1126,0,0,0,0
24.49,12,2,grocery,0.019,0.227,1.4,1.18,1982,0,0,1,0
95.53,9,1,dining,0.01,0.433,4.1,0.74,2122,0,0,0,0
14.67,10,2,health_beauty,0.254,0.028,17.4,1.15,2624,0,0,0,0
114.57,20,3,clothing,0.392,0.138,13.6,0.73,3427,0,1,1,0
17.14,13,3,gas_transport,0.287,0.198,3.5,0.8,2527,0,0,0,0
19.59,18,3,electronics,0.093,0.019,2.0,1.15,1538,0,0,0,0
36.52,12,2,clothing,0.132,0.085,2.4,1.26,711,0,0,1,0
43.1,10,1,clothing,0.261,0.041,12.5,0.44,1039,0,0,1,0
51.44,15,1,dining,0.147,0.5,0.4,0.72,3423,0,0,1,0
36.34,8,3,clothing,0.023,0.26,4.7,0.91,814,0,0,1,0
107.43,19,3,gas_transport,0.02,0.038,4.6,0.88,3457,1,0,0,0
17.23,18,1,health_beauty,0.088,0.022,2.9,1.13,537,0,0,1,0
22.45,19,2,grocery,0.071,0.414,5.0,0.71,1654,0,1,1,0
95.9,10,1,clothing,0.021,0.013,10.2,0.85,2531,0,0,1,0
43.55,18,2,travel,0.013,0.229,14.2,1.47,917,0,0,1,0
56.78,5,1,gas_transport,0.111,0.086,10.3,1.04,267,0,0,1,0
27.86,17,1,clothing,0.04,0.074,7.6,1.36,488,0,0,1,0
31.88,16,1,electronics,0.033,0.127,8.8,0.85,394,0,0,1,0
27.53,18,3,retail,0.071,0.178,11.3,0.99,1922,0,0,0,0
124.29,12,3,gas_transport,0.028,0.3,18.3,0.9,1657,0,0,1,0
38.01,16,1,clothing,0.111,0.396,2.4,0.37,890,0,0,1,0
120.0,7,7,travel,0.91,0.849,1173.8,8.06,182,2,0,1,1
71.71,12,1,dining,0.241,0.179,17.2,1.02,2194,0,0,0,0
62.94,8,2,clothing,0.154,0.06,3.6,0.95,274,0,0,0,0
45.85,12,3,health_beauty,0.343,0.01,64.4,1.02,1598,0,0,0,0
58.09,10,5,dining,0.096,0.087,18.6,0.82,2014,0,0,0,0
104.05,19,2,grocery,0.032,0.168,3.6,1.16,1851,0,0,1,0
72.88,11,1,entertainment,0.018,0.047,2.3,0.78,2065,0,0,0,0
25.24,7,1,dining,0.139,0.141,28.1,0.9,2762,0,0,1,0
96.52,17,1,grocery,0.356,0.056,11.7,1.18,438,0,0,0,0
255.15,10,1,entertainment,0.01,0.262,12.8,1.36,3158,0,0,1,0
28.41,17,1,travel,0.018,0.081,3.0,1.1,1795,0,0,1,0
38.2,12,2,electronics,0.028,0.451,1.7,0.81,474,0,0,0,0
22.45,23,2,grocery,0.3,0.204,11.9,1.12,1013,0,1,1,0
59.74,13,3,gas_transport,0.204,0.366,6.7,1.31,3225,0,0,1,0
16.54,14,5,grocery,0.064,0.067,2.7,1.47,1336,0,0,1,0
77.12,16,5,dining,0.081,0.182,16.7,1.09,3182,0,0,0,0
14.41,10,3,gas_transport,0.038,0.077,4.2,1.16,3466,0,0,1,0
20.23,10,1,grocery,0.148,0.093,11.0,0.8,2725,0,0,1,0
162.76,13,1,health_beauty,0.06,0.098,12.8,0.94,2844,0,0,1,0
169.66,21,3,dining,0.238,0.2,1.9,1.15,3282,0,0,1,0
14.0,16,1,electronics,0.125,0.319,1.6,1.06,1277,0,0,1,0
16.0,10,3,entertainment,0.021,0.13,2.7,1.14,1552,0,0,1,0
1289.37,10,2,entertainment,0.817,0.897,980.2,3.96,407,1,0,0,1
45.36,10,1,utilities,0.382,0.051,19.2,0.91,1726,0,0,0,0
18.66,13,1,gas_transport,0.079,0.12,1.9,0.88,550,0,0,1,0
390.97,9,3,clothing,0.275,0.043,4.9,0.95,1612,0,1,0,0
68.17,7,3,electronics,0.27,0.308,6.1,0.38,2982,1,0,0,0
41.93,12,3,dining,0.076,0.01,18.4,1.03,1474,0,0,1,0
35.94,9,1,dining,0.159,0.105,16.7,0.87,2286,0,0,1,0
988.24,1,9,travel,0.763,0.917,1950.6,6.27,424,3,0,1,1
41.58,5,2,travel,0.047,0.08,17.5,0.69,547,0,0,1,0
121.7,17,3,dining,0.114,0.093,3.3,0.87,3072,1,0,1,0
74.07,22,1,gas_transport,0.072,0.207,18.2,0.38,782,0,0,0,0
57.12,20,2,travel,0.176,0.353,6.7,0.98,1390,0,0,1,0
26.86,8,1,gas_transport,0.097,0.059,16.4,0.66,1806,2,0,1,0
29.29,10,3,clothing,0.029,0.191,3.2,0.72,3197,0,0,0,0
27.98,12,1,utilities,0.132,0.203,18.8,1.43,1658,0,0,0,0
76.95,10,3,retail,0.023,0.151,6.6,0.89,1648,0,0,1,0
753.18,10,7,clothing,0.947,0.851,436.5,3.23,46,2,1,1,1
29.17,12,1,dining,0.115,0.053,38.5,0.96,1921,0,0,1,0
30.79,7,2,dining,0.45,0.115,8.4,0.94,2975,0,0,1,0
22.65,18,2,electronics,0.029,0.184,7.0,1.25,3216,0,0,1,0
58.25,16,6,grocery,0.159,0.186,5.0,1.56,708,0,0,0,0
56.34,13,1,grocery,0.063,0.211,2.3,1.66,894,1,0,1,0
913.95,3,5,electronics,0.676,0.693,1157.8,4.44,14,3,1,1,1
17.97,2,2,clothing,0.249,0.031,28.6,1.12,3582,1,0,0,0
150.37,8,2,entertainment,0.255,0.162,6.6,0.79,416,0,0,0,0
214.39,20,5,travel,0.861,0.924,680.6,7.72,164,1,1,1,1
27.29,12,3,dining,0.299,0.354,0.1,1.11,3249,0,0,0,0
74.95,15,3,grocery,0.238,0.116,0.7,0.46,2540,0,0,0,0
71.15,11,1,entertainment,0.352,0.35,9.8,1.01,1816,0,0,0,0
36.52,13,1,retail,0.065,0.024,7.1,1.21,1819,0,0,1,0
60.68,20,2,dining,0.105,0.078,6.3,0.8,813,0,0,1,0
18.56,12,2,dining,0.108,0.092,1.1,0.52,570,0,0,1,0
273.96,21,6,clothing,0.751,0.424,220.4,7.04,122,2,0,1,1
52.05,14,4,gas_transport,0.075,0.198,2.1,1.26,1531,0,0,1,0
19.51,9,3,gas_transport,0.12,0.136,2.3,0.91,2546,0,0,1,0
33.2,20,1,grocery,0.016,0.105,36.6,1.2,1712,0,0,0,0
51.6,11,1,grocery,0.108,0.118,11.3,1.35,1526,1,0,0,0
41.89,9,1,health_beauty,0.035,0.411,21.2,1.51,3415,0,0,1,0
32.37,23,2,grocery,0.156,0.119,1.4,0.54,305,0,0,1,0
39.36,14,2,grocery,0.051,0.053,5.8,0.83,1463,0,0,0,0
182.08,2,11,travel,0.83,0.871,1016.9,10.27,167,2,1,1,1
15.6,6,1,clothing,0.029,0.191,4.6,0.81,1805,1,0,0,0
43.85,11,4,gas_transport,0.14,0.427,1.1,1.06,1489,0,0,0,0
52.16,10,1,clothing,0.104,0.168,9.1,1.05,2305,0,0,0,0
18.25,9,1,clothing,0.012,0.486,10.1,1.02,663,0,0,1,0
161.03,21,3,dining,0.01,0.293,12.9,0.94,2298,0,0,1,0
25.53,21,2,clothing,0.149,0.251,3.5,1.2,1800,0,0,1,0
7.35,10,1,grocery,0.075,0.067,9.9,0.9,1243,0,0,1,0
30.6,9,1,grocery,0.028,0.193,7.2,0.51,1766,0,1,1,0
27.74,14,1,travel,0.027,0.065,33.6,0.77,1486,1,0,1,0
107.04,1,1,health_beauty,0.238,0.26,6.9,1.27,1414,0,0,0,0
83.57,8,5,grocery,0.189,0.252,3.1,0.54,351,0,0,1,0
18.94,19,1,grocery,0.248,0.404,4.1,1.31,3001,1,0,0,0
8.31,23,3,travel,0.043,0.292,8.9,1.23,2631,1,0,1,0
31.56,19,1,dining,0.186,0.17,1.6,1.33,3380,0,0,1,0
86.1,13,1,dining,0.059,0.206,7.5,1.07,629,0,0,0,0
21.23,11,1,electronics,0.254,0.132,14.7,1.13,2376,0,0,1,0
128.08,22,4,grocery,0.019,0.121,8.8,0.93,3278,0,0,0,0
31.01,11,2,travel,0.173,0.035,5.0,0.78,2451,0,0,1,0
38.83,16,1,clothing,0.196,0.02,26.2,1.01,3390,0,0,0,0
72.46,6,1,grocery,0.15,0.223,2.1,1.0,2509,0,0,1,0
139.73,11,4,dining,0.048,0.391,51.5,1.71,3271,0,0,0,0
43.07,11,3,retail,0.096,0.338,13.6,1.08,979,0,0,1,0
48.4,17,2,dining,0.193,0.246,4.1,1.27,844,0,0,1,0
38.61,17,2,dining,0.11,0.047,53.8,1.19,3070,0,0,0,0
61.57,15,1,travel,0.163,0.204,29.5,0.94,882,0,0,1,0
68.49,11,2,dining,0.165,0.478,15.3,0.98,463,0,0,0,0
33.12,19,2,grocery,0.166,0.222,21.7,1.58,2328,0,0,1,0
55.92,6,1,gas_transport,0.056,0.014,11.5,0.89,920,2,1,0,0
40.81,8,4,dining,0.113,0.2,24.5,1.37,2351,0,0,1,0
171.51,14,2,travel,0.117,0.346,6.3,1.09,368,0,0,1,0
51.84,17,4,health_beauty,0.067,0.162,2.4,0.78,435,0,0,0,0
171.07,9,1,travel,0.038,0.168,1.6,0.65,3442,0,0,0,0
41.0,9,2,gas_transport,0.042,0.335,4.9,0.83,2545,0,0,0,0
63.56,13,3,health_beauty,0.33,0.211,3.9,0.92,3493,0,0,0,0
32.77,13,2,utilities,0.206,0.311,3.0,0.98,2919,0,0,1,0
70.02,11,3,health_beauty,0.027,0.203,3.7,0.93,2788,0,0,1,0
158.99,15,2,grocery,0.247,0.013,8.5,1.33,220,0,0,0,0
63.76,22,2,grocery,0.025,0.202,2.8,1.2,1882,0,0,0,0
63.59,18,2,grocery,0.043,0.063,21.0,0.86,2518,0,0,0,0
539.12,18,10,travel,0.756,0.831,1502.9,5.69,113,4,1,1,1
24.96,12,3,grocery,0.062,0.452,3.6,0.83,2478,0,0,1,0
42.99,10,1,travel,0.034,0.083,4.2,1.61,3556,0,1,1,0
61.38,7,1,retail,0.098,0.106,8.9,0.98,305,1,0,0,0
17.48,6,1,electronics,0.159,0.205,7.7,1.13,2776,0,0,0,0
775.03,16,3,entertainment,0.887,0.59,857.2,1.8,20,3,1,1,1
21.26,13,2,travel,0.131,0.343,3.1,1.35,1879,0,0,0,0
64.69,22,1,grocery,0.086,0.253,1.6,0.77,1724,0,0,1,0
301.98,10,2,gas_transport,0.138,0.236,7.1,0.8,651,0,0,0,0
59.58,9,1,grocery,0.084,0.462,12.6,1.73,1610,0,0,1,0
78.47,8,3,gas_transport,0.162,0.5,28.0,0.58,3215,0,0,0,0
31.85,17,2,grocery,0.066,0.133,19.1,0.95,189,0,0,0,0
105.43,5,1,grocery,0.277,0.16,1.7,0.83,1300,0,0,1,0
1258.58,1,10,health_beauty,0.851,0.849,3259.7,6.06,112,3,1,1,1
52.77,10,4,electronics,0.091,0.108,8.8,0.91,2043,0,0,1,0
45.22,16,1,clothing,0.033,0.125,3.5,1.09,1195,0,0,0,0
32.92,9,1,dining,0.118,0.471,2.1,0.77,1898,0,0,1,0
36.63,10,2,utilities,0.091,0.157,20.1,1.25,2893,0,0,1,0
68.56,9,2,gas_transport,0.238,0.109,2.5,0.38,1546,0,0,1,0
36.1,7,3,dining,0.184,0.156,1.4,0.8,1896,0,0,0,0
82.59,12,3,gas_transport,0.041,0.092,9.6,1.45,1308,0,0,0,0
41.32,22,1,utilities,0.014,0.323,24.5,0.48,2509,0,0,0,0
171.8,8,2,utilities,0.139,0.22,2.4,1.0,1007,0,0,1,0
119.21,7,2,retail,0.01,0.106,3.4,0.43,188,1,0,0,0
227.85,6,1,grocery,0.27,0.086,18.8,1.13,1960,0,0,0,0
70.64,6,2,utilities,0.011,0.113,5.2,0.66,807,0,0,1,0
20.06,8,3,utilities,0.034,0.151,3.8,1.11,2094,0,0,1,0
99.55,7,2,entertainment,0.048,0.339,16.2,0.54,3124,0,0,0,0
213.74,23,10,entertainment,0.487,0.717,1763.8,8.84,489,2,1,1,1
18.73,19,1,dining,0.408,0.126,1.0,1.33,2565,0,0,0,0
35.65,4,1,grocery,0.01,0.308,5.8,0.79,1587,0,1,0,0
113.5,8,2,retail,0.224,0.282,6.1,1.48,1457,0,0,1,0
39.74,11,3,health_beauty,0.14,0.011,8.7,1.28,1442,0,0,0,0
36.55,22,1,grocery,0.319,0.2,6.3,1.29,1225,0,0,1,0
73.34,17,4,clothing,0.043,0.177,0.9,0.96,2720,0,0,0,0
32.53,15,4,dining,0.17,0.203,0.7,0.78,1883,0,0,1,0
57.8,1,6,clothing,0.113,0.42,0.2,1.28,1252,0,0,0,0
25.22,5,3,utilities,0.027,0.087,14.9,0.74,2231,0,0,0,0
2936.69,14,6,travel,0.468,0.68,759.5,4.45,97,4,0,1,1
98.79,23,2,dining,0.01,0.095,6.1,1.25,3452,0,0,1,0
167.82,7,1,retail,0.089,0.273,12.5,0.75,427,0,0,1,0
120.0,20,11,travel,0.519,0.781,129.1,4.76,296,4,0,1,1
69.81,12,1,gas_transport,0.193,0.178,36.5,1.0,2971,0,0,1,0
37.61,10,1,grocery,0.134,0.1,1.0,1.08,1750,0,0,0,0
80.8,8,3,gas_transport,0.167,0.252,13.7,0.97,3440,0,0,1,0
15.36,14,1,gas_transport,0.066,0.23,3.2,0.96,501,0,0,0,0
204.85,0,5,travel,0.776,0.516,29.8,5.73,111,2,0,1,1
99.57,7,2,grocery,0.228,0.103,4.6,1.32,1072,0,0,0,0
68.7,16,3,travel,0.36,0.139,6.7,0.72,579,0,0,1,0
58.64,12,1,grocery,0.165,0.05,4.7,0.59,1582,0,0,1,0
57.19,12,4,grocery,0.197,0.165,42.9,0.73,575,0,0,1,0
78.38,15,1,grocery,0.39,0.133,23.1,1.7,739,0,0,1,0
60.06,14,2,grocery,0.113,0.082,19.8,0.71,2877,0,0,1,0
44.5,19,2,travel,0.278,0.134,18.8,0.78,2436,0,0,0,0
32.71,12,1,travel,0.255,0.422,3.4,1.49,2311,0,0,1,0
18.22,18,1,health_beauty,0.083,0.029,20.8,1.03,1334,1,1,1,0
28.38,17,1,entertainment,0.115,0.123,23.8,0.7,2820,0,0,1,0
92.12,19,3,entertainment,0.242,0.143,0.3,0.68,546,0,0,0,0
15.33,13,1,grocery,0.102,0.067,3.9,0.98,2375,0,0,0,0
85.32,7,2,gas_transport,0.051,0.187,2.7,1.23,1126,0,0,0,0
75.45,9,1,dining,0.033,0.087,4.2,0.81,1431,0,0,1,0
26.75,23,2,clothing,0.138,0.086,5.0,0.68,3035,0,0,1,0
90.1,15,1,gas_transport,0.099,0.055,3.4,0.84,1230,0,0,1,0
9.98,16,1,dining,0.173,0.149,3.9,0.83,910,0,0,0,0
30.67,17,1,grocery,0.029,0.352,1.4,1.02,2490,0,0,1,0
78.88,6,3,grocery,0.094,0.032,17.8,0.89,2831,0,0,0,0
54.69,17,3,electronics,0.031,0.142,17.7,0.61,1090,0,0,0,0
27.97,10,1,dining,0.053,0.01,36.9,1.12,482,0,0,0,0
150.88,13,1,gas_transport,0.117,0.257,8.0,1.31,648,0,0,1,0
55.08,9,3,gas_transport,0.089,0.035,1.4,0.84,1918,0,0,0,0
28.67,8,3,entertainment,0.076,0.069,9.6,0.83,2863,0,0,0,0
19.75,4,2,gas_transport,0.043,0.023,8.2,0.96,1966,0,0,1,0
29.19,15,1,electronics,0.01,0.12,45.1,1.42,2450,0,0,0,0
83.62,21,2,dining,0.343,0.145,14.1,1.02,660,0,0,0,0
301.17,15,4,dining,0.252,0.121,8.1,0.63,2475,0,0,1,0
74.04,11,2,dining,0.101,0.019,14.3,0.83,502,0,0,0,0
120.0,15,4,electronics,0.735,0.479,227.4,1.87,15,0,1,0,1
59.44,11,1,dining,0.116,0.075,8.6,1.02,1455,0,0,0,0
145.49,8,1,gas_transport,0.228,0.418,22.1,0.88,1154,0,0,1,0
58.06,10,3,grocery,0.321,0.057,2.4,1.14,2147,0,0,0,0
42.48,15,2,grocery,0.177,0.217,3.4,0.96,1336,0,0,1,0
49.7,13,1,dining,0.025,0.364,5.7,1.47,2605,0,0,1,0
12.57,5,1,health_beauty,0.075,0.079,11.6,0.9,1183,0,0,1,0
58.06,6,1,dining,0.111,0.314,31.3,1.03,1544,0,0,0,0
179.56,5,6,electronics,0.755,0.45,15.0,2.67,112,1,1,1,1
16.81,19,3,dining,0.449,0.139,6.0,1.06,530,0,0,0,0
41.48,13,1,gas_transport,0.097,0.055,69.3,0.65,428,1,0,1,0
20.43,12,3,dining,0.059,0.033,11.0,1.48,3489,0,0,0,0
24.29,14,1,gas_transport,0.159,0.305,0.9,1.0,826,0,0,1,0
247.38,5,9,electronics,0.866,0.599,272.9,1.8,19,4,1,1,1
33.67,17,1,utilities,0.107,0.096,5.6,1.05,573,0,0,0,0
19.8,16,1,electronics,0.078,0.044,0.7,0.92,965,0,0,1,0
9.41,11,3,clothing,0.16,0.01,1.3,1.09,1957,0,0,0,0
14.54,12,4,gas_transport,0.125,0.027,12.5,1.3,1289,0,0,1,0
642.97,1,6,electronics,0.887,0.585,2304.3,2.29,129,1,1,1,1
120.0,22,9,travel,0.818,0.904,196.9,7.5,65,3,0,1,1
167.78,8,1,electronics,0.155,0.263,10.0,1.05,816,0,0,0,0
93.92,2,4,electronics,0.418,0.073,14.3,1.04,2321,0,0,0,0
106.55,0,1,grocery,0.01,0.132,10.7,1.47,1474,0,0,1,0
25.55,10,2,utilities,0.049,0.02,0.2,1.19,2155,0,0,0,0
6.57,6,3,gas_transport,0.077,0.021,5.7,0.98,3045,0,1,1,0
10.33,1,4,dining,0.1,0.257,4.8,0.85,2196,0,0,0,0
101.86,23,1,dining,0.187,0.089,8.2,0.67,3546,0,0,0,0
25.26,16,2,dining,0.091,0.073,22.4,1.23,1741,0,0,0,0
15.15,10,4,dining,0.162,0.141,16.3,1.03,575,0,1,0,0
99.3,7,1,grocery,0.216,0.026,44.4,1.41,3144,0,0,0,0
48.7,17,4,gas_transport,0.164,0.167,5.5,1.49,2488,0,0,1,0
27.31,10,1,health_beauty,0.05,0.473,19.7,0.79,884,0,0,0,0
45.38,9,1,gas_transport,0.201,0.093,4.4,0.82,1488,0,0,0,0
120.0,0,6,electronics,0.797,0.826,320.1,4.93,242,1,1,1,1
40.8,6,4,electronics,0.301,0.15,5.6,0.96,1336,0,0,0,0
66.49,15,2,clothing,0.166,0.021,13.5,0.68,2350,0,0,1,0
13.03,9,1,clothing,0.159,0.147,7.4,1.04,728,0,0,0,0
36.48,14,1,entertainment,0.01,0.015,26.5,1.04,2472,0,0,1,0
55.98,21,3,dining,0.45,0.215,14.2,1.04,1267,0,0,1,0
50.08,8,1,grocery,0.02,0.109,5.1,1.17,3442,0,0,1,0
56.1,13,1,grocery,0.097,0.145,1.9,0.92,1578,0,0,0,0
31.18,9,3,dining,0.383,0.219,6.4,1.16,1763,0,0,0,0
107.8,19,2,gas_transport,0.278,0.145,2.6,0.89,1778,0,0,0,0
619.48,4,3,travel,0.57,0.956,840.8,5.08,275,2,0,1,1
24.35,11,3,dining,0.066,0.181,26.3,1.27,385,0,0,1,0
43.4,0,4,entertainment,0.148,0.112,7.4,0.83,594,0,0,0,0
43.53,10,4,dining,0.45,0.099,12.5,1.21,3454,0,0,1,0
137.18,13,2,dining,0.443,0.068,0.7,1.25,2843,0,0,1,0
120.0,16,4,dining,0.745,0.427,83.9,12.78,370,3,0,1,1
26.53,5,4,grocery,0.025,0.043,22.9,0.64,1292,0,0,1,0
3401.94,1,10,electronics,0.869,0.686,200.8,10.93,142,3,1,0,1
7.68,16,3,electronics,0.067,0.426,2.7,1.39,3359,0,0,1,0
66.11,3,3,gas_transport,0.157,0.342,0.4,0.9,3423,0,0,1,0
247.83,19,6,electronics,0.522,0.905,114.9,7.95,118,1,0,1,1
32.07,19,3,travel,0.45,0.114,10.4,1.27,3174,0,0,0,0
14.85,19,1,dining,0.01,0.357,5.8,1.6,2817,0,0,0,0
129.59,13,1,electronics,0.45,0.148,6.2,0.55,1437,0,0,1,0
33.68,7,1,utilities,0.043,0.101,4.8,1.03,1881,0,0,1,0
86.8,14,4,travel,0.126,0.169,9.9,0.86,2952,0,0,0,0
71.84,0,1,dining,0.083,0.064,16.8,1.14,1914,0,0,0,0
27.04,11,3,entertainment,0.043,0.113,22.2,1.01,722,0,0,1,0
46.39,12,1,travel,0.01,0.048,16.2,0.89,1887,0,0,1,0
151.96,17,1,gas_transport,0.037,0.37,10.4,0.85,1164,0,0,0,0
7.93,12,1,clothing,0.086,0.098,0.5,1.29,828,0,0,0,0
28.96,16,1,gas_transport,0.306,0.089,7.6,0.81,2808,0,0,1,0
44.04,15,1,gas_transport,0.163,0.257,22.0,0.99,3448,0,0,0,0
112.94,10,1,dining,0.01,0.156,7.8,1.6,1498,0,0,0,0
85.32,20,3,clothing,0.267,0.127,32.1,0.58,1365,0,0,1,0
93.64,12,4,utilities,0.03,0.115,1.8,0.98,3050,0,0,1,0
80.41,16,1,retail,0.05,0.02,6.9,0.75,2950,0,0,1,0
72.82,14,1,travel,0.214,0.391,6.3,1.53,3523,0,0,0,0
59.48,6,2,gas_transport,0.222,0.042,3.3,0.89,1209,0,0,1,0
70.72,11,1,clothing,0.053,0.31,11.6,1.0,1990,0,0,0,0
85.85,23,4,grocery,0.126,0.323,2.6,1.01,837,0,0,1,0
29.33,15,2,utilities,0.064,0.151,28.2,1.11,3103,0,0,0,0
34.72,22,1,gas_transport,0.248,0.22,5.2,0.75,416,0,0,0,0
58.33,17,3,grocery,0.043,0.127,5.1,0.88,2571,0,0,1,0
390.83,14,2,clothing,0.01,0.094,19.9,1.0,1267,0,0,0,0
97.37,22,1,travel,0.011,0.179,6.5,1.3,1705,0,0,0,0
73.21,17,2,retail,0.07,0.037,3.3,0.95,1187,0,0,1,0
87.6,12,2,utilities,0.119,0.014,5.3,1.31,1399,0,1,1,0
38.5,13,1,dining,0.169,0.126,3.2,1.09,2101,0,0,0,0
18.6,15,4,utilities,0.028,0.035,1.4,0.53,2948,0,0,1,0
77.81,11,3,travel,0.219,0.376,0.8,1.17,667,0,0,0,0
108.28,6,2,grocery,0.175,0.016,42.4,1.1,395,0,0,0,0
834.34,1,4,grocery,0.865,0.677,137.4,8.54,51,1,0,1,1
38.17,12,2,electronics,0.049,0.265,10.2,0.91,2835,0,0,1,0
14.19,11,1,grocery,0.354,0.069,2.1,1.36,2080,0,0,0,0
17.38,5,1,travel,0.102,0.216,21.1,1.31,2616,0,0,0,0
12.98,8,2,grocery,0.228,0.049,6.3,0.62,2440,0,0,0,0
617.27,3,6,health_beauty,0.4,0.751,341.3,5.85,112,4,1,1,1
66.69,14,2,grocery,0.066,0.5,6.9,0.51,1988,0,0,1,0
67.84,15,1,grocery,0.194,0.097,4.5,0.96,1577,0,0,1,0
229.64,10,2,gas_transport,0.183,0.106,1.4,1.39,2350,0,0,1,0
76.43,6,2,grocery,0.029,0.409,54.5,1.0,1359,0,0,0,0
70.28,19,2,grocery,0.217,0.01,2.8,1.24,3380,0,0,0,0
66.1,5,3,entertainment,0.02,0.016,0.8,1.22,813,0,0,0,0
235.62,12,3,dining,0.015,0.304,3.0,0.77,2344,0,0,1,0
229.0,14,4,dining,0.082,0.057,23.2,0.32,1162,0,0,0,0
145.84,19,1,entertainment,0.039,0.057,15.1,0.77,2071,0,0,1,0
45.47,19,1,grocery,0.221,0.194,10.6,1.11,366,0,0,1,0
95.34,22,1,dining,0.076,0.016,67.4,1.18,2266,0,1,0,0
75.28,20,1,grocery,0.016,0.202,27.1,0.76,2261,1,0,1,0
78.07,11,1,entertainment,0.09,0.061,16.5,1.3,231,0,0,1,0
69.82,17,2,utilities,0.142,0.087,0.4,1.58,1532,0,0,0,0
197.24,20,3,grocery,0.397,0.044,6.7,1.07,256,0,0,1,0
24.37,9,1,gas_transport,0.036,0.046,13.5,0.91,1881,0,0,0,0
15.98,18,1,utilities,0.136,0.154,17.3,0.76,1862,0,0,1,0
18.87,9,2,gas_transport,0.367,0.183,2.6,0.56,820,0,0,1,0
12.32,8,1,clothing,0.195,0.091,10.7,0.38,965,0,0,1,0
18.96,16,1,gas_transport,0.306,0.019,6.3,1.28,2354,0,0,1,0
40.45,7,3,gas_transport,0.102,0.109,2.6,1.32,2311,0,0,0,0
120.0,22,5,retail,0.659,0.919,563.1,10.6,104,2,1,1,1
176.4,18,1,dining,0.131,0.031,21.6,1.3,3524,0,0,0,0
56.61,14,3,electronics,0.187,0.016,17.4,0.35,825,0,0,1,0
41.9,10,1,health_beauty,0.45,0.132,6.4,0.97,2127,0,0,1,0
87.29,17,1,entertainment,0.056,0.032,8.9,1.28,867,0,0,1,0
42.07,12,2,retail,0.215,0.488,11.3,0.77,848,0,0,0,0
669.22,10,6,travel,0.646,0.81,345.7,7.06,30,4,1,1,1
107.62,8,1,travel,0.014,0.498,2.2,1.14,1519,2,0,1,0
143.15,15,4,grocery,0.163,0.144,9.2,1.24,2899,0,0,1,0
12.35,11,1,grocery,0.03,0.344,35.9,1.13,1530,0,0,1,0
201.88,4,6,travel,0.576,0.577,91.8,3.84,241,4,0,1,1
96.1,16,1,dining,0.127,0.039,9.9,1.26,3287,0,1,1,0
95.27,19,3,travel,0.012,0.209,18.6,1.41,3461,0,0,1,0
11.43,9,2,dining,0.1,0.022,8.6,1.48,1605,0,0,1,0
2096.22,1,11,travel,0.956,0.747,867.8,3.71,156,1,1,1,1
62.76,13,1,entertainment,0.182,0.123,16.1,1.39,3579,0,0,1,0
38.07,19,1,health_beauty,0.3,0.384,1.2,1.14,1248,0,0,0,0
108.7,19,1,dining,0.01,0.167,19.7,1.21,1900,0,0,1,0
25.81,8,2,gas_transport,0.091,0.197,9.6,1.34,3110,1,0,1,0
40.71,18,3,travel,0.283,0.191,6.8,1.05,2697,0,0,1,0
20.5,18,3,grocery,0.217,0.09,4.3,1.13,2535,0,0,1,0
58.01,18,2,clothing,0.023,0.056,3.0,0.57,1152,0,1,1,0
261.96,0,5,electronics,0.958,0.575,528.9,7.59,54,3,1,1,1
88.48,16,1,health_beauty,0.147,0.103,3.5,1.27,278,0,0,1,0
38.3,8,3,grocery,0.385,0.144,34.1,1.32,2305,0,0,0,0
29.18,9,2,dining,0.223,0.218,5.7,0.86,1573,0,1,1,0
135.89,7,1,grocery,0.02,0.079,20.6,0.93,481,0,0,0,0
49.39,9,4,dining,0.061,0.016,10.1,0.93,3323,0,0,0,0
55.21,17,2,clothing,0.176,0.404,3.1,0.79,1109,1,0,1,0
31.55,7,2,gas_transport,0.132,0.472,33.5,1.56,1371,0,0,0,0
58.41,14,1,clothing,0.01,0.374,5.1,1.28,2798,0,0,1,0
16.18,19,2,health_beauty,0.16,0.134,24.7,0.95,1595,0,0,1,0
174.74,16,1,entertainment,0.021,0.423,38.6,1.41,1361,0,0,0,0
33.92,19,3,dining,0.391,0.5,20.4,1.11,2136,0,0,1,0
18.11,15,1,grocery,0.097,0.245,10.1,0.94,3433,0,0,0,0
14.06,17,2,entertainment,0.091,0.095,0.8,0.97,356,0,0,0,0
871.89,1,3,travel,0.846,0.727,215.0,1.8,139,1,1,1,1
8.49,17,3,entertainment,0.176,0.5,1.4,0.95,2949,0,0,0,0
3221.87,17,9,clothing,0.729,0.833,128.1,1.8,460,2,1,1,1
12.66,20,4,dining,0.042,0.138,13.2,1.56,3257,0,0,0,0
19.48,17,2,dining,0.206,0.045,16.3,0.54,723,0,0,1,0
22.55,8,1,grocery,0.07,0.133,6.2,1.01,2770,0,0,1,0
59.97,16,1,entertainment,0.158,0.242,6.4,0.72,1551,0,0,0,0
573.64,3,4,retail,0.765,0.944,683.0,4.09,191,2,0,1,1
53.16,8,1,health_beauty,0.133,0.017,35.5,1.14,768,0,0,1,0
37.73,7,1,health_beauty,0.048,0.124,2.7,0.88,1048,0,0,0,0
51.89,6,2,grocery,0.155,0.141,10.6,0.93,390,0,1,1,0
120.0,12,10,travel,0.774,0.902,150.9,5.23,601,1,1,1,1
26.17,21,2,clothing,0.169,0.196,12.6,0.99,961,0,0,0,0
28.44,9,2,grocery,0.153,0.153,1.1,0.97,3257,0,0,1,0
25.13,19,3,grocery,0.017,0.167,5.2,0.5,1421,0,0,1,0
25.62,9,1,gas_transport,0.16,0.219,1.0,0.82,2747,0,0,1,0
27.62,18,2,dining,0.158,0.275,24.6,1.43,2115,0,0,0,0
54.83,16,2,gas_transport,0.061,0.44,34.9,1.23,2806,0,0,0,0
12.69,1,1,grocery,0.123,0.172,18.6,0.61,1872,0,0,1,0
43.82,6,5,grocery,0.176,0.217,8.4,0.97,372,0,0,1,0
32.48,15,1,gas_transport,0.07,0.328,5.6,1.25,2990,0,0,1,0
256.74,16,2,utilities,0.143,0.206,3.1,0.51,3427,1,0,0,0
33.82,14,1,entertainment,0.036,0.353,43.1,0.94,3206,0,0,1,0
79.23,6,5,grocery,0.059,0.12,4.6,1.05,2805,0,0,0,0
61.14,15,1,gas_transport,0.11,0.303,6.4,0.62,1759,0,0,0,0
23.8,12,1,gas_transport,0.065,0.234,0.9,0.96,3363,0,0,1,0
21.08,16,1,dining,0.058,0.448,17.4,1.13,540,0,0,0,0
15.69,9,3,grocery,0.125,0.06,0.6,1.24,1586,0,0,1,0
70.29,15,1,grocery,0.114,0.218,9.4,0.58,472,0,0,0,0
83.64,11,2,grocery,0.031,0.459,24.0,0.93,2439,0,0,1,0
31.15,17,3,gas_transport,0.051,0.242,3.4,0.92,2327,0,0,1,0
40.69,19,4,grocery,0.167,0.185,25.4,0.82,1226,0,0,1,0
47.06,9,2,gas_transport,0.191,0.461,2.7,0.96,2677,0,0,1,0
25.76,11,1,entertainment,0.058,0.223,3.8,0.64,2816,0,1,1,0
214.15,19,1,health_beauty,0.148,0.236,1.4,1.12,1492,0,0,1,0
11.73,17,1,utilities,0.181,0.095,3.6,1.08,3589,0,0,0,0
29.05,18,2,entertainment,0.293,0.38,13.5,0.61,908,0,0,1,0
20.53,5,2,utilities,0.053,0.03,7.7,0.72,1662,0,0,0,0
44.95,7,1,grocery,0.322,0.5,0.7,1.11,2850,0,0,0,0
16.43,7,1,health_beauty,0.243,0.025,4.6,1.45,224,2,0,1,0
165.13,14,2,dining,0.45,0.265,18.3,1.55,1831,0,0,1,0
70.67,13,2,grocery,0.044,0.227,12.6,1.56,1226,0,0,0,0
39.98,11,1,retail,0.139,0.308,15.5,1.1,3264,0,0,0,0
30.43,16,3,grocery,0.126,0.345,1.2,0.96,399,0,0,1,0
61.01,8,2,travel,0.105,0.265,10.5,1.23,3080,0,0,0,0
31.71,4,4,gas_transport,0.073,0.177,0.1,1.15,847,0,0,1,0
28.29,18,1,dining,0.025,0.169,7.5,1.07,1115,0,0,1,0
174.16,21,2,dining,0.01,0.339,14.9,1.61,2525,0,0,1,0
104.22,14,2,gas_transport,0.01,0.059,17.6,0.94,705,0,0,1,0
57.08,10,1,gas_transport,0.295,0.132,6.3,0.97,1179,0,0,0,0
12.45,19,5,gas_transport,0.106,0.5,1.0,1.47,328,0,0,1,0
13.85,19,1,dining,0.046,0.296,7.9,0.99,2483,0,0,0,0
34.05,19,2,grocery,0.365,0.242,25.6,0.71,2486,0,0,1,0
99.88,16,4,grocery,0.127,0.118,9.0,0.7,1675,0,0,1,0
441.44,2,5,electronics,0.9,0.946,210.5,1.8,40,0,1,1,1
35.01,17,1,grocery,0.037,0.242,9.3,1.16,912,0,0,1,0
92.0,8,1,grocery,0.034,0.196,11.3,0.77,3335,0,1,0,0
20.85,11,2,grocery,0.202,0.473,6.3,1.47,3111,2,0,1,0
52.45,19,2,grocery,0.151,0.191,2.0,1.08,2621,0,0,1,0
28.45,17,2,clothing,0.134,0.108,0.8,1.45,257,0,0,1,0
61.2,10,2,grocery,0.087,0.307,52.5,0.45,1275,0,0,1,0
69.84,17,1,dining,0.01,0.056,34.2,0.97,976,0,0,0,0
30.98,14,1,dining,0.343,0.042,32.3,0.47,189,0,0,1,0
45.22,21,2,grocery,0.145,0.178,26.0,1.23,2283,0,0,1,0
21.79,16,1,dining,0.103,0.042,18.9,0.38,991,0,0,0,0
9.86,4,2,grocery,0.163,0.155,28.3,0.76,961,0,0,1,0
37.45,10,1,gas_transport,0.019,0.015,0.8,0.8,1619,0,0,0,0
53.24,18,3,grocery,0.265,0.212,3.3,1.39,2843,0,0,1,0
51.43,15,1,gas_transport,0.234,0.286,2.8,0.44,3168,0,0,1,0
59.46,7,5,clothing,0.118,0.059,9.4,0.85,1901,0,0,0,0
83.79,9,1,utilities,0.162,0.144,22.5,1.34,2928,0,1,1,0
17.55,13,3,grocery,0.14,0.145,12.5,0.85,2982,0,0,0,0
75.42,5,1,clothing,0.089,0.024,12.3,0.66,1404,0,0,1,0
134.88,5,7,clothing,0.91,0.904,1040.7,8.62,135,0,1,1,1
29.63,15,1,clothing,0.082,0.231,22.5,1.17,2663,0,0,0,0
77.49,11,1,health_beauty,0.025,0.293,17.0,1.13,1315,0,0,0,0
55.55,10,2,clothing,0.122,0.085,6.7,0.79,3204,0,0,0,0
51.27,19,1,grocery,0.092,0.5,27.7,1.07,1576,0,0,1,0
121.32,20,7,electronics,0.779,0.728,1085.8,7.87,89,3,0,1,1
105.2,7,2,health_beauty,0.299,0.168,5.8,1.62,1282,0,0,1,0
114.79,9,2,clothing,0.019,0.128,1.3,0.75,2204,0,0,0,0
44.97,7,1,utilities,0.035,0.4,0.7,0.45,2669,0,0,0,0
46.78,11,1,gas_transport,0.381,0.086,9.8,0.78,393,0,0,1,0
97.63,19,2,entertainment,0.187,0.176,4.6,1.02,2095,0,0,0,0
31.97,8,1,entertainment,0.062,0.047,30.3,1.04,2025,0,0,1,0
120.82,7,1,entertainment,0.126,0.08,69.7,1.05,928,0,0,0,0
33.57,17,3,entertainment,0.01,0.173,8.5,0.92,197,0,0,1,0
76.55,13,1,health_beauty,0.01,0.21,20.4,0.92,1438,0,0,1,0
47.5,12,3,gas_transport,0.117,0.149,1.1,1.46,1005,0,0,1,0
47.18,7,1,grocery,0.244,0.162,5.7,0.51,3304,0,0,1,0
6.35,20,1,dining,0.45,0.102,5.3,0.7,2411,0,0,1,0
33.7,15,1,clothing,0.238,0.163,38.2,1.29,435,0,0,0,0
18.2,13,3,grocery,0.126,0.22,28.3,1.24,1621,0,0,1,0
52.66,7,5,clothing,0.226,0.274,0.9,0.93,3388,0,0,1,0
18.99,12,1,travel,0.242,0.061,4.2,0.98,3370,0,0,0,0
26.17,16,2,entertainment,0.17,0.048,7.8,1.4,1469,0,0,1,0
21.15,14,1,health_beauty,0.073,0.113,0.5,0.54,685,0,0,1,0
137.48,3,4,entertainment,0.247,0.024,36.3,0.94,3557,0,0,1,0
25.69,1,2,clothing,0.02,0.051,36.0,1.0,1377,0,0,1,0
123.72,12,2,gas_transport,0.153,0.13,8.9,1.13,2222,0,0,0,0
70.13,11,4,clothing,0.409,0.079,10.4,1.46,1017,0,0,0,0
28.0,14,6,dining,0.156,0.17,1.3,0.84,1791,1,0,0,0
171.22,8,1,travel,0.324,0.135,1.1,1.25,313,0,0,0,0
56.1,16,2,clothing,0.01,0.145,0.3,1.3,245,0,0,0,0
170.8,14,1,gas_transport,0.228,0.195,10.1,0.85,3564,0,0,1,0
65.53,11,1,clothing,0.146,0.289,9.7,1.39,2218,0,0,0,0
10.65,10,1,clothing,0.043,0.037,11.6,1.65,3345,0,0,1,0
29.08,8,6,dining,0.354,0.058,10.7,1.11,3109,0,0,1,0
23.34,17,3,grocery,0.192,0.166,15.1,1.21,3180,0,0,1,0
37.08,0,4,clothing,0.178,0.142,23.3,1.63,2158,0,0,1,0
131.49,6,2,dining,0.074,0.149,23.8,0.43,306,0,1,0,0
34.69,16,2,clothing,0.017,0.299,2.4,0.9,1666,0,0,0,0
242.58,8,10,clothing,0.755,0.829,65.7,4.31,153,4,0,1,1
1887.55,3,8,health_beauty,0.795,0.834,158.3,4.25,441,1,0,1,1
25.33,20,1,entertainment,0.01,0.197,0.5,0.6,1455,0,1,1,0
53.62,18,3,clothing,0.01,0.228,31.7,1.22,728,0,0,0,0
5.17,10,1,grocery,0.02,0.137,21.7,1.72,1868,0,0,0,0
14.14,9,2,travel,0.367,0.441,0.8,1.05,2563,0,0,1,0
32.37,13,1,grocery,0.028,0.133,51.8,1.56,2662,0,0,0,0
467.09,7,8,clothing,0.867,0.793,337.7,5.7,2,1,1,1,1
13.43,9,1,grocery,0.044,0.034,3.0,1.02,2048,0,0,0,0
40.74,14,1,clothing,0.044,0.141,11.0,0.2,1862,0,1,1,0
22.08,13,2,gas_transport,0.15,0.053,13.0,1.3,3463,1,0,1,0
14.0,20,2,retail,0.118,0.135,1.5,0.96,988,0,0,0,0
14.48,13,2,clothing,0.181,0.215,1.4,0.55,1787,0,0,0,0
82.36,6,2,grocery,0.021,0.095,8.8,0.61,1236,0,0,0,0
323.03,22,7,travel,0.665,0.936,372.1,7.14,287,0,0,1,1
19.85,16,1,grocery,0.161,0.108,13.3,1.49,2461,1,0,1,0
149.4,9,1,grocery,0.053,0.079,1.3,1.24,1493,0,0,0,0
37.4,13,1,dining,0.062,0.087,61.1,1.06,758,0,0,0,0
62.94,16,2,grocery,0.036,0.223,11.9,1.31,1319,0,0,1,0
20.69,17,3,grocery,0.092,0.024,13.9,0.45,1050,0,0,1,0
29.21,20,1,health_beauty,0.01,0.146,13.7,1.33,3107,0,0,1,0
18.37,13,3,dining,0.287,0.311,3.9,0.84,2850,0,0,1,0
79.08,6,2,gas_transport,0.038,0.5,12.8,1.16,2884,0,0,0,0
120.0,19,12,electronics,0.509,0.776,2896.3,8.33,441,3,1,1,1
17.0,17,3,grocery,0.095,0.094,31.3,1.22,1842,0,0,0,0
80.98,12,2,grocery,0.06,0.02,17.8,1.04,1361,0,0,1,0
54.38,12,1,dining,0.041,0.104,6.6,1.2,2864,0,0,0,0
25.24,14,1,clothing,0.217,0.045,5.8,1.01,469,0,0,0,0
52.18,8,1,grocery,0.01,0.252,34.3,1.28,2361,0,0,0,0
97.03,7,1,health_beauty,0.055,0.086,31.8,0.38,934,0,0,1,0
37.92,10,1,gas_transport,0.139,0.019,8.2,0.33,3397,0,0,1,0
27.64,11,3,travel,0.335,0.101,19.9,1.55,2377,0,0,1,0
83.7,18,2,clothing,0.116,0.057,5.4,0.77,907,0,0,1,0
40.03,13,1,health_beauty,0.148,0.185,3.1,0.79,2854,0,0,1,0
45.18,17,3,retail,0.195,0.3,5.9,0.94,588,0,0,0,0
28.02,10,1,grocery,0.273,0.138,1.7,1.27,285,1,0,1,0
123.35,9,2,dining,0.069,0.104,1.5,0.61,384,0,0,0,0
41.43,16,2,dining,0.018,0.375,0.1,0.74,3385,0,0,0,0
69.04,8,2,grocery,0.041,0.067,34.6,1.12,1858,0,0,1,0
108.44,16,1,entertainment,0.032,0.279,50.9,0.8,2710,0,0,0,0
83.83,20,1,electronics,0.063,0.297,2.0,1.13,773,0,0,0,0
13.41,15,1,entertainment,0.012,0.316,15.3,0.9,2992,0,0,0,0
18.2,6,1,gas_transport,0.074,0.158,0.1,0.56,725,0,1,1,0
1362.69,1,5,travel,0.717,0.737,126.7,7.84,41,4,1,0,1
80.94,7,3,dining,0.09,0.245,19.3,0.44,2314,0,0,0,0
51.53,6,1,gas_transport,0.234,0.275,33.5,1.06,305,0,0,0,0
25.94,13,1,grocery,0.01,0.249,1.6,1.27,1914,2,0,1,0
120.0,22,7,electronics,0.762,0.473,259.7,1.96,471,3,1,1,1
33.02,4,1,utilities,0.442,0.295,16.0,1.15,844,0,0,0,0
54.16,16,4,dining,0.01,0.177,2.5,0.62,364,0,1,1,0
35.53,11,2,travel,0.056,0.021,18.2,0.69,1130,0,0,0,0
51.56,8,3,dining,0.023,0.254,14.2,1.36,834,0,0,1,0
62.85,7,1,gas_transport,0.329,0.461,4.3,0.7,1168,0,0,1,0
78.86,13,2,health_beauty,0.215,0.22,22.1,1.15,2525,0,0,0,0
359.33,20,9,electronics,0.84,0.794,18.0,5.87,41,1,1,1,1
52.59,12,1,electronics,0.18,0.448,3.0,1.42,3365,0,0,0,0
11.27,10,3,dining,0.086,0.288,28.8,0.92,2239,1,0,1,0
112.62,10,2,electronics,0.028,0.347,2.6,0.67,1551,0,0,0,0
31.05,12,2,grocery,0.091,0.088,17.1,0.84,1925,0,0,0,0
15.65,16,2,health_beauty,0.278,0.012,13.6,1.62,384,0,0,1,0
9.38,6,1,electronics,0.043,0.148,0.1,0.75,2514,0,0,1,0
138.21,21,2,gas_transport,0.072,0.099,53.5,1.26,2454,0,1,0,0
18.27,13,4,electronics,0.28,0.016,13.7,0.72,3118,0,0,1,0
35.3,21,8,dining,0.078,0.268,2.7,0.98,1945,0,0,0,0
1439.95,10,9,gas_transport,0.763,0.697,575.8,5.78,177,0,0,1,1
120.0,0,6,retail,0.805,0.761,741.5,4.63,12,3,1,1,1
33.52,16,1,retail,0.02,0.289,17.2,0.48,2181,1,0,0,0
24.68,11,1,clothing,0.136,0.078,5.7,0.92,1152,0,0,1,0
34.87,19,1,clothing,0.118,0.083,0.5,0.45,1782,0,0,0,0
268.6,19,12,electronics,0.826,0.814,76.5,3.3,634,0,1,1,1
45.94,12,1,dining,0.443,0.086,88.0,0.85,2973,0,0,1,0
26.21,19,1,grocery,0.018,0.314,9.1,0.51,506,0,0,0,0
30.44,16,1,grocery,0.449,0.035,7.4,0.82,2063,2,0,1,0
90.54,14,1,dining,0.086,0.209,1.5,1.27,1739,0,1,1,0
40.59,11,1,grocery,0.125,0.415,9.8,1.42,2827,0,1,0,0
15.64,11,3,grocery,0.45,0.117,18.0,0.62,2830,0,0,0,0
42.6,12,2,grocery,0.21,0.42,18.9,0.96,2104,0,0,0,0
21.7,14,3,dining,0.205,0.094,4.3,1.18,2720,0,0,1,0
45.85,13,1,clothing,0.098,0.305,26.6,1.71,1733,0,0,1,0
23.21,3,1,electronics,0.05,0.398,6.0,0.77,3005,0,0,1,0
954.0,2,7,entertainment,0.939,0.76,765.4,4.19,123,1,1,1,1
76.22,20,2,health_beauty,0.036,0.136,17.8,1.63,3283,0,0,0,0
48.24,6,3,clothing,0.142,0.171,10.9,1.26,1533,0,0,0,0
27.67,16,6,gas_transport,0.023,0.048,8.2,0.85,2122,1,0,0,0
1553.73,1,6,travel,0.749,0.829,123.1,6.46,19,4,1,1,1
247.08,1,3,electronics,0.6,0.606,1024.4,8.76,803,0,0,1,1
49.82,16,4,grocery,0.202,0.111,8.6,0.54,1233,0,0,1,0
29.05,12,2,travel,0.036,0.019,0.7,0.98,3421,0,0,1,0
95.22,9,2,dining,0.016,0.033,18.4,1.54,2179,0,0,0,0
57.82,8,1,gas_transport,0.115,0.017,16.4,1.3,275,0,0,1,0
32.43,12,1,gas_transport,0.067,0.026,5.1,0.96,3303,1,0,1,0
65.73,18,1,grocery,0.122,0.055,1.2,1.5,414,1,0,0,0
830.23,1,7,electronics,0.963,0.699,718.1,5.12,311,0,1,0,1
15.54,12,1,grocery,0.287,0.047,17.8,0.79,3561,0,0,1,0
87.58,10,3,clothing,0.099,0.327,3.4,1.3,532,0,0,0,0
246.72,13,2,electronics,0.044,0.18,0.1,0.52,2304,0,0,1,0
130.72,20,2,grocery,0.104,0.376,0.3,0.97,2150,0,0,0,0
108.09,10,1,utilities,0.184,0.077,40.5,0.43,3469,0,0,0,0
58.93,17,1,entertainment,0.086,0.325,3.5,1.1,1075,0,0,0,0
62.99,12,1,retail,0.087,0.228,1.6,0.66,2595,0,1,1,0
42.68,10,2,entertainment,0.201,0.029,3.8,0.98,467,0,0,0,0
106.81,16,1,grocery,0.059,0.365,8.2,1.23,1756,0,0,0,0
44.96,3,1,retail,0.162,0.363,31.3,0.68,3368,0,0,1,0
22.23,13,4,utilities,0.051,0.161,8.4,1.66,3131,0,0,1,0
71.51,12,1,travel,0.367,0.29,5.2,0.97,288,0,0,1,0
13.15,20,1,dining,0.272,0.064,23.8,1.25,696,0,0,1,0
21.44,21,2,gas_transport,0.071,0.443,23.2,0.33,1148,0,0,1,0
56.43,10,1,dining,0.066,0.45,19.1,1.49,1358,0,0,0,0
33.84,16,1,dining,0.016,0.323,2.3,0.8,222,0,0,1,0
44.52,9,1,gas_transport,0.022,0.051,9.4,1.14,1784,0,0,0,0
42.58,7,4,dining,0.11,0.135,17.9,1.36,3015,0,0,1,0
96.37,1,5,travel,0.037,0.064,3.2,1.28,2976,0,0,1,0
69.64,9,3,electronics,0.098,0.187,1.0,1.15,2698,0,0,0,0
25.59,10,2,utilities,0.139,0.246,15.7,1.58,2734,0,0,1,0
48.11,15,1,gas_transport,0.123,0.23,10.6,1.22,1145,0,0,1,0
46.64,10,1,dining,0.05,0.15,10.7,1.11,240,0,0,1,0
15.42,12,1,travel,0.166,0.069,6.3,1.12,2464,0,0,1,0
70.37,9,1,dining,0.164,0.045,0.5,0.99,1382,0,0,1,0
120.0,14,9,retail,0.73,0.798,151.0,4.11,167,0,1,1,1
681.44,4,4,health_beauty,0.525,0.669,41.1,7.86,80,0,0,1,1
48.57,17,5,grocery,0.023,0.233,0.1,1.27,2675,0,0,1,0
65.38,6,2,grocery,0.015,0.178,3.4,1.11,2211,0,1,1,0
34.96,10,1,grocery,0.033,0.118,21.1,0.69,1905,0,0,0,0
64.72,7,1,travel,0.235,0.307,0.8,1.21,3254,0,0,1,0
44.2,10,2,gas_transport,0.039,0.27,18.4,1.06,2931,1,0,1,0
78.92,11,2,travel,0.125,0.482,24.5,0.81,1750,0,0,1,0
53.27,14,1,entertainment,0.182,0.027,3.0,0.45,1704,0,1,1,0
20.66,11,1,grocery,0.105,0.12,1.3,0.97,357,0,0,1,0
105.9,16,1,dining,0.058,0.5,17.2,1.46,323,0,0,1,0
498.39,3,6,electronics,0.4,0.839,643.9,6.6,288,2,1,1,1
26.91,14,2,utilities,0.329,0.099,10.3,0.63,2218,0,0,0,0
44.39,8,1,dining,0.029,0.079,16.7,0.7,3544,0,0,0,0
41.53,9,1,entertainment,0.084,0.027,10.2,0.85,2325,0,0,0,0
13.49,13,3,gas_transport,0.052,0.068,22.8,1.47,1794,0,0,1,0
15.55,9,3,grocery,0.031,0.24,6.3,0.6,1738,0,0,1,0
79.03,5,1,dining,0.408,0.03,7.0,0.95,2826,0,0,1,0
19.88,14,3,dining,0.17,0.145,9.1,1.18,2007,0,0,1,0
54.32,14,2,health_beauty,0.042,0.063,6.0,1.51,1039,0,0,1,0
55.06,14,2,grocery,0.1,0.105,11.7,0.91,3386,0,1,0,0
166.64,1,8,electronics,0.728,0.934,213.9,7.44,242,1,0,1,1
158.15,12,1,electronics,0.01,0.187,9.2,1.34,2813,0,0,1,0
110.07,14,1,retail,0.026,0.173,22.9,0.86,3407,0,0,1,0
29.13,17,2,gas_transport,0.147,0.379,3.7,0.61,2705,0,0,1,0
76.83,11,2,dining,0.117,0.133,28.9,0.87,3532,0,1,0,0
15.39,17,4,retail,0.12,0.053,19.0,1.14,1561,0,0,0,0
46.31,7,1,grocery,0.052,0.432,23.8,1.03,2970,0,0,0,0
26.5,12,1,gas_transport,0.032,0.09,1.3,0.62,2317,0,0,1,0
58.38,12,1,electronics,0.256,0.422,0.1,1.48,1357,0,0,0,0
316.99,16,2,grocery,0.063,0.234,1.7,0.98,2617,0,0,0,0
240.2,5,3,electronics,0.551,0.697,466.1,5.51,48,4,1,1,1
36.91,7,2,health_beauty,0.178,0.052,12.3,0.64,2431,1,0,1,0
45.95,19,1,gas_transport,0.187,0.126,5.0,1.24,1645,0,1,0,0
39.33,7,3,grocery,0.074,0.359,36.0,1.23,659,0,0,0,0
165.62,23,1,grocery,0.158,0.063,4.4,1.11,767,0,0,1,0
22.93,13,1,grocery,0.15,0.105,4.5,0.5,3272,0,0,0,0
55.09,18,1,health_beauty,0.066,0.188,9.4,0.9,271,0,0,1,0
89.12,7,5,gas_transport,0.036,0.132,8.1,0.79,1867,0,1,0,0
8.67,17,2,entertainment,0.096,0.286,22.4,0.96,1458,0,0,1,0
57.31,15,3,dining,0.055,0.098,24.4,0.68,2994,0,0,1,0
515.91,4,8,electronics,0.865,0.747,60.7,2.43,514,1,0,1,1
69.17,19,1,clothing,0.428,0.155,3.9,1.18,1678,0,0,0,0
41.45,9,3,gas_transport,0.267,0.264,26.5,0.67,2394,0,0,0,0
33.62,9,1,health_beauty,0.109,0.08,8.4,1.12,1969,1,0,1,0
23.18,9,2,entertainment,0.048,0.397,2.6,1.47,1516,0,0,0,0
2965.54,22,7,clothing,0.749,0.76,148.0,5.08,2,1,0,1,1
361.03,20,7,travel,0.757,0.65,23.9,4.0,70,1,1,1,1
388.75,0,11,travel,0.944,0.713,2218.2,9.2,319,1,0,1,1
94.19,8,1,health_beauty,0.122,0.312,39.9,1.51,3546,0,0,1,0
4800.0,6,5,entertainment,0.693,0.457,3362.1,4.87,958,1,0,1,1
53.05,10,1,grocery,0.02,0.278,3.3,0.39,2726,0,1,1,0
248.8,10,3,travel,0.155,0.349,1.7,0.81,456,0,0,0,0
202.64,10,1,electronics,0.081,0.5,5.4,0.2,1947,0,0,1,0
17.72,16,2,gas_transport,0.026,0.186,7.4,1.09,2862,0,0,1,0
119.0,9,2,grocery,0.075,0.052,10.9,0.97,3576,0,0,0,0
12.57,8,1,grocery,0.211,0.099,6.2,0.83,1128,0,0,0,0
92.43,6,1,dining,0.092,0.072,14.1,1.19,588,0,1,1,0
140.96,19,2,dining,0.01,0.356,23.8,1.15,2626,0,0,0,0
27.5,13,2,dining,0.038,0.098,12.1,1.23,1726,0,1,0,0
21.3,10,1,gas_transport,0.032,0.094,5.0,0.81,2384,0,0,0,0
14.5,11,2,retail,0.199,0.276,0.6,1.23,2334,0,0,0,0
24.36,13,2,dining,0.08,0.162,6.5,0.62,189,0,0,1,0
23.42,14,2,electronics,0.171,0.263,8.0,1.57,590,0,0,1,0
61.13,6,3,dining,0.182,0.199,2.1,1.26,1616,0,0,0,0
15.3,14,2,grocery,0.123,0.065,87.1,0.92,1649,0,0,1,0
56.18,15,5,clothing,0.04,0.246,1.5,1.27,2409,0,0,0,0
598.53,8,1,health_beauty,0.083,0.261,3.9,0.34,1017,0,0,1,0
25.84,14,2,health_beauty,0.067,0.117,15.8,1.02,1359,0,0,1,0
30.34,12,1,health_beauty,0.022,0.294,3.5,0.86,1863,1,0,0,0
61.16,14,3,gas_transport,0.043,0.136,5.1,1.06,2724,0,0,0,0
119.29,13,3,health_beauty,0.05,0.096,6.2,0.37,3594,0,0,0,0
36.03,16,3,health_beauty,0.04,0.031,7.7,0.84,1619,0,0,1,0
29.19,14,2,clothing,0.01,0.291,9.1,0.87,1461,0,0,0,0
23.15,10,1,dining,0.259,0.133,34.1,1.11,3571,0,0,1,0
184.31,7,1,grocery,0.034,0.082,6.7,1.15,3483,0,0,0,0
19.34,11,1,health_beauty,0.146,0.085,4.6,0.75,3443,0,0,1,0
151.63,10,2,clothing,0.014,0.14,13.4,0.8,1010,0,0,1,0
36.72,12,1,grocery,0.174,0.208,3.0,1.22,2457,0,0,0,0
22.0,9,3,grocery,0.352,0.159,8.7,0.61,280,0,0,0,0
53.16,5,2,health_beauty,0.088,0.048,23.2,0.75,1460,0,0,0,0
58.86,12,2,health_beauty,0.113,0.127,9.2,0.81,3083,0,0,1,0
410.54,1,4,clothing,0.672,0.953,906.9,7.97,82,2,0,1,1
59.14,13,1,dining,0.029,0.109,1.2,1.38,2783,0,0,1,0
124.16,19,5,dining,0.033,0.255,26.1,1.24,462,0,0,1,0
15.82,20,5,gas_transport,0.145,0.066,0.2,0.88,2415,0,0,1,0
79.45,12,3,electronics,0.148,0.165,14.0,0.48,1081,0,0,1,0
251.1,2,2,travel,0.073,0.054,2.5,1.0,1287,0,0,1,0
31.17,6,2,dining,0.025,0.033,1.7,1.04,557,0,0,1,0
42.36,12,3,grocery,0.037,0.045,31.9,1.08,1885,0,0,0,0
46.38,8,1,utilities,0.123,0.07,6.0,0.94,1537,0,0,0,0
232.76,20,2,grocery,0.2,0.203,14.7,0.32,566,0,0,0,0
563.73,0,6,electronics,0.71,0.866,1900.5,8.61,57,1,1,1,1
33.57,0,3,dining,0.181,0.011,3.0,0.52,3507,0,0,0,0
12.07,20,3,clothing,0.021,0.193,3.4,0.83,1546,0,0,1,0
41.85,8,1,utilities,0.227,0.096,8.6,1.01,1161,0,0,0,0
231.28,14,3,utilities,0.23,0.134,13.4,1.0,2683,0,0,1,0
178.16,18,1,grocery,0.064,0.47,6.5,1.2,2041,1,1,0,0
18.49,23,1,dining,0.01,0.053,8.7,0.51,3146,0,0,1,0
57.74,7,3,grocery,0.095,0.5,15.0,1.08,2338,0,1,0,0
102.47,12,2,clothing,0.14,0.249,3.6,0.66,528,0,0,0,0
58.41,5,1,gas_transport,0.107,0.179,7.8,1.25,1138,0,0,1,0
54.46,14,1,entertainment,0.114,0.11,2.8,1.63,2344,0,0,0,0
188.89,15,4,retail,0.085,0.417,0.4,0.84,1033,0,0,0,0
27.33,7,1,grocery,0.13,0.165,3.3,1.31,516,0,0,0,0
63.78,11,1,electronics,0.045,0.034,40.7,0.73,2881,0,0,1,0
47.56,10,1,gas_transport,0.077,0.146,4.3,0.91,1519,0,0,1,0
56.06,13,1,retail,0.169,0.049,9.5,0.81,738,0,1,0,0
326.44,17,12,electronics,0.897,0.512,141.6,9.08,210,2,1,1,1
61.67,10,1,retail,0.116,0.42,14.4,1.05,3380,0,0,1,0
109.33,11,2,gas_transport,0.1,0.227,11.7,1.06,660,0,0,1,0
32.84,9,1,electronics,0.03,0.366,0.5,0.91,2880,0,0,1,0
13.16,10,1,dining,0.091,0.047,0.8,0.74,3432,0,0,1,0
77.12,9,1,electronics,0.093,0.247,8.5,0.96,266,0,0,0,0
13.31,9,1,dining,0.246,0.144,13.6,1.08,1236,0,0,0,0
251.08,9,2,utilities,0.201,0.329,10.6,0.97,2907,0,0,1,0
85.97,7,1,grocery,0.171,0.111,8.6,1.2,1699,0,0,1,0
28.54,11,3,grocery,0.038,0.092,46.5,1.36,3419,0,0,0,0
43.77,10,2,entertainment,0.232,0.093,1.8,0.78,2080,0,0,1,0
13.94,9,3,gas_transport,0.02,0.348,9.4,0.9,1565,0,0,1,0
16.36,18,1,gas_transport,0.084,0.019,10.5,1.69,1380,0,0,1,0
113.61,15,2,travel,0.163,0.5,10.6,0.95,1911,0,0,1,0
33.99,17,2,entertainment,0.245,0.052,7.5,0.49,2158,0,0,1,0
33.62,7,2,health_beauty,0.081,0.5,37.9,1.16,1260,0,0,1,0
28.75,1,1,dining,0.165,0.114,7.4,0.66,2705,0,0,0,0
66.28,11,3,clothing,0.125,0.07,5.2,0.99,2991,0,0,1,0
12.74,15,2,grocery,0.025,0.224,4.4,0.68,410,0,0,1,0
83.02,13,1,dining,0.41,0.032,0.9,0.88,3418,0,0,1,0
38.28,16,5,entertainment,0.272,0.051,7.2,1.11,506,0,0,0,0
32.98,4,3,grocery,0.16,0.07,3.4,1.17,2363,0,0,0,0
21.05,18,1,entertainment,0.132,0.18,15.9,1.04,1441,0,0,1,0
27.67,23,2,entertainment,0.091,0.384,0.7,1.07,2301,0,0,0,0
28.35,9,6,grocery,0.158,0.208,7.7,1.13,1839,0,0,0,0
29.94,12,1,dining,0.037,0.443,19.6,1.71,341,0,0,1,0
27.41,6,2,grocery,0.156,0.247,39.7,1.04,1509,0,0,1,0
118.92,14,2,clothing,0.144,0.14,16.1,0.83,2608,0,0,0,0
18.09,21,1,health_beauty,0.031,0.26,29.7,1.13,2489,0,1,0,0
78.11,22,1,grocery,0.069,0.02,28.8,1.15,1370,0,0,1,0
145.65,8,1,grocery,0.027,0.221,15.2,0.85,1954,0,0,0,0
28.67,15,1,dining,0.183,0.068,0.4,0.71,2558,0,0,0,0
42.78,8,1,dining,0.183,0.01,5.3,1.51,3196,0,0,1,0
65.29,14,2,health_beauty,0.301,0.109,7.2,0.88,1179,0,0,1,0
29.07,14,2,clothing,0.101,0.189,12.6,0.92,430,0,0,1,0
29.18,13,1,gas_transport,0.148,0.065,10.2,1.53,584,0,0,0,0
33.1,9,3,travel,0.121,0.339,20.6,1.52,730,0,0,0,0
59.71,4,1,clothing,0.169,0.131,4.7,0.57,1456,0,0,1,0
5.94,9,2,dining,0.144,0.171,2.0,1.18,431,0,0,0,0
50.47,18,1,electronics,0.45,0.182,19.4,1.35,1133,0,0,0,0
21.97,11,1,electronics,0.037,0.145,5.2,1.27,2887,0,0,0,0
23.91,12,1,clothing,0.111,0.01,10.2,1.06,2968,0,0,1,0
54.01,19,1,dining,0.062,0.128,23.4,1.53,1349,0,1,1,0
100.31,18,3,dining,0.145,0.031,16.7,0.86,2635,0,0,0,0
47.94,6,1,dining,0.01,0.173,14.0,1.04,2806,0,0,1,0
5.0,9,1,dining,0.084,0.165,7.2,1.0,3433,0,1,0,0
9.71,12,2,grocery,0.111,0.025,32.1,1.17,472,0,0,0,0
69.05,9,7,grocery,0.175,0.424,49.8,0.75,287,2,0,0,0
105.1,9,1,clothing,0.245,0.088,21.9,1.16,2789,1,0,0,0
210.43,3,9,clothing,0.76,0.707,1056.0,10.2,297,0,1,0,1
106.6,13,1,gas_transport,0.174,0.102,3.5,0.92,3131,0,0,0,0
75.68,5,1,retail,0.146,0.222,27.2,0.79,2395,0,0,1,0
7.59,20,2,gas_transport,0.089,0.073,0.3,1.7,1011,0,0,1,0
75.16,10,2,travel,0.214,0.127,1.2,0.75,647,0,0,1,0
82.33,7,4,entertainment,0.096,0.204,16.5,0.94,207,0,0,0,0
65.29,20,1,dining,0.176,0.134,0.6,1.14,1786,0,0,0,0
169.08,9,1,electronics,0.155,0.393,16.3,1.3,1974,0,0,0,0
939.24,23,7,electronics,0.829,0.624,1121.8,6.51,196,1,0,1,1
2162.44,1,9,entertainment,0.981,0.525,128.7,8.71,14,2,1,0,1
72.82,12,1,health_beauty,0.021,0.455,0.4,1.85,1886,1,0,1,0
18.68,11,1,travel,0.021,0.31,7.8,0.66,726,1,0,1,0
30.16,17,5,gas_transport,0.267,0.076,0.4,1.09,1509,0,0,0,0
53.53,7,4,gas_transport,0.089,0.056,7.8,0.68,2545,0,0,1,0
29.32,10,2,dining,0.034,0.174,15.7,0.93,1512,0,0,1,0
56.36,4,1,gas_transport,0.01,0.062,10.2,0.96,1206,0,0,0,0
37.34,14,5,gas_transport,0.064,0.154,15.3,1.31,3430,0,0,0,0
50.42,7,5,clothing,0.413,0.068,17.0,0.99,1148,0,0,1,0
27.37,10,3,grocery,0.131,0.109,1.8,0.82,896,0,0,0,0
35.94,9,4,dining,0.271,0.226,13.1,0.67,2089,0,0,0,0
21.38,7,1,utilities,0.063,0.032,10.1,0.27,2013,0,1,0,0
103.39,7,4,retail,0.047,0.26,2.1,1.17,2260,0,0,0,0
51.67,11,3,entertainment,0.263,0.014,31.2,1.23,3197,0,0,0,0
27.12,11,3,clothing,0.204,0.344,1.3,1.22,474,0,0,1,0
40.76,15,1,gas_transport,0.269,0.057,7.0,0.96,2799,1,0,1,0
4042.69,1,8,travel,0.798,0.519,223.0,6.62,387,1,1,1,1
36.34,5,1,dining,0.153,0.109,12.5,0.78,3192,0,0,1,0
2047.82,3,6,clothing,0.823,0.713,814.0,5.47,10,0,1,1,1
29.05,19,2,dining,0.061,0.032,6.4,1.18,2133,0,0,1,0
49.25,8,3,retail,0.28,0.215,2.7,0.83,2815,0,0,0,0
45.97,5,2,health_beauty,0.376,0.104,0.6,0.52,1393,0,0,1,0
35.76,10,1,gas_transport,0.055,0.276,13.6,0.81,515,0,0,0,0
286.4,0,8,travel,0.639,0.836,4078.9,6.05,213,3,1,1,1
23.16,10,2,grocery,0.128,0.095,3.3,1.38,2861,0,0,1,0
85.55,9,1,travel,0.179,0.212,8.5,0.99,689,0,0,1,0
20.8,11,2,grocery,0.039,0.19,1.4,1.76,1441,0,0,0,0
49.11,9,2,dining,0.12,0.174,8.6,1.19,2403,0,0,0,0
64.45,12,2,grocery,0.07,0.058,4.6,1.0,966,0,0,1,0
17.43,15,1,clothing,0.217,0.158,13.7,1.0,244,0,0,1,0
71.25,17,1,entertainment,0.432,0.093,2.1,1.27,960,0,0,1,0
2052.62,3,4,travel,0.701,0.761,193.1,3.33,249,1,0,1,1
33.73,23,3,clothing,0.173,0.164,21.2,0.49,1879,0,0,0,0
42.4,12,2,dining,0.251,0.194,0.5,1.52,1048,0,0,0,0
146.08,15,1,clothing,0.083,0.453,4.1,1.06,2543,0,0,1,0
500.85,4,2,electronics,0.901,0.688,1375.8,7.93,159,1,0,1,1
235.15,15,1,gas_transport,0.067,0.322,20.7,1.1,275,0,0,1,0
26.77,13,1,gas_transport,0.121,0.182,22.8,1.48,2614,0,0,1,0
44.35,21,3,entertainment,0.025,0.041,14.4,1.15,1971,0,0,1,0
75.23,19,1,health_beauty,0.019,0.035,1.1,0.92,2356,0,0,1,0
22.8,20,3,clothing,0.137,0.261,19.5,1.07,3547,0,0,1,0
71.2,6,2,clothing,0.116,0.119,2.0,0.74,1313,0,0,1,0
37.44,6,1,grocery,0.095,0.264,4.4,0.49,1868,0,0,0,0
67.87,1,1,dining,0.237,0.124,5.6,0.64,1971,0,0,0,0
9.38,8,2,entertainment,0.156,0.077,43.9,1.02,1882,0,0,1,0
120.0,6,8,electronics,0.65,0.504,503.1,9.98,2,4,1,1,1
51.68,15,2,gas_transport,0.188,0.159,4.9,1.24,1045,0,0,1,0
63.26,13,2,gas_transport,0.332,0.04,0.5,0.64,3558,0,0,1,0
23.14,17,1,gas_transport,0.047,0.18,19.9,0.93,887,0,0,0,0
123.43,8,2,gas_transport,0.406,0.355,0.7,1.1,2928,0,0,1,0
43.57,20,3,electronics,0.145,0.123,1.2,0.35,2749,0,0,1,0
77.03,18,1,dining,0.216,0.039,16.4,1.05,971,0,0,1,0
83.18,9,1,dining,0.065,0.168,55.5,0.99,3161,0,0,1,0
8.85,16,1,electronics,0.063,0.318,6.6,1.14,3025,0,0,1,0
2680.88,6,4,electronics,0.848,0.889,322.2,1.8,27,3,1,1,1
28.09,11,2,grocery,0.121,0.494,4.5,1.18,950,0,0,0,0
43.13,9,1,gas_transport,0.129,0.106,18.9,1.02,3211,0,0,1,0
13.19,16,2,dining,0.06,0.138,0.8,0.73,2224,0,0,0,0
120.0,2,10,electronics,0.771,0.756,2869.5,11.26,83,2,0,0,1
18.29,8,2,electronics,0.116,0.352,2.3,0.84,1250,0,0,1,0
230.13,15,8,travel,0.697,0.459,1411.7,5.62,1,3,1,1,1
48.55,17,2,dining,0.02,0.191,4.5,1.12,2739,0,1,1,0
39.39,18,2,grocery,0.182,0.38,8.1,1.05,907,0,0,1,0
8.29,14,1,retail,0.021,0.075,4.8,0.82,1619,0,0,1,0
141.87,12,3,grocery,0.156,0.288,8.9,1.2,3525,0,0,0,0
14.97,14,3,gas_transport,0.101,0.01,25.0,0.84,760,0,0,1,0
70.56,9,1,grocery,0.166,0.114,51.1,1.19,3050,1,0,1,0
27.34,10,1,grocery,0.036,0.213,16.0,1.0,539,0,0,0,0
155.36,8,2,grocery,0.14,0.105,8.6,0.98,1024,1,1,0,0
28.49,18,2,grocery,0.125,0.135,61.8,0.95,1559,0,0,1,0
49.99,13,3,utilities,0.207,0.262,11.2,0.48,930,0,0,0,0
16.43,7,2,grocery,0.195,0.417,7.0,1.16,1299,0,0,0,0
64.32,20,2,grocery,0.01,0.332,2.1,0.83,3414,0,0,0,0
40.18,11,4,dining,0.045,0.091,14.4,1.28,2050,0,0,1,0
29.07,18,1,clothing,0.047,0.248,3.4,0.85,2510,0,0,0,0
9.91,16,4,dining,0.041,0.263,0.7,1.0,3226,0,0,0,0
87.21,14,1,health_beauty,0.172,0.139,11.7,1.22,420,0,0,0,0
24.74,10,1,grocery,0.078,0.246,0.4,0.99,1493,0,0,0,0
89.57,13,2,gas_transport,0.209,0.048,4.2,0.93,552,0,0,1,0
32.81,14,2,health_beauty,0.012,0.201,4.9,1.02,626,0,0,1,0
60.04,15,2,grocery,0.107,0.194,31.3,0.96,2749,0,0,0,0
33.52,9,1,gas_transport,0.124,0.026,2.2,1.2,2508,0,0,1,0
515.55,21,9,clothing,0.773,0.803,171.9,5.35,36,2,1,1,1
907.29,9,6,clothing,0.798,0.659,136.4,5.45,221,3,0,1,1
20.15,17,1,dining,0.152,0.387,12.1,0.83,3191,1,0,1,0
34.42,15,1,dining,0.368,0.033,16.7,1.05,458,2,0,1,0
71.07,7,1,clothing,0.038,0.232,34.2,0.94,3377,0,0,1,0
66.98,14,1,dining,0.129,0.091,2.3,1.1,685,0,0,1,0
76.98,12,4,travel,0.256,0.287,9.9,0.69,2519,0,0,1,0
331.85,8,9,entertainment,0.647,0.737,1387.8,11.22,295,3,0,1,1
51.04,8,1,travel,0.053,0.055,2.2,1.02,3576,0,0,1,0
12.27,21,4,clothing,0.114,0.13,1.2,0.98,1038,0,0,1,0
50.09,7,1,utilities,0.068,0.214,18.0,1.11,3489,0,0,1,0
47.52,19,3,dining,0.123,0.075,3.6,1.13,2808,0,0,0,0
102.35,13,1,gas_transport,0.105,0.27,11.3,1.01,1372,0,0,0,0
929.2,3,9,electronics,0.785,0.578,107.1,5.87,12,1,0,1,1
79.62,19,5,dining,0.05,0.322,11.0,1.12,2238,0,0,1,0
39.8,23,2,dining,0.086,0.288,0.9,0.91,575,1,0,0,0
120.0,4,8,electronics,0.786,0.771,219.1,3.81,16,3,0,1,1
8.12,14,3,utilities,0.019,0.108,3.7,1.16,558,0,0,1,0
13.41,15,1,travel,0.2,0.244,8.1,0.76,463,0,0,0,0
10.56,17,2,dining,0.044,0.078,29.2,1.47,3383,0,0,1,0
181.97,13,4,gas_transport,0.267,0.354,4.1,1.25,2183,0,0,1,0
50.95,15,2,clothing,0.103,0.285,5.6,1.26,2696,0,0,0,0
127.14,4,2,gas_transport,0.735,0.892,769.8,6.87,247,2,1,1,1
178.56,9,4,gas_transport,0.344,0.228,25.3,0.86,1688,0,0,1,0
253.05,14,2,retail,0.038,0.231,3.1,0.96,917,0,0,1,0
33.16,10,1,dining,0.056,0.328,23.5,1.28,796,0,0,0,0
43.44,14,2,gas_transport,0.02,0.5,1.2,0.62,344,0,0,1,0
32.58,16,1,grocery,0.159,0.208,10.5,1.41,3092,0,0,0,0
66.78,22,1,dining,0.012,0.3,8.8,0.94,2619,0,0,1,0
8.17,11,2,grocery,0.032,0.251,16.3,0.99,1552,0,0,1,0
16.33,11,1,grocery,0.198,0.015,12.5,1.19,2549,0,0,0,0
63.63,8,3,dining,0.248,0.294,0.7,0.78,1129,0,0,1,0
17.87,11,1,retail,0.043,0.19,16.7,0.93,1656,0,0,1,0
37.98,12,2,grocery,0.167,0.295,9.9,1.43,1054,0,0,1,0
32.89,15,2,electronics,0.15,0.114,12.6,0.97,2276,0,0,0,0
1282.85,4,9,travel,0.588,0.814,340.3,5.95,156,1,1,1,1
32.67,11,1,grocery,0.141,0.451,5.6,1.06,1161,0,1,1,0
92.85,8,1,grocery,0.019,0.111,2.0,1.16,2695,0,0,1,0
92.77,8,1,grocery,0.251,0.479,3.6,1.52,1951,0,0,0,0
58.25,12,1,grocery,0.055,0.169,14.9,1.06,693,0,0,1,0
116.93,8,1,grocery,0.035,0.297,17.7,0.91,680,0,1,1,0
10.82,5,2,dining,0.027,0.078,6.3,0.98,2661,0,0,1,0
78.83,10,1,utilities,0.011,0.112,15.5,1.26,3259,0,0,0,0
57.24,12,2,grocery,0.126,0.21,4.2,1.16,1020,0,0,0,0
71.75,11,3,electronics,0.102,0.02,12.9,0.8,1036,0,1,1,0
115.88,13,1,grocery,0.08,0.103,6.6,1.16,3455,0,0,1,0
120.0,5,9,clothing,0.799,0.379,1726.1,2.02,87,1,0,1,1
85.13,12,2,gas_transport,0.179,0.116,3.1,1.21,3262,0,1,0,0
120.0,22,7,electronics,0.721,0.963,248.5,1.8,53,3,0,1,1
150.25,14,1,utilities,0.111,0.186,8.7,1.25,2900,0,0,1,0
24.54,14,1,utilities,0.013,0.494,32.2,0.87,2834,0,0,0,0
99.33,16,3,electronics,0.088,0.305,5.3,1.26,3463,0,0,0,0
27.76,12,3,utilities,0.079,0.108,1.8,1.1,1905,0,0,0,0
28.99,9,4,clothing,0.061,0.316,4.5,0.78,3481,0,0,1,0
79.49,9,1,dining,0.107,0.07,1.9,1.52,3489,0,0,1,0
93.54,10,1,dining,0.013,0.27,3.2,0.97,614,0,0,0,0
61.96,18,4,retail,0.087,0.064,44.3,1.2,1416,0,0,1,0
23.51,14,2,grocery,0.101,0.238,2.2,1.14,1860,0,0,0,0
90.19,13,1,entertainment,0.035,0.245,12.1,1.09,1786,0,0,0,0
76.57,19,6,dining,0.206,0.068,4.9,1.1,1653,0,0,0,0
18.47,22,1,grocery,0.025,0.042,24.5,1.1,935,0,0,1,0
19.87,7,1,dining,0.017,0.472,6.9,0.98,826,0,0,1,0
9.01,20,3,clothing,0.025,0.017,7.7,1.29,1021,0,0,0,0
11.54,16,1,grocery,0.293,0.14,9.9,1.25,1552,0,0,1,0
12.87,9,1,health_beauty,0.231,0.197,0.7,1.34,2803,0,0,0,0
67.53,12,1,dining,0.01,0.199,7.8,1.21,2603,0,0,1,0
12.36,5,2,health_beauty,0.155,0.174,31.4,1.08,1301,1,0,1,0
61.56,10,1,dining,0.291,0.125,12.3,0.89,1179,0,0,0,0
62.57,12,3,grocery,0.066,0.178,6.5,0.87,809,0,0,1,0
72.83,20,2,electronics,0.147,0.377,25.7,1.26,371,0,1,1,0
160.56,20,1,dining,0.164,0.153,0.2,1.18,2929,0,0,0,0
120.0,18,11,travel,0.4,0.501,936.4,7.88,88,0,1,1,1
83.78,9,1,dining,0.204,0.065,27.1,0.72,2124,0,0,0,0
79.59,6,2,clothing,0.072,0.373,3.3,0.97,370,0,0,0,0
42.92,1,2,retail,0.084,0.15,0.6,1.09,3310,0,0,1,0
119.51,13,2,gas_transport,0.127,0.02,13.9,0.87,985,0,0,0,0
94.52,16,3,gas_transport,0.077,0.029,3.7,0.78,1233,0,0,0,0
77.96,16,1,grocery,0.016,0.098,1.5,1.11,2092,0,0,1,0
70.65,10,2,electronics,0.065,0.167,9.9,0.71,3132,0,0,1,0
912.69,20,6,travel,0.4,0.643,1372.3,6.01,137,0,1,0,1
19.07,9,1,dining,0.103,0.254,7.6,0.93,1294,0,1,0,0
20.28,12,1,travel,0.081,0.162,26.7,0.36,1475,0,0,0,0
47.53,16,3,dining,0.084,0.042,70.2,1.29,1330,0,0,1,0
36.66,16,1,health_beauty,0.15,0.212,8.7,1.24,307,0,1,1,0
38.94,13,3,travel,0.19,0.02,0.7,0.72,1227,0,0,0,0
60.2,14,2,clothing,0.421,0.288,28.5,1.02,1475,0,1,0,0
77.43,13,5,grocery,0.052,0.267,5.5,1.41,2600,0,1,0,0
136.02,15,6,entertainment,0.08,0.135,21.4,0.75,2496,0,0,1,0
36.23,14,1,electronics,0.12,0.299,2.6,1.23,3354,0,0,1,0
284.19,8,3,gas_transport,0.032,0.091,7.9,1.14,412,0,0,1,0
111.81,6,2,retail,0.139,0.361,4.0,1.09,2232,0,1,1,0
71.3,18,1,retail,0.049,0.128,1.2,1.31,2683,0,0,1,0
42.07,18,2,grocery,0.074,0.01,7.2,1.11,3065,0,0,1,0
352.95,11,13,electronics,0.903,0.62,54.3,5.95,172,3,1,1,1
15.52,9,1,electronics,0.026,0.09,3.4,0.78,3155,0,1,1,0
26.19,22,2,electronics,0.036,0.217,36.7,0.88,1035,2,0,1,0
19.2,7,1,gas_transport,0.137,0.086,7.8,1.11,1234,2,0,1,0
27.79,14,4,dining,0.118,0.087,8.0,1.06,2973,0,0,0,0
40.55,13,4,dining,0.222,0.11,31.9,1.15,1326,0,0,0,0
29.14,6,2,dining,0.416,0.031,5.8,0.55,639,0,0,1,0
16.11,7,1,clothing,0.034,0.15,4.9,0.36,2958,0,0,1,0
64.42,15,5,gas_transport,0.174,0.121,3.6,0.8,3118,0,0,0,0
7.71,9,1,entertainment,0.249,0.22,1.1,1.23,3504,0,0,1,0
34.8,20,1,entertainment,0.097,0.09,56.2,0.97,556,0,1,1,0
105.72,14,1,electronics,0.307,0.089,8.9,0.81,2730,0,0,1,0
18.67,8,1,electronics,0.178,0.41,1.0,1.4,298,0,0,0,0
32.92,17,1,dining,0.13,0.224,4.1,0.56,1068,0,0,1,0
82.81,23,1,grocery,0.262,0.108,2.7,1.03,760,0,0,1,0
256.87,19,3,grocery,0.156,0.127,2.2,1.35,2026,0,0,0,0
43.92,16,2,gas_transport,0.272,0.5,4.0,0.72,1635,0,0,0,0
40.34,17,1,gas_transport,0.045,0.352,5.8,1.15,1776,0,0,1,0
123.93,8,1,dining,0.081,0.294,41.7,0.55,1640,0,0,1,0
9.16,13,1,dining,0.112,0.046,16.1,0.96,495,0,0,1,0
61.99,6,1,entertainment,0.01,0.118,9.2,1.57,1809,0,1,0,0
541.8,15,6,clothing,0.77,0.694,1253.4,4.56,234,2,1,1,1
50.37,7,2,entertainment,0.375,0.086,34.0,0.94,2402,1,0,1,0
103.55,10,1,electronics,0.055,0.065,0.3,1.46,2641,0,0,0,0
10.63,10,1,retail,0.072,0.155,5.9,1.06,1137,0,0,0,0
10.29,10,1,gas_transport,0.113,0.192,9.8,1.06,352,0,0,1,0
22.61,2,1,electronics,0.17,0.073,4.1,0.74,2417,0,0,1,0
24.31,15,1,dining,0.096,0.287,16.3,1.4,2108,0,0,1,0
16.04,20,3,gas_transport,0.12,0.228,1.0,0.51,918,1,0,0,0
154.35,9,1,dining,0.253,0.103,1.3,0.55,1073,0,0,1,0
18.07,16,1,grocery,0.313,0.25,11.4,1.2,2361,0,0,1,0
28.72,15,1,grocery,0.056,0.181,15.9,1.06,3489,0,0,1,0
126.3,17,2,retail,0.318,0.133,0.1,0.58,2526,0,0,1,0
1592.07,2,5,electronics,0.691,0.757,63.0,3.64,37,1,1,1,1
136.0,7,1,grocery,0.217,0.259,2.5,0.97,1979,0,0,0,0
527.71,0,6,electronics,0.801,0.685,1864.1,7.09,100,1,1,1,1
214.17,22,4,travel,0.831,0.981,1472.6,6.79,102,3,0,1,1
50.45,17,1,grocery,0.06,0.01,17.3,0.6,766,0,0,0,0
25.38,12,1,electronics,0.033,0.126,5.2,0.88,982,0,0,1,0
69.1,7,1,dining,0.049,0.106,9.1,0.78,3298,1,0,1,0
41.51,10,1,gas_transport,0.45,0.155,1.9,0.57,214,0,0,0,0
29.06,6,2,grocery,0.159,0.107,1.5,1.0,1260,0,0,1,0
44.62,3,1,retail,0.012,0.5,6.9,0.91,1672,0,0,0,0
6.8,13,1,dining,0.104,0.224,0.3,1.42,1975,0,0,0,0
80.87,18,1,clothing,0.037,0.108,1.0,0.64,2447,0,0,1,0
78.82,13,1,health_beauty,0.242,0.133,4.3,1.04,3095,0,0,0,0
52.44,16,1,gas_transport,0.044,0.044,1.3,0.81,3405,0,0,0,0
22.6,5,3,clothing,0.234,0.225,24.5,0.96,3361,0,0,1,0
53.62,14,3,dining,0.013,0.482,5.1,1.37,2988,0,0,1,0
75.49,11,2,gas_transport,0.09,0.434,2.2,0.74,2068,0,0,1,0
51.2,14,1,retail,0.01,0.046,0.7,0.72,2317,0,1,0,0
80.42,15,3,entertainment,0.258,0.212,8.0,1.37,547,1,0,1,0
142.2,14,4,grocery,0.086,0.222,0.1,0.87,1931,0,0,0,0
11.01,20,1,grocery,0.019,0.118,13.5,0.72,2373,0,0,1,0
75.46,8,1,gas_transport,0.072,0.071,3.8,1.26,1451,0,0,1,0
65.57,17,1,gas_transport,0.346,0.101,2.1,0.74,2041,0,0,0,0
86.38,7,1,health_beauty,0.222,0.018,19.5,1.36,693,0,0,1,0
7.51,11,1,dining,0.062,0.041,4.1,0.83,856,0,0,0,0
24.1,20,7,grocery,0.331,0.158,16.8,0.96,2322,0,0,1,0
19.03,7,3,grocery,0.094,0.032,0.6,0.92,2274,0,0,1,0
23.82,16,1,utilities,0.209,0.052,7.9,0.84,3228,0,0,0,0
152.92,15,1,grocery,0.074,0.06,0.4,1.23,2985,0,0,1,0
22.48,10,1,utilities,0.286,0.114,5.3,1.18,2643,0,0,1,0
17.31,8,2,electronics,0.01,0.068,12.7,1.11,3528,0,0,0,0
20.08,14,1,gas_transport,0.17,0.16,18.2,0.83,1313,0,0,1,0
86.3,9,2,entertainment,0.063,0.278,1.8,1.04,279,0,0,0,0
30.27,9,1,entertainment,0.178,0.123,2.0,0.83,3454,0,0,1,0
29.22,6,1,grocery,0.014,0.3,14.6,0.97,3307,0,0,0,0
104.05,8,4,health_beauty,0.102,0.22,11.6,0.87,956,0,0,0,0
82.31,12,2,electronics,0.052,0.039,11.4,1.24,2590,0,1,1,0
161.41,9,1,dining,0.095,0.233,1.0,1.05,378,0,0,1,0
67.04,17,1,gas_transport,0.218,0.035,9.1,0.2,1490,0,0,1,0
62.68,7,1,dining,0.382,0.315,11.9,0.78,3435,0,1,0,0
95.03,15,1,entertainment,0.224,0.063,17.4,0.93,2729,0,0,1,0
30.77,15,2,utilities,0.032,0.047,8.9,0.2,2638,0,0,0,0
30.8,20,4,retail,0.256,0.244,13.6,1.05,2287,0,0,0,0
16.18,18,1,grocery,0.118,0.091,0.7,0.99,2147,0,0,0,0
41.32,13,5,utilities,0.076,0.405,1.2,0.2,683,0,0,0,0
15.85,15,1,health_beauty,0.081,0.018,5.1,0.6,2652,0,1,0,0
41.64,19,1,clothing,0.159,0.125,1.7,0.97,1626,0,0,0,0
77.1,10,1,grocery,0.046,0.057,6.5,1.52,1690,0,0,0,0
34.75,12,3,gas_transport,0.014,0.075,2.6,0.57,2603,0,0,0,0
160.12,10,1,gas_transport,0.072,0.153,6.0,0.96,1715,0,0,0,0
86.79,16,6,grocery,0.042,0.055,5.7,1.05,2187,0,0,1,0
21.76,10,1,grocery,0.205,0.104,0.6,0.77,477,0,0,1,0
58.06,20,1,gas_transport,0.072,0.215,28.3,0.92,1354,0,0,0,0
307.77,14,1,gas_transport,0.19,0.053,6.4,1.11,2596,0,0,0,0
70.84,14,3,grocery,0.104,0.264,2.2,0.49,1139,0,0,1,0
178.47,7,1,health_beauty,0.07,0.277,43.9,0.89,450,0,0,0,0
33.38,12,1,grocery,0.14,0.063,12.8,0.86,1074,0,1,0,0
27.89,6,3,retail,0.358,0.029,7.4,1.24,2764,0,0,0,0
56.44,14,6,dining,0.436,0.23,0.7,0.57,1774,1,0,0,0
16.87,8,3,grocery,0.313,0.084,14.2,1.26,1169,0,0,1,0
26.13,19,1,grocery,0.157,0.14,52.3,0.96,1044,0,0,1,0
47.21,5,5,utilities,0.085,0.373,5.2,1.29,1631,0,0,1,0
35.16,7,3,electronics,0.053,0.053,9.6,0.68,972,0,0,1,0
75.97,4,1,dining,0.01,0.09,1.6,0.77,880,0,0,1,0
2679.13,2,8,travel,0.823,0.623,560.7,6.25,187,2,1,1,1
21.59,22,4,grocery,0.092,0.098,2.6,0.78,1631,2,0,1,0
13.24,13,3,health_beauty,0.194,0.06,6.5,0.87,248,0,0,1,0
152.31,12,3,gas_transport,0.077,0.118,0.8,1.08,418,0,0,1,0
130.89,7,3,grocery,0.146,0.225,5.3,1.34,1721,0,0,1,0
131.2,10,2,electronics,0.088,0.421,40.6,0.5,1638,0,0,1,0
30.67,8,1,travel,0.045,0.076,0.6,1.4,313,0,0,1,0
67.53,19,2,retail,0.106,0.071,23.9,0.81,3074,0,0,1,0
54.39,12,3,dining,0.024,0.084,4.2,1.15,3120,0,0,0,0
66.52,14,1,grocery,0.074,0.097,8.0,1.03,1846,0,0,1,0
38.81,17,2,gas_transport,0.038,0.14,11.8,1.13,1524,0,0,1,0
48.98,21,3,electronics,0.365,0.181,20.4,1.46,2225,0,1,0,0
29.25,14,4,health_beauty,0.079,0.239,4.9,1.45,457,0,0,1,0
50.35,16,1,dining,0.14,0.306,5.3,0.87,2075,0,0,1,0
95.32,5,2,clothing,0.296,0.158,2.0,1.58,1464,0,0,0,0
21.19,16,1,entertainment,0.194,0.125,2.3,1.08,1148,1,0,1,0
55.97,2,1,grocery,0.016,0.346,20.0,0.89,2492,0,0,1,0
3541.88,3,11,electronics,0.759,0.748,252.2,3.96,53,2,1,1,1
45.86,7,1,gas_transport,0.07,0.031,23.3,1.41,2100,0,0,1,0
61.72,5,1,electronics,0.29,0.193,4.9,0.76,2947,0,0,1,0
136.93,16,3,dining,0.041,0.313,23.1,0.73,2380,0,0,1,0
79.09,9,5,grocery,0.056,0.058,4.5,0.7,371,0,0,1,0
333.37,13,2,health_beauty,0.1,0.125,17.2,0.86,1817,0,0,1,0
164.63,16,1,grocery,0.081,0.139,2.7,0.68,3189,0,0,1,0
26.51,15,3,clothing,0.038,0.457,9.2,0.79,1180,0,0,0,0
29.85,9,2,grocery,0.01,0.081,1.5,0.95,613,0,0,0,0
83.16,13,3,gas_transport,0.124,0.314,7.5,0.77,2075,0,0,1,0
120.18,12,2,clothing,0.109,0.05,3.9,1.13,2775,1,0,1,0
35.12,6,3,travel,0.092,0.11,10.8,1.69,883,0,0,0,0
1093.85,5,9,travel,0.937,0.657,1443.3,5.44,21,2,1,1,1
172.38,13,3,grocery,0.169,0.119,2.7,0.69,3335,0,0,0,0
32.0,17,2,grocery,0.179,0.14,1.5,1.31,3406,0,0,0,0
115.07,9,1,utilities,0.11,0.082,2.4,0.82,379,0,0,0,0
18.32,14,2,gas_transport,0.237,0.116,11.5,1.02,1940,0,0,0,0
16.04,11,1,gas_transport,0.32,0.218,0.2,0.89,2217,0,0,1,0
19.67,6,4,retail,0.18,0.247,22.4,1.48,3533,0,0,1,0
26.56,16,1,gas_transport,0.251,0.18,4.8,0.94,2659,0,0,1,0
17.76,10,1,grocery,0.095,0.059,22.9,0.9,1441,0,0,1,0
33.97,9,2,dining,0.063,0.056,9.4,1.55,985,0,0,1,0
232.87,1,10,travel,0.627,0.84,1764.0,6.34,20,2,0,1,1
193.65,13,2,grocery,0.159,0.253,3.0,1.27,593,0,0,1,0
14.49,15,2,grocery,0.152,0.126,22.2,1.21,2972,0,0,1,0
52.53,9,1,clothing,0.11,0.182,3.2,0.8,1006,0,0,1,0
44.17,18,4,grocery,0.114,0.074,0.4,0.7,2249,0,0,1,0
6.11,20,4,health_beauty,0.051,0.015,19.3,0.89,3389,0,0,0,0
90.76,2,2,health_beauty,0.047,0.116,23.0,1.03,855,0,0,0,0
18.12,14,2,dining,0.061,0.35,10.8,1.08,2694,0,0,1,0
115.71,17,1,health_beauty,0.185,0.253,35.3,0.89,689,0,0,0,0
32.34,16,2,grocery,0.01,0.114,11.8,1.05,379,0,0,1,0
3289.22,4,6,travel,0.962,0.535,531.4,7.18,97,3,0,1,1
22.0,18,2,dining,0.159,0.028,22.8,0.68,3504,0,0,1,0
23.13,0,4,utilities,0.052,0.329,5.9,1.1,3239,0,0,1,0
15.1,12,1,health_beauty,0.01,0.103,45.0,1.1,1103,0,1,0,0
7.73,4,2,retail,0.288,0.099,2.3,0.77,1267,0,0,0,0
148.82,19,6,health_beauty,0.28,0.322,26.1,1.0,1502,0,0,1,0
120.0,19,7,clothing,0.819,0.638,766.5,1.8,204,1,1,1,1
368.31,1,7,travel,0.535,0.845,36.0,3.98,1200,2,0,1,1
424.27,1,7,gas_transport,0.52,0.35,97.1,7.26,8,1,0,1,1
35.17,8,1,entertainment,0.025,0.138,13.6,0.76,2376,0,0,1,0
48.53,13,2,grocery,0.024,0.337,14.4,1.11,443,0,0,0,0
15.24,8,4,retail,0.22,0.054,6.8,0.83,1065,0,1,0,0
33.38,10,1,dining,0.027,0.026,14.1,0.48,2489,0,0,0,0
43.28,11,1,dining,0.115,0.217,20.5,1.09,2644,0,0,1,0
88.37,12,3,clothing,0.018,0.049,27.2,1.68,3596,0,0,1,0
51.62,10,2,gas_transport,0.188,0.036,19.1,0.88,3089,0,0,0,0
50.88,22,1,grocery,0.224,0.061,15.0,0.89,971,0,0,1,0
53.47,16,1,dining,0.196,0.184,15.9,1.04,3492,0,0,1,0
20.86,7,1,grocery,0.095,0.269,15.4,0.82,2386,0,0,0,0
19.35,11,1,grocery,0.03,0.069,6.5,0.89,2529,0,0,1,0
19.22,10,1,electronics,0.039,0.367,14.3,1.48,784,0,0,0,0
76.4,9,1,entertainment,0.103,0.058,15.8,1.01,3184,0,0,1,0
22.88,21,2,entertainment,0.035,0.045,8.5,0.77,908,0,0,0,0
52.1,17,1,dining,0.063,0.065,31.6,0.89,2344,0,0,0,0
103.76,8,1,dining,0.01,0.11,13.0,0.97,2173,0,0,1,0
8.95,14,2,retail,0.01,0.104,27.5,0.81,2172,0,0,1,0
13.76,16,2,grocery,0.09,0.054,3.3,1.11,3343,0,0,0,0
93.67,10,2,entertainment,0.173,0.145,15.7,1.21,3537,0,0,1,0
59.61,20,4,grocery,0.301,0.036,32.1,1.11,3204,0,1,0,0
57.89,15,2,gas_transport,0.01,0.241,0.2,0.99,2778,0,1,0,0
67.08,14,2,gas_transport,0.142,0.416,15.7,1.12,555,0,0,1,0
52.25,16,1,grocery,0.139,0.058,10.9,1.02,3110,2,0,0,0
110.72,3,3,travel,0.216,0.14,29.3,0.9,595,0,0,0,0
34.29,19,3,retail,0.45,0.163,7.2,0.73,623,0,0,1,0
43.25,8,1,grocery,0.017,0.081,1.2,0.78,237,0,0,0,0
17.24,17,2,entertainment,0.156,0.233,36.4,0.33,559,1,0,1,0
2062.16,3,7,electronics,0.99,0.521,382.6,4.61,31,2,0,1,1
26.35,16,2,dining,0.052,0.127,5.5,1.09,1971,0,0,1,0
196.07,19,4,gas_transport,0.049,0.123,30.6,1.32,1049,0,0,1,0
10.11,4,3,dining,0.086,0.163,5.4,0.85,3200,0,0,1,0
40.19,15,5,dining,0.05,0.044,8.2,1.12,1984,0,0,1,0
32.53,11,1,clothing,0.01,0.189,4.1,0.81,459,0,0,1,0
49.46,19,4,clothing,0.294,0.275,4.8,0.27,2099,0,0,1,0
24.2,13,1,dining,0.055,0.383,2.9,0.8,3423,0,0,1,0
79.22,13,1,dining,0.082,0.218,41.5,0.23,2516,0,0,0,0
28.17,7,3,dining,0.074,0.061,45.4,1.07,1725,0,0,1,0
123.91,14,2,entertainment,0.344,0.415,1.0,0.92,2479,0,0,1,0
40.01,8,3,travel,0.14,0.083,31.1,1.28,3202,0,0,0,0
114.56,19,1,entertainment,0.029,0.326,4.2,1.21,3243,0,0,0,0
389.06,5,15,clothing,0.545,0.809,17.0,5.25,235,3,0,0,1
120.0,2,4,health_beauty,0.4,0.912,658.6,5.2,25,2,1,0,1
164.47,6,2,dining,0.087,0.174,0.7,1.44,1422,0,0,1,0
139.48,12,1,travel,0.405,0.109,1.0,1.45,197,0,0,0,0
62.3,13,4,dining,0.031,0.206,1.4,0.24,2180,0,0,1,0
137.17,9,1,electronics,0.026,0.01,13.3,0.81,1773,0,0,1,0
116.1,0,1,entertainment,0.22,0.058,21.8,0.6,833,0,0,1,0
27.07,16,2,retail,0.068,0.094,38.5,1.19,958,0,0,0,0
262.02,1,2,grocery,0.364,0.39,9.3,0.98,3175,0,0,0,0
169.25,12,2,gas_transport,0.046,0.219,15.4,0.93,2776,0,0,0,0
15.61,14,1,dining,0.367,0.414,1.1,0.62,1600,0,0,0,0
40.45,16,3,health_beauty,0.124,0.43,1.3,1.02,866,0,0,1,0
27.74,22,1,grocery,0.069,0.182,28.3,1.24,1513,0,0,1,0
74.53,7,3,utilities,0.082,0.227,3.3,0.47,1956,0,0,1,0
37.83,19,2,grocery,0.08,0.067,2.6,1.13,718,0,0,0,0
69.05,12,1,dining,0.043,0.071,3.6,1.02,2254,0,0,1,0
39.4,17,4,gas_transport,0.025,0.155,16.1,0.83,2184,0,0,0,0
40.81,7,1,grocery,0.248,0.089,11.4,0.43,503,0,0,0,0
75.92,17,2,clothing,0.085,0.217,3.4,0.93,1971,0,0,1,0
15.64,9,2,grocery,0.251,0.034,12.6,1.24,1650,0,0,1,0
32.36,12,1,dining,0.053,0.361,7.3,0.73,1372,0,0,1,0
43.29,9,2,grocery,0.036,0.184,18.3,0.81,843,0,0,1,0
62.16,7,1,gas_transport,0.096,0.254,6.3,0.88,1487,0,0,0,0
70.56,6,4,gas_transport,0.262,0.179,7.7,0.65,1463,0,0,1,0
48.35,11,1,dining,0.45,0.015,7.4,0.91,3598,0,0,1,0
50.65,10,1,gas_transport,0.109,0.116,1.0,1.32,693,0,0,1,0
117.98,11,4,gas_transport,0.08,0.389,9.4,0.54,2579,0,0,0,0
53.47,10,1,gas_transport,0.176,0.064,7.8,0.32,914,0,0,1,0
31.74,9,1,dining,0.121,0.041,2.1,1.02,663,0,0,1,0
47.28,10,2,dining,0.132,0.105,14.6,0.95,3562,0,0,1,0
64.58,10,1,grocery,0.099,0.401,11.1,0.61,1904,0,0,1,0
15.89,6,1,grocery,0.157,0.308,0.6,0.82,1643,0,0,1,0
56.09,10,2,travel,0.258,0.4,72.9,0.71,878,0,0,1,0
54.64,7,1,dining,0.172,0.242,7.3,0.61,401,0,0,0,0
53.49,21,1,entertainment,0.108,0.085,7.4,1.1,2991,0,0,1,0
36.09,12,3,clothing,0.081,0.21,10.6,0.97,3148,0,1,1,0
31.9,6,1,health_beauty,0.283,0.254,7.5,0.84,999,0,0,1,0
86.3,7,1,health_beauty,0.132,0.075,13.6,0.8,3248,0,0,1,0
323.69,18,7,travel,0.494,0.898,338.2,2.82,291,3,0,1,1
33.43,18,4,dining,0.345,0.194,19.8,0.52,3597,0,0,1,0
97.54,18,4,utilities,0.068,0.28,1.4,0.53,2106,0,0,1,0
277.36,9,1,retail,0.3,0.01,24.8,0.81,2515,0,0,1,0
169.37,4,1,entertainment,0.199,0.281,10.2,1.28,825,0,0,1,0
25.17,20,3,grocery,0.206,0.246,5.7,0.71,1540,0,0,1,0
57.86,20,2,utilities,0.165,0.331,1.1,1.1,502,0,0,1,0
7.62,23,2,dining,0.135,0.31,6.4,0.39,412,0,0,0,0
15.83,2,1,dining,0.283,0.217,2.0,1.56,926,0,0,0,0
16.19,8,4,dining,0.01,0.215,7.2,1.16,1808,0,0,0,0
31.6,18,4,gas_transport,0.021,0.057,1.1,0.91,3114,0,0,1,0
1504.81,1,4,dining,0.623,0.868,1056.0,6.16,249,2,1,1,1
92.59,9,1,health_beauty,0.133,0.017,5.9,0.86,2019,0,0,0,0
10.11,21,1,gas_transport,0.118,0.401,12.9,0.88,789,0,0,1,0
27.12,8,1,travel,0.269,0.061,8.5,1.2,3250,0,0,1,0
31.69,16,1,clothing,0.21,0.22,2.9,1.05,2788,0,0,0,0
106.19,6,1,retail,0.108,0.346,3.1,1.35,2849,0,0,0,0
31.24,13,1,utilities,0.234,0.091,4.0,1.22,1302,0,0,0,0
460.03,14,2,grocery,0.143,0.096,9.6,1.29,1785,0,0,1,0
56.13,14,1,gas_transport,0.082,0.095,5.3,1.02,2386,0,0,1,0
49.63,14,4,gas_transport,0.019,0.173,8.5,0.92,2868,0,0,1,0
107.27,19,1,gas_transport,0.059,0.358,2.7,0.7,2548,0,0,1,0
55.15,15,3,entertainment,0.152,0.135,5.6,0.97,3590,0,0,1,0
50.01,10,1,dining,0.231,0.043,11.7,1.02,860,0,0,1,0
32.15,12,2,health_beauty,0.042,0.057,1.0,1.31,3533,0,0,1,0
27.03,9,4,gas_transport,0.028,0.337,27.8,1.34,1089,0,0,1,0
347.25,0,10,travel,0.938,0.41,261.4,4.52,1,2,1,1,1
25.3,1,1,grocery,0.04,0.266,3.0,0.54,1523,0,0,1,0
12.36,13,1,clothing,0.086,0.249,15.6,1.02,3184,0,0,1,0
31.61,17,1,grocery,0.074,0.5,3.0,0.76,2305,0,1,1,0
458.67,22,7,entertainment,0.901,0.619,445.5,3.36,200,2,1,1,1
38.16,9,1,gas_transport,0.189,0.373,6.0,0.88,1854,0,0,0,0
13.4,9,3,dining,0.205,0.085,32.5,0.78,3302,0,0,0,0
53.6,16,1,gas_transport,0.164,0.086,51.4,1.2,2191,1,0,1,0
45.39,11,1,utilities,0.078,0.162,34.8,1.29,1100,0,0,1,0
20.05,6,1,retail,0.022,0.078,16.7,1.1,648,1,0,0,0
15.39,7,1,electronics,0.126,0.029,0.8,1.07,1109,0,0,0,0
21.87,13,1,travel,0.105,0.121,1.3,0.99,919,0,0,1,0
95.24,14,4,grocery,0.104,0.175,20.0,1.22,1103,0,0,1,0
717.37,11,7,electronics,0.876,0.746,1239.1,5.0,201,1,0,1,1
11.88,16,4,gas_transport,0.194,0.2,3.6,1.29,1296,0,0,0,0
16.26,17,3,grocery,0.105,0.148,2.3,0.68,2354,0,0,0,0
15.5,18,2,dining,0.373,0.264,25.2,0.85,3375,0,1,1,0
7.6,11,4,dining,0.119,0.235,3.6,1.38,540,0,0,0,0
76.18,11,2,electronics,0.426,0.152,17.6,1.37,435,0,0,0,0
127.5,19,1,grocery,0.207,0.233,5.1,0.87,2580,0,0,1,0
9.67,9,1,retail,0.124,0.075,7.1,0.91,383,1,0,1,0
1398.64,3,4,health_beauty,0.844,0.771,751.4,5.3,54,3,0,1,1
106.8,6,1,electronics,0.08,0.13,10.2,1.08,2320,0,0,0,0
152.47,13,3,electronics,0.071,0.142,4.4,0.68,2836,0,0,0,0
12.26,8,2,travel,0.1,0.323,10.9,0.52,3315,0,0,1,0
126.2,7,5,gas_transport,0.047,0.298,8.4,1.06,527,0,0,1,0
51.37,6,2,health_beauty,0.023,0.078,2.2,0.9,1437,0,0,1,0
31.57,11,4,entertainment,0.226,0.162,5.8,1.02,1840,0,0,1,0
250.27,9,6,grocery,0.076,0.15,19.9,1.1,627,0,0,1,0
79.71,12,1,dining,0.034,0.274,10.6,0.9,859,0,0,1,0
21.58,12,2,clothing,0.369,0.213,26.3,1.17,1672,1,0,0,0
10.55,16,2,grocery,0.089,0.157,7.7,1.28,3340,0,0,1,0
223.82,13,1,gas_transport,0.194,0.092,9.9,0.88,3447,0,0,0,0
626.01,1,3,clothing,0.916,0.492,290.0,4.93,97,1,1,1,1
29.05,13,1,travel,0.103,0.012,3.1,0.86,2401,0,0,1,0
18.14,10,3,dining,0.114,0.132,10.1,1.23,3550,1,1,0,0
72.48,11,2,dining,0.066,0.414,14.1,1.38,441,0,0,1,0
67.87,12,1,gas_transport,0.063,0.081,3.1,0.9,966,0,0,1,0
108.86,11,3,clothing,0.111,0.322,16.0,0.37,1319,0,0,0,0
110.89,6,1,retail,0.19,0.029,3.0,0.83,1754,0,0,0,0
78.51,12,2,electronics,0.182,0.081,8.1,0.89,1649,0,0,1,0
21.68,18,3,grocery,0.022,0.269,13.4,0.97,2198,0,0,1,0
100.5,18,1,electronics,0.157,0.038,3.5,0.93,1009,0,0,0,0
19.36,9,1,grocery,0.137,0.037,4.5,1.3,492,0,0,0,0
43.27,7,3,utilities,0.01,0.121,4.1,0.56,2881,0,0,1,0
50.61,6,3,grocery,0.317,0.254,7.4,1.42,2448,0,0,1,0
33.37,14,3,electronics,0.01,0.173,12.2,0.53,3463,0,0,1,0
171.23,15,1,retail,0.023,0.049,6.6,1.34,2535,0,0,1,0
41.38,7,1,grocery,0.094,0.239,10.5,0.58,848,0,0,1,0
24.13,8,1,clothing,0.041,0.148,28.2,1.5,3359,0,0,0,0
58.41,14,2,utilities,0.082,0.117,3.5,1.26,1976,0,0,1,0
25.7,8,1,clothing,0.125,0.093,28.9,1.17,2225,0,0,1,0
18.35,13,3,grocery,0.068,0.048,16.4,1.13,561,0,0,1,0
456.96,2,8,electronics,0.983,0.792,531.8,10.4,111,1,1,1,1
43.24,16,1,gas_transport,0.021,0.191,3.1,0.97,554,0,0,1,0
89.29,14,2,grocery,0.105,0.129,22.7,0.94,3123,0,0,1,0
16.45,8,2,dining,0.176,0.315,19.7,1.07,2881,0,0,1,0
145.08,10,1,retail,0.45,0.178,5.5,0.96,708,0,1,1,0
70.98,8,5,entertainment,0.121,0.144,12.6,1.02,1851,0,0,0,0
7.86,2,3,gas_transport,0.027,0.136,60.8,0.95,2782,0,0,1,0
969.88,0,3,clothing,0.598,0.647,658.6,6.51,74,2,0,1,1
109.27,9,1,grocery,0.246,0.01,10.1,0.9,2307,0,0,0,0
83.23,2,4,health_beauty,0.121,0.164,6.2,1.17,1188,1,0,0,0
28.55,16,1,dining,0.158,0.294,15.2,1.2,761,0,0,1,0
34.09,12,1,grocery,0.027,0.5,5.3,0.7,1892,0,0,0,0
622.17,9,6,electronics,0.907,0.542,468.4,2.71,4,2,0,1,1
38.15,19,1,entertainment,0.03,0.108,56.2,1.03,1966,0,0,0,0
120.17,10,1,grocery,0.047,0.074,29.4,1.68,1476,0,0,1,0
1978.7,16,7,electronics,0.4,0.677,599.4,7.28,232,4,0,1,1
29.65,8,1,entertainment,0.026,0.209,2.8,0.58,3164,0,0,0,0
17.24,6,2,travel,0.158,0.106,0.2,0.54,3517,0,1,1,0
83.22,7,1,electronics,0.026,0.084,5.1,1.26,1247,0,0,0,0
122.38,7,3,entertainment,0.037,0.134,20.4,0.55,1783,0,0,1,0
118.29,9,1,travel,0.074,0.062,15.2,0.97,3521,0,0,0,0
88.78,18,1,dining,0.08,0.068,10.0,1.27,3028,0,0,1,0
15.34,21,1,health_beauty,0.091,0.5,31.8,1.15,1427,0,0,0,0
26.97,10,2,grocery,0.011,0.049,5.6,0.43,1597,0,0,1,0
9.17,11,1,grocery,0.206,0.191,7.3,0.55,941,0,0,1,0
38.12,18,1,gas_transport,0.1,0.212,29.2,1.06,1070,0,0,1,0
295.21,13,2,dining,0.075,0.081,13.5,1.02,2763,0,0,0,0
126.54,4,6,travel,0.4,0.685,1284.3,7.45,221,3,1,1,1
25.15,15,1,health_beauty,0.015,0.173,12.6,0.93,3321,0,0,0,0
36.21,10,1,retail,0.035,0.263,21.9,0.65,3207,0,0,0,0
74.43,11,1,dining,0.015,0.051,21.7,0.89,2261,0,1,0,0
28.86,15,1,entertainment,0.046,0.116,12.5,1.25,1933,0,0,1,0
43.73,17,1,entertainment,0.224,0.221,2.6,1.08,1369,0,0,0,0
53.47,8,2,grocery,0.111,0.15,3.5,0.94,2973,0,0,1,0
16.34,15,1,clothing,0.01,0.08,2.7,0.2,1231,0,0,1,0
11.33,13,1,clothing,0.33,0.054,5.1,0.9,2362,0,0,1,0
124.23,19,1,travel,0.113,0.226,11.8,0.46,1792,0,0,0,0
20.96,9,1,clothing,0.22,0.183,17.2,1.0,3574,0,0,0,0
36.14,15,2,gas_transport,0.118,0.349,0.2,0.28,2211,0,0,1,0
33.27,15,3,health_beauty,0.147,0.178,4.1,1.02,1107,0,0,1,0
32.79,20,3,electronics,0.236,0.14,36.6,1.1,917,0,0,0,0
42.17,5,4,grocery,0.047,0.373,11.5,1.47,2517,0,0,0,0
35.56,11,1,utilities,0.043,0.308,2.2,1.41,2241,0,0,1,0
603.69,13,6,electronics,0.894,0.707,162.3,12.88,314,3,1,1,1
135.32,14,1,entertainment,0.185,0.026,0.3,1.24,3009,0,0,1,0
195.09,12,3,dining,0.05,0.03,9.3,0.97,3208,0,0,1,0
40.49,10,2,gas_transport,0.273,0.152,5.3,0.87,427,1,0,1,0
113.08,7,5,travel,0.153,0.376,5.6,0.89,686,0,0,1,0
40.9,16,2,retail,0.32,0.233,2.5,0.73,2648,0,0,0,0
43.94,11,2,health_beauty,0.132,0.428,6.3,1.1,3507,0,0,1,0
411.17,1,8,retail,0.563,0.86,791.0,5.89,183,3,0,1,1
108.78,16,1,grocery,0.263,0.175,13.0,0.51,3480,1,0,1,0
49.94,11,1,gas_transport,0.253,0.116,0.4,0.77,3038,0,0,0,0
25.04,15,1,dining,0.185,0.217,2.5,1.24,2470,0,0,1,0
53.81,22,1,grocery,0.01,0.107,28.4,0.69,619,0,0,1,0
85.47,6,2,grocery,0.12,0.135,9.5,0.68,3554,0,0,1,0
74.86,12,2,gas_transport,0.026,0.01,10.7,0.53,2270,0,0,0,0
49.29,15,1,electronics,0.046,0.181,5.2,0.98,927,0,0,1,0
28.18,12,1,entertainment,0.103,0.161,18.4,0.99,463,0,0,1,0
135.06,21,2,grocery,0.219,0.111,13.5,0.92,2453,0,0,1,0
24.3,7,3,dining,0.083,0.015,30.6,0.77,1355,0,0,0,0
37.31,18,1,grocery,0.141,0.246,6.1,0.7,2410,0,0,1,0
65.03,12,4,dining,0.052,0.197,11.4,0.76,572,0,0,1,0
168.54,4,6,travel,0.872,0.35,183.7,7.08,223,2,1,1,1
23.25,1,1,dining,0.054,0.411,16.2,0.36,1791,0,0,0,0
67.43,14,2,dining,0.11,0.183,5.2,1.44,960,0,0,0,0
28.71,11,1,gas_transport,0.096,0.29,4.1,1.01,2322,0,0,0,0
15.39,16,1,grocery,0.066,0.374,34.3,0.73,2645,0,0,0,0
70.22,18,2,dining,0.119,0.329,32.4,0.7,3315,0,0,1,0
36.99,9,2,dining,0.036,0.01,5.9,0.81,1960,0,0,0,0
15.46,8,3,gas_transport,0.304,0.099,1.0,1.12,1310,0,1,1,0
19.1,15,1,entertainment,0.165,0.433,20.6,0.58,464,0,0,1,0
49.96,10,2,health_beauty,0.217,0.149,1.5,1.04,1410,0,0,1,0
16.34,20,1,grocery,0.03,0.198,13.4,1.02,1491,0,0,0,0
53.24,16,1,entertainment,0.125,0.054,10.3,0.99,969,0,0,0,0
172.02,14,4,grocery,0.025,0.318,0.6,1.04,2633,0,0,1,0
13.06,8,2,gas_transport,0.26,0.01,3.3,0.98,1818,0,0,1,0
113.78,13,1,grocery,0.291,0.01,11.2,1.03,3506,0,0,0,0
41.35,17,2,dining,0.12,0.383,28.1,0.91,375,0,0,0,0
25.81,10,3,health_beauty,0.176,0.271,23.0,1.0,2463,0,0,1,0
63.17,18,2,gas_transport,0.08,0.227,0.3,1.44,813,0,0,1,0
346.68,20,1,grocery,0.209,0.422,16.0,1.38,955,0,0,1,0
30.54,23,1,health_beauty,0.052,0.21,33.8,1.33,3162,0,0,1,0
21.42,10,1,travel,0.074,0.215,6.3,1.46,2936,0,0,1,0
19.89,16,3,entertainment,0.023,0.203,30.3,1.29,3160,0,0,0,0
118.75,9,1,grocery,0.034,0.139,19.8,1.63,2692,0,0,0,0
27.65,20,4,clothing,0.135,0.129,6.6,0.5,3571,0,0,1,0
357.95,13,6,travel,0.74,0.833,1423.8,5.67,103,2,1,0,1
448.15,3,12,entertainment,0.745,0.907,1019.2,5.61,44,1,1,1,1
158.79,9,5,clothing,0.047,0.253,6.9,0.86,2623,0,0,1,0
51.23,11,2,grocery,0.133,0.125,20.9,0.75,2441,0,0,1,0
61.76,8,2,electronics,0.051,0.5,14.8,0.94,1987,0,0,1,0
50.68,12,2,travel,0.1,0.297,16.8,0.89,2359,0,0,1,0
131.56,13,1,grocery,0.107,0.048,17.9,0.63,337,0,0,1,0
24.91,15,1,travel,0.041,0.291,7.2,0.93,1730,0,0,0,0
20.5,10,2,dining,0.226,0.057,27.7,1.41,2538,0,0,1,0
67.4,6,1,dining,0.182,0.293,6.6,1.03,617,0,0,0,0
34.91,15,7,electronics,0.069,0.139,23.8,1.05,1758,0,0,0,0
43.02,15,1,clothing,0.02,0.308,1.1,1.06,1383,0,0,1,0
20.05,8,1,grocery,0.189,0.5,2.6,1.41,2859,0,0,1,0
51.9,5,2,grocery,0.032,0.019,31.2,0.72,405,0,0,1,0
36.01,9,1,grocery,0.21,0.165,15.0,0.84,3186,0,0,1,0
50.29,16,3,grocery,0.114,0.34,18.6,0.84,3328,0,0,1,0
42.9,3,2,entertainment,0.321,0.046,10.1,1.13,3230,0,0,0,0
281.84,18,1,health_beauty,0.45,0.027,1.0,0.74,1044,0,1,1,0
29.82,13,1,health_beauty,0.031,0.158,30.3,0.98,2211,0,0,1,0
23.18,17,1,utilities,0.137,0.179,15.5,1.0,2007,0,0,1,0
40.02,20,4,gas_transport,0.256,0.5,0.4,1.01,712,0,0,0,0
138.25,13,4,grocery,0.215,0.078,14.3,0.95,217,0,0,0,0
45.44,7,1,electronics,0.152,0.138,6.2,1.3,704,0,0,0,0
152.37,9,2,clothing,0.078,0.137,4.3,1.1,399,0,0,0,0
23.3,12,1,dining,0.016,0.141,14.6,1.06,601,0,0,1,0
1006.05,22,2,clothing,0.508,0.596,1092.4,1.8,145,3,0,1,1
213.43,14,1,grocery,0.29,0.03,8.5,0.95,3376,0,0,1,0
17.61,6,1,clothing,0.269,0.295,1.0,0.53,1508,0,0,1,0
188.86,21,10,electronics,0.904,0.35,657.8,5.12,658,2,1,1,1
24.42,15,2,gas_transport,0.319,0.067,5.1,1.64,1863,0,0,1,0
25.51,8,1,grocery,0.061,0.039,15.1,0.72,233,0,0,1,0
148.79,10,10,clothing,0.721,0.653,701.9,6.75,670,1,1,1,1
55.64,7,2,dining,0.045,0.313,1.9,1.19,1893,0,0,0,0
78.46,8,3,dining,0.127,0.083,33.6,1.42,1756,0,0,0,0
23.33,17,1,entertainment,0.219,0.18,8.5,0.93,1697,0,0,1,0
75.27,7,4,health_beauty,0.203,0.057,3.2,1.08,668,0,0,0,0
42.12,15,1,clothing,0.076,0.092,20.8,1.0,1582,0,0,0,0
85.83,19,1,grocery,0.068,0.023,24.9,1.56,1274,0,0,1,0
89.27,16,2,clothing,0.178,0.222,2.4,0.65,221,0,0,0,0
50.5,8,5,travel,0.029,0.248,30.9,1.06,1031,0,0,1,0
171.86,14,3,gas_transport,0.047,0.158,11.0,1.01,2498,0,0,0,0
45.93,17,2,grocery,0.065,0.02,5.0,0.87,1297,1,0,0,0
79.81,2,2,grocery,0.01,0.146,22.0,0.43,2339,0,0,1,0
28.76,7,3,entertainment,0.425,0.019,1.4,1.56,855,0,0,1,0
21.93,16,1,retail,0.157,0.112,36.7,0.94,1651,0,0,0,0
62.24,14,6,clothing,0.091,0.218,13.1,0.97,2056,0,0,0,0
78.16,11,4,dining,0.018,0.139,2.4,0.67,3505,1,0,1,0
63.01,6,3,entertainment,0.126,0.058,2.3,0.6,398,0,0,1,0
116.43,10,1,grocery,0.032,0.01,8.7,1.4,733,0,1,0,0
32.95,10,2,grocery,0.23,0.057,8.5,0.62,1812,0,0,0,0
106.27,10,5,grocery,0.07,0.157,4.7,0.95,908,0,0,1,0
36.7,6,1,clothing,0.162,0.359,1.9,0.8,805,0,1,0,0
5.0,12,1,gas_transport,0.09,0.01,6.4,1.31,1185,2,1,0,0
51.67,13,3,grocery,0.138,0.022,12.4,0.58,2604,0,0,0,0
198.59,22,1,grocery,0.131,0.061,4.2,0.64,2956,0,0,0,0
274.94,20,2,grocery,0.09,0.266,17.5,0.98,192,0,0,0,0
1690.71,21,8,travel,0.426,0.834,287.2,4.36,268,2,0,1,1
326.37,2,7,electronics,0.756,0.914,524.0,6.93,322,2,1,1,1
43.48,1,4,travel,0.081,0.172,11.2,1.19,2249,0,0,1,0
20.44,7,1,dining,0.224,0.18,40.5,0.48,973,0,0,1,0
29.38,15,3,grocery,0.036,0.099,2.6,0.78,1518,0,0,1,0
120.0,4,10,electronics,0.749,0.392,2836.7,5.79,49,2,1,1,1
171.63,21,5,gas_transport,0.916,0.637,23.0,2.19,6,2,1,1,1
46.99,11,2,gas_transport,0.304,0.036,0.8,1.25,2283,0,0,0,0
17.56,9,2,retail,0.146,0.311,5.0,0.74,2686,0,0,0,0
12.41,11,1,dining,0.404,0.105,7.8,1.34,2144,0,0,1,0
136.53,15,2,entertainment,0.236,0.248,23.0,0.21,2956,0,0,1,0
78.75,10,1,electronics,0.115,0.354,41.9,0.68,953,0,0,1,0
155.36,16,4,dining,0.076,0.225,8.2,0.82,351,0,0,1,0
52.34,18,1,clothing,0.024,0.212,11.2,0.8,2930,0,0,1,0
56.09,11,1,utilities,0.014,0.377,6.5,0.31,241,0,0,1,0
12.16,8,6,dining,0.123,0.048,18.7,1.29,1320,0,0,0,0
14.22,14,1,utilities,0.122,0.196,0.8,0.9,2203,0,0,0,0
47.85,14,1,grocery,0.114,0.208,2.1,0.94,2975,0,0,0,0
69.09,11,1,dining,0.207,0.062,5.6,1.15,2771,0,0,1,0
15.67,12,2,entertainment,0.122,0.073,6.0,0.99,1451,0,0,0,0
23.46,19,3,gas_transport,0.088,0.209,16.2,1.19,2482,0,0,1,0
179.54,12,4,grocery,0.04,0.139,12.3,0.79,2017,0,0,0,0
72.13,21,3,gas_transport,0.147,0.12,3.9,0.98,2744,0,0,0,0
63.95,11,1,electronics,0.144,0.048,13.7,1.32,3263,0,0,0,0
102.38,18,1,clothing,0.113,0.162,22.3,0.29,3218,0,0,1,0
39.85,11,1,grocery,0.019,0.298,26.0,0.76,630,0,0,0,0
81.07,9,1,grocery,0.018,0.273,10.0,0.93,2624,0,0,0,0
27.1,9,1,clothing,0.226,0.111,2.3,0.77,669,0,0,1,0
115.22,6,1,grocery,0.232,0.067,5.1,0.94,354,0,0,1,0
31.12,9,1,health_beauty,0.2,0.186,7.5,0.41,472,0,0,0,0
252.66,18,1,travel,0.208,0.086,49.6,0.82,3114,0,0,0,0
47.4,14,2,retail,0.075,0.087,34.3,1.34,1743,0,0,1,0
64.18,16,3,travel,0.188,0.055,7.5,1.4,2654,0,0,0,0
8.42,15,2,gas_transport,0.162,0.123,8.5,0.88,435,0,0,0,0
30.7,16,3,clothing,0.358,0.072,6.3,1.18,1666,0,0,0,0
45.27,18,2,entertainment,0.064,0.358,31.7,1.04,1386,0,0,1,0
163.98,9,1,travel,0.03,0.327,9.3,1.01,1502,0,0,0,0
45.93,12,1,gas_transport,0.151,0.142,1.0,1.55,2080,1,0,0,0
632.85,10,4,clothing,0.844,0.746,673.8,1.99,15,1,1,1,1
32.63,14,1,dining,0.237,0.217,4.0,1.11,847,0,0,1,0
161.18,1,7,electronics,0.828,0.944,774.8,4.89,8,2,0,1,1
35.01,14,1,electronics,0.373,0.1,10.9,0.78,1348,0,0,0,0
52.78,15,1,grocery,0.011,0.357,44.3,0.88,2799,0,0,1,0
37.33,10,1,clothing,0.138,0.06,2.8,0.88,1935,0,0,1,0
28.66,14,1,grocery,0.075,0.028,10.0,1.05,2817,0,0,0,0
52.87,7,4,gas_transport,0.216,0.11,6.7,1.26,1442,0,0,0,0
20.55,11,1,travel,0.068,0.205,10.3,0.99,288,0,0,1,0
33.25,18,3,clothing,0.095,0.224,16.1,1.26,429,0,0,0,0
58.49,23,3,dining,0.368,0.369,10.3,1.37,2621,0,0,0,0
7.7,6,2,dining,0.059,0.211,7.5,1.32,831,0,1,0,0
20.9,18,1,utilities,0.219,0.228,4.7,0.83,589,0,0,1,0
24.12,8,2,gas_transport,0.204,0.082,5.1,0.9,1009,0,0,1,0
10.64,7,3,gas_transport,0.083,0.312,2.6,0.94,2763,0,0,0,0
58.1,20,2,grocery,0.105,0.01,16.9,1.34,245,0,0,1,0
21.69,16,3,travel,0.277,0.052,3.1,0.84,2402,0,0,0,0
33.98,15,1,retail,0.054,0.099,9.3,1.47,1786,0,0,1,0
46.6,12,4,gas_transport,0.125,0.194,16.2,0.25,2098,0,0,1,0
24.22,5,5,gas_transport,0.046,0.218,10.4,1.46,2233,0,0,1,0
36.81,5,2,utilities,0.072,0.074,4.3,1.49,815,1,0,1,0
37.46,13,7,gas_transport,0.112,0.017,32.5,0.2,2434,0,0,0,0
154.45,11,2,gas_transport,0.088,0.209,1.6,0.75,3014,0,0,1,0
79.38,18,2,dining,0.45,0.068,5.1,0.79,1677,0,0,0,0
8.44,14,3,dining,0.155,0.198,1.6,0.88,2591,0,0,0,0
8.5,6,1,gas_transport,0.069,0.236,3.3,1.22,572,0,0,0,0
134.66,9,3,health_beauty,0.01,0.5,6.5,0.87,1780,1,0,1,0
33.54,11,1,grocery,0.121,0.152,9.5,1.14,632,0,0,1,0
62.53,9,2,utilities,0.223,0.029,10.6,0.87,797,0,0,1,0
12.12,7,4,grocery,0.125,0.201,8.7,1.22,1906,0,0,0,0
6.61,15,1,grocery,0.139,0.149,29.4,0.8,1601,0,1,0,0
26.58,13,1,clothing,0.119,0.341,1.2,0.59,1382,0,0,0,0
120.0,2,7,retail,0.647,0.733,800.3,2.78,244,3,1,1,1
93.04,15,1,electronics,0.204,0.439,10.8,0.89,1233,0,0,1,0
30.69,9,1,dining,0.064,0.5,1.8,0.69,3548,0,0,0,0
53.17,16,1,dining,0.01,0.5,1.3,0.94,2422,0,0,1,0
19.06,16,1,retail,0.166,0.316,15.1,0.67,2996,0,1,1,0
19.67,18,1,dining,0.313,0.114,15.7,0.95,1702,0,0,0,0
15.45,16,3,utilities,0.012,0.098,1.8,1.16,1172,0,0,1,0
55.93,8,1,health_beauty,0.106,0.112,18.3,0.72,2139,0,0,0,0
265.5,19,4,travel,0.801,0.506,186.2,7.73,15,1,0,1,1
62.01,18,1,grocery,0.079,0.127,2.0,1.27,2428,1,0,1,0
47.6,20,1,entertainment,0.123,0.138,2.1,0.93,1832,1,0,1,0
35.37,9,1,grocery,0.021,0.156,1.6,0.91,1593,0,0,1,0
72.76,20,4,grocery,0.142,0.073,7.7,0.67,3589,0,0,0,0
45.94,13,1,electronics,0.167,0.087,22.5,0.84,2313,0,0,1,0
53.43,9,1,grocery,0.219,0.196,73.5,0.94,1538,0,0,0,0
67.83,16,6,entertainment,0.138,0.246,38.9,0.9,2525,0,0,0,0
99.75,22,2,clothing,0.211,0.11,2.5,1.14,925,0,0,0,0
105.48,13,4,grocery,0.035,0.213,14.6,0.63,1608,0,0,1,0
32.5,12,3,clothing,0.043,0.063,4.6,0.72,941,0,0,1,0
2330.89,1,7,travel,0.786,0.612,786.3,4.24,156,3,1,1,1
48.71,15,3,health_beauty,0.154,0.262,7.6,1.34,2694,0,0,1,0
11.92,11,1,entertainment,0.45,0.136,0.9,1.48,402,0,0,1,0
791.4,1,6,travel,0.938,0.792,318.5,4.18,161,1,1,1,1
8.44,14,1,clothing,0.056,0.164,8.5,0.89,519,0,0,0,0
109.89,10,5,clothing,0.062,0.097,13.8,1.39,264,0,0,1,0
23.33,13,3,gas_transport,0.01,0.041,33.3,1.22,2727,0,0,1,0
35.88,6,3,travel,0.059,0.133,3.2,0.86,218,0,0,1,0
35.67,10,3,health_beauty,0.125,0.189,11.0,1.23,1935,0,0,0,0
168.53,11,3,gas_transport,0.121,0.028,11.7,1.01,3450,0,0,1,0
9.67,18,2,grocery,0.045,0.294,6.2,1.47,980,0,0,0,0
50.5,6,4,dining,0.149,0.361,6.5,1.16,1753,0,0,0,0
36.88,18,2,grocery,0.206,0.415,10.1,0.99,181,0,1,0,0
80.75,16,3,dining,0.308,0.11,7.3,0.38,2369,0,0,1,0
42.68,13,1,grocery,0.102,0.198,32.6,0.43,3212,0,0,1,0
14.99,13,3,dining,0.115,0.181,21.5,1.17,1565,0,0,0,0
80.45,6,1,clothing,0.04,0.062,1.4,0.96,1142,1,0,1,0
48.62,12,2,gas_transport,0.13,0.114,2.6,1.11,1826,0,0,1,0
45.21,19,2,clothing,0.079,0.301,28.7,0.65,2030,0,0,0,0
20.44,5,1,dining,0.361,0.329,4.0,0.94,3277,0,0,1,0
30.8,9,1,gas_transport,0.237,0.042,3.6,1.06,1019,0,0,0,0
17.75,17,1,entertainment,0.01,0.407,17.8,0.87,1726,0,0,1,0
23.67,6,1,clothing,0.418,0.158,8.1,1.8,2446,0,1,1,0
62.58,11,3,health_beauty,0.059,0.163,8.1,0.86,1002,0,0,1,0
171.94,12,2,gas_transport,0.45,0.245,19.7,0.63,2070,0,0,1,0
24.06,12,1,gas_transport,0.107,0.079,10.4,1.06,857,0,0,0,0
14.43,7,4,grocery,0.059,0.225,13.4,1.2,2502,0,0,1,0
74.95,20,1,travel,0.063,0.309,10.9,0.77,3139,0,0,1,0
157.56,21,5,electronics,0.4,0.599,320.8,1.8,195,2,1,1,1
77.44,15,1,utilities,0.01,0.2,18.8,1.42,1707,0,0,1,0
27.66,10,2,grocery,0.166,0.013,3.4,0.72,788,0,1,1,0
96.07,13,1,utilities,0.013,0.183,0.1,1.42,3281,0,0,1,0
49.14,16,1,entertainment,0.073,0.426,1.1,0.84,2282,0,0,1,0
40.98,7,1,travel,0.146,0.424,0.8,0.8,570,0,1,1,0
58.85,15,2,entertainment,0.127,0.175,0.1,0.49,475,0,0,1,0
170.91,11,3,dining,0.137,0.016,11.2,0.66,1739,1,0,0,0
56.04,5,1,dining,0.149,0.031,0.6,0.9,2104,0,1,1,0
75.9,14,3,grocery,0.042,0.142,1.9,0.58,3127,0,0,0,0
41.13,8,2,gas_transport,0.103,0.378,17.6,0.94,1072,0,0,1,0
51.11,21,3,retail,0.219,0.149,16.9,1.02,899,0,0,0,0
47.36,8,4,grocery,0.078,0.258,11.0,2.06,1364,1,0,0,0
22.71,9,6,grocery,0.049,0.013,32.1,1.16,592,0,0,0,0
45.87,12,1,dining,0.079,0.034,38.9,0.71,1785,0,0,1,0
37.43,20,2,travel,0.09,0.073,14.5,0.76,641,0,0,1,0
74.3,18,2,utilities,0.24,0.389,72.3,0.74,186,0,0,0,0
27.71,14,1,gas_transport,0.132,0.037,35.3,1.09,1664,0,0,0,0
22.81,22,3,electronics,0.116,0.121,0.2,0.82,2454,0,0,0,0
2236.02,6,8,health_beauty,0.891,0.798,1186.7,7.57,31,3,1,1,1
55.27,18,1,gas_transport,0.017,0.443,23.1,0.99,2611,0,0,0,0
115.77,21,1,grocery,0.057,0.09,36.9,1.56,498,1,0,1,0
17.13,9,3,utilities,0.075,0.018,1.9,0.68,3276,0,0,1,0
245.41,23,8,clothing,0.757,0.58,494.4,2.93,167,3,1,1,1
28.53,11,1,entertainment,0.129,0.143,2.6,0.88,2770,0,0,1,0
69.38,14,2,electronics,0.059,0.352,18.9,0.63,3505,0,0,1,0
59.48,11,1,health_beauty,0.279,0.209,11.3,1.28,2735,0,0,1,0
61.86,6,1,dining,0.131,0.089,16.2,1.48,3313,1,0,1,0
44.68,14,1,clothing,0.218,0.11,10.0,1.46,1051,0,0,1,0
24.84,8,2,gas_transport,0.018,0.157,5.8,0.98,245,1,0,1,0
5.0,3,1,utilities,0.45,0.061,9.4,0.6,1934,0,0,0,0
35.97,1,1,gas_transport,0.011,0.12,7.0,1.32,187,0,0,0,0
72.19,2,2,electronics,0.08,0.087,4.3,0.73,2756,0,1,1,0
166.45,14,2,grocery,0.372,0.049,18.5,1.38,944,0,0,0,0
220.61,23,11,electronics,0.4,0.846,152.6,10.7,36,2,0,1,1
67.83,14,1,dining,0.015,0.133,1.8,1.47,1921,0,0,1,0
72.46,14,1,dining,0.023,0.154,5.3,1.52,3528,0,0,1,0
4265.74,5,4,electronics,0.728,0.778,612.0,3.94,103,1,0,1,1
49.35,15,1,entertainment,0.026,0.262,28.2,0.42,2383,0,0,1,0
1875.83,0,8,travel,0.518,0.813,1409.6,2.81,67,2,1,0,1
89.45,11,2,dining,0.082,0.065,10.0,1.08,2043,0,0,1,0
276.07,10,1,grocery,0.037,0.256,2.8,0.84,2332,0,0,0,0
92.97,15,1,gas_transport,0.172,0.036,5.5,1.18,3402,0,0,0,0
24.83,6,4,dining,0.012,0.112,16.7,1.06,1842,0,0,1,0
30.26,18,1,grocery,0.111,0.191,5.5,1.6,3495,0,0,0,0
59.62,13,4,entertainment,0.326,0.113,4.5,0.95,1723,1,0,0,0
16.26,12,5,dining,0.01,0.179,2.8,1.16,1036,0,0,1,0
37.81,18,3,travel,0.112,0.186,56.9,1.14,1612,0,0,1,0
33.23,12,1,gas_transport,0.389,0.396,15.8,0.62,844,0,0,1,0
31.0,1,2,clothing,0.09,0.145,10.9,0.76,1447,0,0,0,0
103.44,5,2,dining,0.117,0.022,90.8,0.48,3062,0,0,1,0
104.53,1,1,gas_transport,0.088,0.308,3.0,0.94,878,0,0,1,0
27.13,16,1,dining,0.061,0.209,3.3,1.21,1158,0,0,0,0
40.98,16,4,dining,0.028,0.062,5.8,1.42,2429,0,0,0,0
8.79,17,2,grocery,0.315,0.216,7.8,1.49,3563,0,0,1,0
62.04,13,1,grocery,0.085,0.261,1.3,0.83,1654,0,0,0,0
13.82,15,3,entertainment,0.112,0.327,14.0,1.07,3148,0,0,1,0
94.66,9,2,gas_transport,0.199,0.07,20.6,1.11,3050,0,0,0,0
42.99,6,1,retail,0.167,0.109,0.4,0.77,1857,0,0,1,0
18.28,17,1,travel,0.246,0.271,13.1,0.93,1768,0,0,0,0
11.06,11,1,clothing,0.45,0.166,11.9,1.04,1761,0,0,1,0
159.59,8,1,dining,0.155,0.051,13.4,1.02,1596,0,0,0,0
135.93,12,6,entertainment,0.036,0.265,13.0,0.8,2083,0,0,1,0
536.35,4,9,electronics,0.749,0.944,363.3,2.3,357,3,0,1,1
76.49,7,3,retail,0.087,0.212,5.0,0.83,2411,0,0,0,0
213.22,16,1,clothing,0.045,0.132,4.8,0.7,2011,0,0,0,0
21.25,14,1,clothing,0.073,0.352,22.4,0.87,2863,0,0,0,0
5.0,18,2,entertainment,0.082,0.081,64.1,0.54,695,0,0,0,0
454.29,4,9,clothing,0.623,0.615,667.9,8.65,65,1,1,1,1
66.59,10,2,electronics,0.045,0.037,1.0,1.05,601,0,0,1,0
21.38,14,1,clothing,0.152,0.048,1.9,0.98,1825,0,0,1,0
34.88,12,3,dining,0.107,0.226,1.3,1.05,3022,0,0,1,0
196.04,12,1,dining,0.041,0.358,2.0,1.47,2693,0,0,0,0
7.84,15,1,entertainment,0.146,0.168,26.8,0.88,2930,0,0,0,0
36.4,13,3,clothing,0.089,0.418,5.2,1.44,3151,0,1,0,0
38.87,9,2,dining,0.095,0.063,28.1,0.9,3408,0,0,0,0
43.97,2,3,grocery,0.017,0.059,2.7,1.54,2856,0,0,1,0
67.6,13,1,health_beauty,0.27,0.01,7.5,1.03,3364,0,1,0,0
27.35,9,2,entertainment,0.029,0.02,6.2,0.92,1421,0,0,0,0
116.77,8,2,grocery,0.118,0.069,2.2,0.52,1536,0,0,1,0
43.24,18,3,health_beauty,0.082,0.082,6.2,1.01,655,0,0,1,0
25.14,20,1,dining,0.036,0.091,15.5,1.36,2803,1,0,0,0
36.7,8,3,dining,0.052,0.036,3.5,1.17,645,0,0,0,0
148.91,5,1,retail,0.048,0.074,17.0,0.93,2972,0,0,1,0
33.97,16,2,clothing,0.113,0.156,30.5,1.16,2188,0,0,1,0
39.04,7,1,grocery,0.194,0.347,5.6,0.98,2372,0,0,1,0
59.03,15,1,grocery,0.046,0.284,14.0,0.64,3213,0,0,1,0
16.55,7,3,gas_transport,0.12,0.097,9.0,1.53,1720,0,0,1,0
123.66,8,2,grocery,0.076,0.189,20.9,1.03,2316,0,0,0,0
31.28,14,1,gas_transport,0.022,0.04,7.8,0.78,2765,0,0,1,0
26.75,13,1,entertainment,0.243,0.172,14.9,1.22,3590,0,0,1,0
33.05,15,5,gas_transport,0.052,0.116,2.3,0.99,1722,0,0,0,0
41.86,22,3,dining,0.11,0.06,7.9,1.24,3019,0,0,1,0
49.52,17,1,gas_transport,0.122,0.309,11.2,1.36,2128,0,0,1,0
18.91,0,1,dining,0.064,0.172,17.0,1.4,1744,0,0,1,0
6.4,15,2,gas_transport,0.079,0.297,0.4,0.97,3326,0,0,0,0
9.29,17,3,gas_transport,0.112,0.106,13.7,0.7,512,0,0,1,0
34.93,7,2,dining,0.23,0.135,14.7,1.1,906,0,0,0,0
81.19,12,1,dining,0.075,0.245,1.3,0.93,2262,0,0,0,0
1915.66,0,6,travel,0.843,0.849,395.0,6.36,157,1,1,0,1
8.3,10,2,dining,0.038,0.191,3.7,1.14,2687,0,1,0,0
525.34,23,8,entertainment,0.41,0.939,260.5,4.21,43,2,0,1,1
30.98,14,1,entertainment,0.216,0.194,1.4,1.54,1003,0,0,0,0
139.11,20,1,clothing,0.112,0.5,8.3,0.76,2105,0,0,1,0
36.18,12,5,dining,0.079,0.032,27.8,1.25,1559,0,0,1,0
45.58,22,3,electronics,0.244,0.151,3.9,1.3,891,0,0,0,0
61.0,17,3,electronics,0.01,0.049,2.3,1.44,3564,0,0,0,0
22.44,13,1,grocery,0.45,0.286,1.1,1.4,1136,0,0,0,0
76.89,6,5,dining,0.311,0.107,30.2,1.27,2630,0,0,1,0
41.07,13,1,grocery,0.235,0.064,44.2,0.85,1439,0,0,1,0
20.69,13,2,grocery,0.136,0.063,3.0,1.13,1216,1,0,1,0
19.28,18,2,grocery,0.124,0.271,3.1,0.75,1081,0,0,1,0
155.0,9,2,dining,0.059,0.095,10.7,0.35,1228,0,0,0,0
8.59,14,1,dining,0.066,0.376,4.7,1.05,1402,0,0,1,0
104.93,6,2,clothing,0.069,0.122,16.3,1.63,1626,1,0,1,0
103.32,15,3,travel,0.115,0.17,15.3,0.86,3384,0,1,0,0
15.3,15,1,health_beauty,0.231,0.127,0.8,0.91,3269,0,0,0,0
41.62,8,4,dining,0.069,0.142,13.0,0.78,1520,0,0,1,0
47.87,10,1,grocery,0.191,0.161,4.6,1.03,1467,0,0,1,0
17.21,11,2,grocery,0.106,0.071,0.7,1.0,738,0,0,1,0
48.72,8,3,utilities,0.11,0.084,28.7,0.82,1698,0,0,1,0
315.1,14,7,electronics,0.642,0.882,1196.3,4.37,130,2,1,1,1
20.45,12,2,entertainment,0.219,0.318,12.1,1.06,2846,0,0,1,0
56.63,11,2,clothing,0.138,0.176,19.2,0.94,2058,0,0,0,0
37.82,7,4,grocery,0.104,0.097,11.3,1.08,1667,0,0,0,0
24.27,7,1,grocery,0.062,0.312,41.7,0.85,672,0,0,1,0
8.1,8,1,grocery,0.018,0.124,2.5,1.34,1258,1,0,1,0
70.13,16,1,gas_transport,0.165,0.103,5.7,1.0,636,0,0,1,0
12.78,10,2,entertainment,0.044,0.024,2.2,0.65,1106,2,0,1,0
66.73,12,2,entertainment,0.264,0.081,10.0,0.81,1077,0,0,0,0
22.44,13,1,entertainment,0.166,0.105,8.4,0.48,2477,0,0,1,0
34.19,14,2,grocery,0.45,0.139,2.4,1.03,2557,0,0,1,0
45.37,15,1,utilities,0.235,0.154,0.6,1.31,686,0,0,0,0
45.2,18,1,clothing,0.035,0.085,5.3,1.61,1156,0,0,0,0
15.19,13,2,entertainment,0.378,0.071,3.6,0.73,531,0,0,1,0
34.63,15,4,travel,0.072,0.174,1.1,0.68,3120,0,0,1,0
86.71,15,2,grocery,0.444,0.106,18.8,0.45,1270,0,0,0,0
33.36,17,4,gas_transport,0.084,0.202,2.9,0.34,3592,0,1,0,0
42.17,10,1,retail,0.215,0.051,0.9,0.92,2836,0,0,0,0
27.78,6,1,entertainment,0.044,0.071,15.6,1.18,3341,0,1,0,0
19.75,9,4,clothing,0.052,0.09,8.5,0.45,2463,0,0,0,0
116.05,13,2,electronics,0.053,0.023,3.1,0.85,1493,0,0,1,0
31.3,12,5,dining,0.146,0.309,8.0,0.88,902,0,0,1,0
87.4,12,3,electronics,0.059,0.444,3.1,1.16,245,0,0,0,0
141.05,9,2,health_beauty,0.205,0.201,8.7,0.53,2913,0,0,0,0
126.06,13,2,dining,0.209,0.367,5.9,0.72,397,0,1,1,0
24.47,23,3,utilities,0.265,0.226,0.7,1.34,1910,0,0,1,0
96.23,13,2,utilities,0.066,0.317,6.2,0.65,507,0,0,0,0
34.17,12,3,clothing,0.058,0.33,2.3,1.24,920,0,0,0,0
10.81,20,2,grocery,0.027,0.253,0.3,0.57,1384,0,0,1,0
37.46,8,2,gas_transport,0.11,0.146,12.6,0.72,3118,0,0,1,0
47.21,16,1,entertainment,0.197,0.082,28.0,1.31,3231,0,0,0,0
62.42,19,1,electronics,0.165,0.462,4.2,1.28,1453,0,0,0,0
28.06,22,1,retail,0.069,0.087,57.8,0.93,296,0,0,1,0
18.68,16,1,clothing,0.238,0.048,26.8,0.55,432,0,1,1,0
29.01,18,2,utilities,0.083,0.215,5.9,1.27,1382,0,0,1,0
53.55,8,1,retail,0.406,0.428,4.6,1.31,1854,0,0,1,0
119.47,18,1,dining,0.354,0.026,2.5,1.19,501,0,0,0,0
126.97,12,2,grocery,0.137,0.102,7.7,1.04,2215,0,0,0,0
53.39,17,1,dining,0.137,0.05,3.3,1.08,599,0,0,1,0
12.47,7,4,electronics,0.045,0.268,3.5,1.26,3168,1,0,0,0
39.06,15,3,entertainment,0.176,0.179,10.4,1.34,2975,0,0,0,0
9.41,17,1,travel,0.216,0.102,21.0,0.75,2113,0,0,0,0
205.61,16,1,health_beauty,0.28,0.09,9.0,0.8,1641,1,0,0,0
149.76,8,1,grocery,0.45,0.135,5.5,1.21,2464,0,0,0,0
120.0,2,10,travel,0.677,0.725,71.7,6.46,6,1,0,1,1
43.29,17,2,gas_transport,0.028,0.208,0.9,0.9,3183,0,0,1,0
30.87,18,3,grocery,0.04,0.062,3.3,0.79,1967,0,0,1,0
306.09,20,2,travel,0.369,0.14,2.5,0.58,1291,0,0,1,0
47.62,8,1,travel,0.168,0.251,1.8,0.95,1596,0,0,0,0
88.71,14,5,entertainment,0.214,0.176,27.3,1.14,1843,0,0,1,0
52.34,15,1,grocery,0.023,0.122,7.3,0.64,1873,0,0,1,0
29.44,19,2,dining,0.141,0.216,8.3,1.03,885,0,0,0,0
68.32,8,1,dining,0.105,0.093,4.3,0.81,2003,0,0,1,0
115.86,19,1,clothing,0.176,0.053,45.4,0.82,1052,0,0,1,0
74.71,6,2,electronics,0.037,0.126,2.9,0.71,3269,0,0,1,0
50.23,15,2,gas_transport,0.173,0.06,3.4,0.8,2124,0,0,0,0
83.55,14,2,clothing,0.257,0.224,13.8,0.87,3461,1,0,1,0
30.37,12,1,grocery,0.06,0.094,10.7,0.96,2301,0,0,0,0
66.98,15,1,dining,0.184,0.187,9.4,1.01,433,1,0,1,0
56.65,11,2,grocery,0.195,0.23,11.4,0.81,1997,1,0,1,0
314.76,16,1,clothing,0.055,0.033,39.4,0.81,455,0,0,0,0
146.51,6,2,gas_transport,0.167,0.314,18.5,0.68,2681,0,0,1,0
86.49,9,2,dining,0.254,0.32,1.4,1.34,2105,0,0,1,0
57.84,8,1,entertainment,0.03,0.171,5.0,0.74,1155,0,0,1,0
48.27,17,2,health_beauty,0.036,0.141,4.5,0.98,1983,0,0,1,0
75.04,13,1,gas_transport,0.232,0.304,7.9,0.33,827,0,0,0,0
78.0,6,2,dining,0.049,0.309,11.6,1.07,1633,0,1,1,0
64.93,13,2,retail,0.062,0.182,39.3,0.27,3350,0,0,1,0
72.47,15,2,entertainment,0.148,0.31,29.9,0.33,923,0,0,1,0
30.99,7,2,grocery,0.088,0.175,9.9,1.01,1840,0,0,0,0
8.46,11,2,health_beauty,0.302,0.029,29.6,1.04,3318,0,0,1,0
23.11,13,2,grocery,0.065,0.08,5.5,0.55,716,0,0,1,0
60.28,7,1,clothing,0.068,0.358,18.5,1.38,2148,0,0,1,0
83.28,7,1,gas_transport,0.053,0.067,2.4,1.23,858,0,0,1,0
173.48,7,1,grocery,0.148,0.01,17.5,1.58,1197,0,0,1,0
22.17,11,1,gas_transport,0.129,0.127,7.7,1.0,1667,0,0,0,0
14.17,8,1,grocery,0.2,0.333,33.5,1.01,3346,0,0,0,0
85.77,10,1,entertainment,0.441,0.261,17.6,0.75,2496,0,0,1,0
444.8,2,3,electronics,0.793,0.954,435.6,8.09,13,1,1,1,1
50.71,14,3,grocery,0.087,0.066,11.4,0.76,1328,0,0,0,0
59.87,15,3,gas_transport,0.076,0.102,8.0,0.29,2069,0,0,1,0
51.77,15,1,gas_transport,0.272,0.063,24.4,0.76,2581,0,0,1,0
65.44,19,1,dining,0.02,0.072,7.9,0.59,1371,0,0,1,0
192.74,10,4,grocery,0.063,0.167,2.1,0.75,2137,0,0,0,0
17.73,14,1,entertainment,0.087,0.052,0.4,1.11,826,0,0,0,0
901.88,14,3,travel,0.826,0.855,169.6,7.19,154,1,0,1,1
20.18,11,1,dining,0.145,0.174,15.5,1.14,1962,0,1,1,0
81.69,15,1,dining,0.015,0.029,11.3,0.88,2588,0,0,1,0
9.04,17,3,grocery,0.159,0.011,6.8,0.94,591,0,0,0,0
2001.21,4,8,clothing,0.667,0.719,513.1,4.45,573,0,1,1,1
43.04,16,2,gas_transport,0.105,0.292,44.6,1.41,3567,0,1,0,0
11.8,11,4,grocery,0.151,0.159,16.2,0.62,442,0,0,1,0
23.63,9,1,grocery,0.167,0.449,0.5,1.28,1273,0,0,1,0
443.51,12,3,travel,0.015,0.072,7.7,0.75,3495,0,0,0,0
33.35,11,1,dining,0.101,0.077,1.4,0.51,1059,0,1,1,0
203.59,17,3,grocery,0.45,0.092,39.6,1.04,2187,0,0,1,0
56.51,17,1,clothing,0.01,0.485,2.4,1.13,468,0,0,0,0
12.28,8,1,clothing,0.021,0.129,10.1,0.9,2373,0,1,0,0
120.0,18,8,retail,0.724,0.668,1853.1,3.79,61,3,0,1,1
61.8,10,1,grocery,0.084,0.2,4.8,0.93,3301,1,0,1,0
16.24,16,3,grocery,0.04,0.097,0.1,1.27,1429,0,0,1,0
59.76,12,1,grocery,0.038,0.116,0.8,1.16,2580,0,0,1,0
105.52,10,5,grocery,0.45,0.122,22.0,1.22,778,0,0,0,0
89.32,22,4,grocery,0.073,0.187,4.4,1.35,1810,0,0,0,0
22.79,10,1,dining,0.156,0.288,12.2,1.37,1290,0,0,0,0
18.56,13,1,electronics,0.127,0.155,62.3,0.92,2040,0,0,1,0
36.22,14,1,grocery,0.055,0.127,12.7,1.12,2771,0,0,1,0
73.31,16,1,grocery,0.05,0.136,27.3,1.13,3507,0,0,1,0
44.93,10,1,grocery,0.194,0.173,17.7,0.86,1196,0,0,1,0
14.98,12,2,gas_transport,0.049,0.5,7.2,0.78,1204,0,0,0,0
45.53,14,2,dining,0.011,0.127,11.4,0.8,2428,0,0,1,0
42.33,23,1,gas_transport,0.043,0.3,1.2,1.28,3416,0,0,1,0
56.32,7,2,grocery,0.076,0.121,6.1,1.25,2508,0,0,1,0
12.93,20,2,dining,0.027,0.066,29.3,0.99,2425,0,0,0,0
21.26,16,2,entertainment,0.061,0.087,12.0,1.01,211,0,0,0,0
16.68,8,2,grocery,0.062,0.027,0.5,1.67,1622,0,0,1,0
29.3,12,1,clothing,0.304,0.059,10.3,0.56,1879,0,0,0,0
77.96,9,3,grocery,0.011,0.015,8.0,1.51,426,0,0,1,0
23.4,9,2,clothing,0.062,0.087,6.3,1.14,301,0,0,1,0
39.33,12,1,clothing,0.26,0.026,33.6,1.35,2173,0,0,1,0
48.54,15,2,grocery,0.309,0.177,81.9,0.53,279,0,0,0,0
316.27,7,2,grocery,0.295,0.101,18.1,1.12,1645,0,0,0,0
120.0,15,8,clothing,0.874,0.522,1939.6,2.07,225,1,0,0,1
170.02,9,2,grocery,0.021,0.014,24.0,1.03,2209,0,1,1,0
105.79,19,1,dining,0.028,0.084,25.6,0.66,349,0,0,1,0
27.96,9,1,dining,0.058,0.081,1.0,1.37,3142,0,0,1,0
70.58,6,1,clothing,0.04,0.041,4.7,1.21,1338,0,1,0,0
15.47,15,2,gas_transport,0.102,0.166,3.2,1.55,2492,0,0,0,0
287.07,15,1,dining,0.014,0.155,3.7,0.47,566,0,0,1,0
17.02,8,1,health_beauty,0.278,0.045,3.6,1.61,2961,0,0,1,0
58.3,8,1,retail,0.054,0.261,27.9,1.36,551,0,0,0,0
83.32,11,3,utilities,0.241,0.198,1.8,1.21,679,0,0,0,0
26.41,2,1,gas_transport,0.027,0.034,19.5,0.97,2960,0,0,1,0
38.26,13,1,dining,0.082,0.137,7.4,1.25,665,0,0,0,0
71.21,7,1,grocery,0.123,0.226,6.5,1.05,1280,0,0,0,0
25.61,9,2,health_beauty,0.19,0.063,12.6,0.85,2794,0,0,1,0
75.63,13,3,health_beauty,0.296,0.068,22.0,1.07,232,0,0,0,0
27.42,13,1,utilities,0.264,0.462,32.4,0.54,2814,0,0,1,0
29.97,14,1,dining,0.057,0.022,17.2,1.02,2601,0,0,0,0
60.62,9,1,grocery,0.091,0.069,5.5,0.8,445,0,0,1,0
10.75,16,1,dining,0.01,0.186,14.2,0.49,1569,0,0,0,0
54.66,14,3,gas_transport,0.01,0.186,29.1,1.16,1852,0,0,0,0
21.79,12,1,electronics,0.054,0.217,7.7,0.79,314,0,0,0,0
57.94,12,1,dining,0.132,0.04,16.7,1.56,2928,0,0,0,0
1700.27,3,7,electronics,0.941,0.518,2107.1,6.13,59,1,1,1,1
130.81,13,2,entertainment,0.194,0.276,49.5,0.93,2310,0,0,0,0
61.86,12,3,dining,0.298,0.066,2.8,1.03,3040,1,0,1,0
41.11,16,1,electronics,0.16,0.5,8.2,1.11,2150,0,0,1,0
210.33,11,1,dining,0.303,0.212,5.9,1.37,1407,0,0,1,0
24.75,7,2,clothing,0.159,0.01,26.9,1.08,299,1,0,0,0
16.23,13,3,clothing,0.095,0.014,18.7,1.32,2477,0,0,0,0
41.59,13,2,grocery,0.097,0.112,0.6,0.78,2212,0,1,1,0
162.83,9,2,entertainment,0.114,0.328,32.2,1.1,355,0,0,0,0
95.83,11,1,entertainment,0.084,0.363,33.8,0.83,1037,0,0,0,0
956.75,16,3,electronics,0.729,0.936,370.2,4.01,59,2,0,0,1
81.52,8,4,entertainment,0.153,0.041,18.7,0.8,1800,0,0,0,0
14.08,7,1,clothing,0.108,0.358,4.0,0.4,1298,0,0,0,0
70.78,9,4,gas_transport,0.152,0.035,19.3,1.25,1420,0,0,0,0
120.0,1,8,travel,0.952,0.705,904.2,7.72,326,2,0,1,1
52.6,19,1,gas_transport,0.232,0.246,3.1,1.42,1467,0,0,1,0
68.87,9,1,clothing,0.156,0.115,3.8,0.55,844,0,1,1,0
120.0,3,8,clothing,0.78,0.642,404.7,2.96,7,3,1,0,1
77.46,12,1,health_beauty,0.172,0.085,12.2,1.66,2155,0,0,0,0
113.94,16,2,gas_transport,0.107,0.5,10.6,1.21,280,0,0,0,0
62.49,12,2,utilities,0.123,0.248,4.1,0.65,814,0,0,0,0
5.14,19,2,retail,0.223,0.214,24.2,1.16,3085,0,0,0,0
2787.21,12,11,electronics,0.661,0.663,617.2,5.87,66,4,0,1,1
74.46,8,1,gas_transport,0.018,0.275,31.5,1.69,758,0,0,0,0
11.62,15,3,clothing,0.095,0.334,20.0,1.13,738,0,0,1,0
556.84,3,8,electronics,0.723,0.659,585.9,2.37,47,3,1,1,1
62.2,8,2,entertainment,0.036,0.291,5.4,0.74,3322,0,0,1,0
11.42,19,2,grocery,0.157,0.143,18.9,0.89,3351,0,0,1,0
6.96,5,1,grocery,0.015,0.322,10.1,0.55,1047,0,0,0,0
44.81,14,1,retail,0.068,0.117,39.5,0.79,489,0,1,0,0
977.92,1,10,electronics,0.629,0.674,1078.8,7.31,47,2,1,1,1
42.17,7,3,travel,0.247,0.359,30.3,0.56,3510,0,0,0,0
84.13,12,1,travel,0.38,0.215,12.5,0.9,3042,0,0,1,0
30.04,8,1,clothing,0.062,0.077,0.5,0.92,2898,0,0,1,0
73.9,14,3,gas_transport,0.116,0.1,6.1,1.31,2134,1,0,0,0
48.3,14,1,gas_transport,0.083,0.238,6.8,1.11,622,0,0,1,0
69.77,6,1,dining,0.32,0.257,8.2,1.0,1054,0,0,0,0
109.22,7,5,entertainment,0.136,0.063,2.4,1.13,303,0,1,1,0
18.56,13,1,grocery,0.249,0.062,3.1,0.97,3041,0,0,0,0
18.11,9,3,gas_transport,0.01,0.299,2.7,0.61,1285,0,0,1,0
67.9,19,1,grocery,0.269,0.418,6.4,0.79,1148,0,0,1,0
64.47,8,1,dining,0.085,0.335,0.1,1.58,2408,0,0,0,0
37.64,10,3,clothing,0.264,0.5,17.7,0.47,450,1,0,1,0
141.87,21,1,clothing,0.051,0.121,41.0,0.29,3230,0,0,1,0
12.77,10,1,retail,0.102,0.224,2.3,1.27,2822,0,0,0,0
43.44,8,2,dining,0.18,0.319,4.5,0.98,1077,0,0,0,0
109.81,12,1,grocery,0.077,0.05,8.6,0.86,1285,0,0,0,0
31.54,12,1,entertainment,0.088,0.184,1.8,1.45,1679,0,0,0,0
20.58,16,2,clothing,0.085,0.092,63.4,1.2,2885,0,0,1,0
120.0,2,5,entertainment,0.723,0.377,977.2,4.95,342,2,1,1,1
86.0,14,1,retail,0.202,0.233,30.6,0.84,1735,0,0,1,0
124.87,8,3,dining,0.043,0.081,9.8,0.6,676,0,0,0,0
64.56,2,1,dining,0.166,0.25,12.1,0.93,1522,0,0,0,0
1776.22,1,7,electronics,0.936,0.825,161.7,4.99,164,1,0,1,1
24.56,22,1,gas_transport,0.185,0.129,8.4,1.73,1865,0,0,0,0
19.03,11,2,retail,0.075,0.01,2.2,0.32,2501,1,0,0,0
118.68,16,4,health_beauty,0.225,0.053,47.2,1.33,2689,0,0,0,0
30.47,18,1,grocery,0.031,0.25,0.2,1.13,1867,0,0,0,0
33.01,9,2,grocery,0.022,0.253,5.9,1.19,325,0,0,1,0
45.77,19,6,grocery,0.04,0.168,10.0,0.86,3223,0,0,1,0
65.6,6,1,electronics,0.341,0.045,8.0,0.59,361,0,0,1,0
29.35,9,1,gas_transport,0.103,0.025,29.4,1.15,3370,0,0,0,0
308.0,15,3,retail,0.033,0.03,27.6,0.92,2961,0,0,1,0
33.19,11,3,grocery,0.24,0.199,0.9,1.49,2089,0,0,0,0
147.82,20,2,gas_transport,0.068,0.07,26.5,0.79,798,0,0,1,0
53.83,13,1,health_beauty,0.193,0.101,5.1,1.33,2061,0,1,0,0
20.81,7,3,retail,0.041,0.075,1.2,1.33,3157,0,0,1,0
24.3,2,2,grocery,0.207,0.035,11.9,0.56,1262,0,0,0,0
149.51,18,1,health_beauty,0.136,0.144,21.3,1.0,2743,0,0,1,0
22.86,11,1,retail,0.154,0.05,8.7,1.04,2502,0,0,1,0
40.37,17,4,grocery,0.17,0.02,9.8,1.08,2375,0,0,1,0
31.03,9,2,travel,0.153,0.092,3.6,0.78,541,0,0,1,0
47.48,17,1,dining,0.166,0.043,4.1,1.45,3499,0,0,0,0
39.79,11,2,gas_transport,0.123,0.5,7.4,0.8,1760,0,1,1,0
76.25,9,1,gas_transport,0.28,0.185,30.6,1.09,350,0,0,0,0
21.74,8,1,clothing,0.118,0.138,23.0,0.51,3431,0,0,1,0
63.68,10,3,gas_transport,0.242,0.174,21.3,0.79,1955,1,0,0,0
33.7,9,2,grocery,0.093,0.333,29.5,1.26,2295,0,0,0,0
30.53,18,1,entertainment,0.351,0.135,12.3,1.02,3358,0,0,1,0
45.82,17,2,health_beauty,0.024,0.1,3.9,1.16,3326,0,0,0,0
50.36,11,2,grocery,0.12,0.054,9.9,1.2,2301,0,0,0,0
152.31,20,1,grocery,0.087,0.311,14.7,0.76,222,0,1,0,0
246.77,17,2,grocery,0.15,0.343,8.9,1.15,3029,0,0,1,0
42.59,18,2,health_beauty,0.392,0.259,2.2,0.68,2913,0,0,1,0
42.06,14,2,health_beauty,0.041,0.108,7.1,0.72,516,0,0,1,0
147.32,9,4,grocery,0.029,0.178,12.9,1.35,759,0,1,1,0
476.47,3,7,electronics,0.885,0.949,434.4,5.47,109,1,1,0,1
143.21,6,2,grocery,0.067,0.326,12.4,1.26,2807,0,0,1,0
85.43,8,4,retail,0.261,0.132,6.0,1.33,1132,0,0,1,0
53.53,15,1,grocery,0.176,0.28,15.0,0.93,668,0,0,1,0
2781.77,1,9,travel,0.735,0.691,859.0,9.69,152,2,0,1,1
170.99,4,7,travel,0.485,0.412,307.6,11.23,372,3,0,1,1
28.6,11,1,travel,0.39,0.197,0.5,1.19,1883,0,0,0,0
1388.69,4,6,clothing,0.922,0.91,183.8,7.83,132,1,0,1,1
29.38,5,1,entertainment,0.093,0.278,4.2,1.07,3178,2,0,1,0
47.94,10,1,electronics,0.01,0.238,17.3,0.65,1074,0,0,1,0
57.18,6,3,electronics,0.191,0.114,16.6,1.13,2718,0,1,0,0
33.22,16,1,dining,0.128,0.147,22.9,1.61,3437,0,1,1,0
86.29,9,1,dining,0.126,0.146,13.3,0.89,922,0,0,0,0
67.14,21,2,dining,0.19,0.5,8.6,0.89,1741,0,0,1,0
8.4,10,1,electronics,0.289,0.19,23.6,0.69,2108,0,1,1,0
22.85,20,2,dining,0.032,0.021,18.3,0.74,3062,0,0,1,0
60.83,8,2,grocery,0.046,0.04,2.4,0.52,2353,0,0,0,0
126.65,18,2,grocery,0.235,0.01,25.4,1.7,349,0,0,1,0
82.86,8,3,dining,0.12,0.165,49.0,0.77,3371,0,0,0,0
45.36,16,1,dining,0.45,0.282,0.1,1.28,3106,0,0,0,0
30.22,13,2,entertainment,0.119,0.063,11.6,0.86,422,0,0,1,0
26.94,17,1,clothing,0.042,0.253,3.8,0.97,3165,0,0,0,0
176.65,1,6,dining,0.89,0.769,169.8,7.39,76,1,1,1,1
64.34,12,1,grocery,0.244,0.187,7.5,0.69,468,0,0,1,0
19.19,6,1,grocery,0.18,0.033,10.6,1.07,2019,0,0,0,0
29.73,10,1,gas_transport,0.366,0.458,8.8,0.75,2509,0,0,1,0
55.48,13,2,grocery,0.141,0.099,33.7,0.92,625,0,0,0,0
48.48,11,3,health_beauty,0.177,0.262,31.8,0.78,2603,0,0,1,0
94.42,11,2,grocery,0.092,0.251,0.1,0.54,2377,0,0,0,0
91.71,7,2,grocery,0.217,0.193,3.2,1.24,504,0,0,0,0
7.67,7,3,gas_transport,0.03,0.048,40.4,0.85,1370,0,0,1,0
106.9,10,1,gas_transport,0.16,0.103,19.5,0.73,3431,0,0,1,0
17.76,17,3,clothing,0.086,0.146,4.4,0.84,520,0,0,0,0
35.4,13,5,dining,0.261,0.064,25.8,1.18,2227,0,0,0,0
34.02,6,2,gas_transport,0.051,0.323,19.5,1.07,417,0,0,1,0
35.94,12,1,electronics,0.173,0.094,1.7,0.94,302,1,0,0,0
615.01,1,8,electronics,0.593,0.535,219.3,8.7,50,2,1,1,1
27.27,7,1,electronics,0.125,0.092,14.9,1.38,2594,0,0,1,0
155.99,10,2,electronics,0.201,0.167,41.3,1.0,359,0,0,1,0
54.32,14,1,clothing,0.111,0.18,29.9,1.0,3230,0,0,0,0
38.61,14,3,grocery,0.016,0.392,7.4,1.08,542,1,0,0,0
93.26,12,1,grocery,0.054,0.469,10.2,0.85,1572,0,0,1,0
15.58,8,1,dining,0.124,0.158,0.2,1.05,866,0,0,1,0
61.34,1,2,entertainment,0.044,0.166,1.7,1.26,712,0,0,1,0
533.06,19,3,gas_transport,0.015,0.01,4.2,1.06,2103,0,0,1,0
46.27,12,1,travel,0.142,0.17,5.6,0.69,3482,0,0,0,0
1639.98,23,9,electronics,0.504,0.377,261.6,3.47,393,2,1,1,1
8.71,5,1,gas_transport,0.062,0.259,9.2,1.69,2218,0,0,0,0
165.57,17,3,gas_transport,0.104,0.5,4.4,0.81,815,1,0,1,0
42.54,6,1,grocery,0.072,0.204,9.3,0.31,403,1,0,1,0
51.2,18,1,dining,0.138,0.198,5.0,0.99,3253,0,0,0,0
68.76,18,1,retail,0.161,0.261,39.7,0.55,1164,0,0,0,0
216.9,15,9,health_beauty,0.6,0.951,83.2,3.1,43,3,1,1,1
5.5,13,1,grocery,0.123,0.01,0.4,0.77,1862,1,0,1,0
131.2,19,7,travel,0.927,0.762,2109.7,5.41,372,1,0,1,1
607.71,2,4,travel,0.484,0.719,367.8,6.35,285,3,1,0,1
26.99,15,2,grocery,0.221,0.075,25.8,0.53,895,0,0,0,0
54.07,9,2,grocery,0.356,0.429,11.7,1.09,1130,0,0,1,0
39.7,10,4,clothing,0.217,0.019,1.3,1.16,3222,0,0,1,0
111.85,10,2,grocery,0.066,0.214,16.7,0.2,974,0,0,0,0
1228.41,1,9,electronics,0.747,0.46,348.3,5.99,29,2,1,1,1
22.34,9,2,clothing,0.063,0.07,0.3,1.55,3174,0,0,1,0
16.33,7,1,gas_transport,0.11,0.162,4.0,1.37,2142,0,0,1,0
98.85,11,2,clothing,0.01,0.046,28.6,0.92,2452,0,0,0,0
60.62,13,1,grocery,0.285,0.058,0.7,1.09,2294,0,0,0,0
15.98,17,1,clothing,0.239,0.077,0.4,1.64,2004,0,0,1,0
39.13,10,3,gas_transport,0.16,0.187,17.4,1.28,951,0,0,0,0
68.66,16,3,clothing,0.046,0.163,8.4,1.03,430,0,0,0,0
10.77,14,3,entertainment,0.137,0.043,0.2,0.99,981,0,0,0,0
30.6,23,2,utilities,0.116,0.118,5.4,1.49,1867,0,0,1,0
30.16,6,1,electronics,0.194,0.222,14.0,0.9,3359,0,0,0,0
32.76,11,2,grocery,0.2,0.071,0.5,1.14,1860,0,0,0,0
42.94,13,3,clothing,0.017,0.02,11.8,0.93,712,2,0,0,0
17.63,16,1,dining,0.228,0.206,5.7,0.9,2291,1,0,1,0
17.16,18,3,gas_transport,0.027,0.205,2.6,0.79,644,0,0,1,0
78.32,14,1,gas_transport,0.01,0.079,5.9,1.03,2725,1,0,1,0
29.57,6,1,grocery,0.044,0.351,31.6,1.19,2667,0,0,1,0
17.3,8,3,gas_transport,0.163,0.038,29.7,1.09,206,0,0,0,0
114.76,11,1,health_beauty,0.055,0.425,12.7,0.87,1416,0,0,1,0
120.0,4,12,grocery,0.658,0.626,346.1,4.86,555,1,0,1,1
21.75,10,1,entertainment,0.084,0.077,2.8,1.39,925,0,0,0,0
36.21,17,1,grocery,0.142,0.151,7.9,0.99,2467,0,0,0,0
57.56,17,1,gas_transport,0.385,0.202,5.5,0.59,3373,0,0,1,0
57.14,16,1,health_beauty,0.1,0.144,2.7,0.62,3557,1,0,0,0
155.9,19,3,gas_transport,0.027,0.026,4.9,0.48,3386,0,0,1,0
447.54,1,7,travel,0.55,0.723,117.7,8.42,273,4,0,1,1
127.36,2,5,health_beauty,0.753,0.971,240.2,4.24,425,2,0,1,1
20.45,11,2,dining,0.165,0.447,15.5,1.22,1618,0,0,1,0
169.88,6,4,electronics,0.699,0.724,1179.3,2.28,35,2,1,1,1
26.54,9,2,clothing,0.068,0.027,17.9,0.81,2279,1,0,1,0
46.27,18,1,entertainment,0.053,0.237,11.4,0.98,2654,0,0,0,0
29.54,16,4,dining,0.051,0.206,31.8,0.76,465,0,0,0,0
34.91,10,4,retail,0.199,0.317,13.7,0.65,1398,0,0,0,0
141.02,11,2,gas_transport,0.063,0.216,6.5,1.49,2235,0,0,0,0
31.58,11,2,health_beauty,0.256,0.032,36.3,0.76,435,0,0,1,0
59.97,12,1,clothing,0.024,0.105,0.5,0.82,903,0,0,1,0
523.29,2,8,clothing,0.792,0.915,353.1,7.39,126,3,1,1,1
14.24,18,1,travel,0.212,0.173,1.0,1.38,680,0,0,0,0
88.41,13,1,dining,0.111,0.092,2.8,0.6,564,0,0,1,0
120.24,18,2,entertainment,0.043,0.123,12.4,1.13,925,0,0,0,0
360.93,1,5,entertainment,0.685,0.717,859.3,3.67,105,4,1,1,1
47.49,19,3,grocery,0.265,0.33,4.6,0.51,1782,1,0,0,0
122.41,10,1,dining,0.062,0.118,8.1,0.6,2704,1,0,1,0
47.25,6,3,grocery,0.061,0.042,9.8,1.74,2777,0,0,1,0
45.87,17,2,grocery,0.119,0.161,0.8,1.11,1923,0,0,1,0
26.13,9,2,clothing,0.253,0.232,0.3,1.56,251,0,0,1,0
76.01,16,6,dining,0.013,0.096,14.1,1.36,1378,0,0,1,0
57.14,17,2,entertainment,0.044,0.121,4.2,0.87,389,0,0,0,0
106.56,15,1,gas_transport,0.127,0.163,1.9,1.03,309,0,0,1,0
82.04,0,1,health_beauty,0.107,0.165,2.1,0.57,3419,0,0,1,0
40.36,17,3,gas_transport,0.211,0.034,3.4,1.15,2357,0,0,0,0
34.74,9,5,clothing,0.042,0.071,13.0,0.2,1043,0,0,1,0
27.88,17,2,grocery,0.033,0.266,2.6,1.25,2712,0,0,0,0
135.31,9,2,utilities,0.019,0.447,36.6,0.78,1214,0,0,1,0
26.76,12,1,electronics,0.381,0.066,1.3,1.12,1773,0,0,1,0
33.43,16,1,gas_transport,0.118,0.142,11.9,1.17,3261,0,0,0,0
18.06,5,1,grocery,0.119,0.172,9.6,1.3,2378,0,0,1,0
203.11,9,1,dining,0.126,0.078,18.0,1.07,852,0,0,1,0
41.29,16,3,dining,0.404,0.09,2.2,1.2,1529,0,0,0,0
281.21,10,1,grocery,0.096,0.057,0.6,1.04,3021,0,0,0,0
16.13,16,2,grocery,0.45,0.035,2.4,0.98,1004,0,0,0,0
16.76,14,2,dining,0.174,0.148,58.5,0.82,301,0,0,0,0
82.6,19,1,dining,0.45,0.192,0.9,1.06,1933,0,0,1,0
42.72,12,1,gas_transport,0.047,0.068,12.1,1.4,886,0,0,0,0
39.52,17,3,grocery,0.01,0.327,25.0,1.38,242,0,0,1,0
42.7,15,1,grocery,0.45,0.065,5.7,1.18,855,1,0,1,0
34.33,17,2,grocery,0.021,0.139,21.5,0.77,714,0,0,0,0
16.5,7,1,gas_transport,0.277,0.155,2.7,0.72,2442,0,0,0,0
676.36,4,7,dining,0.459,0.69,4125.8,3.32,41,1,0,1,1
19.69,4,2,dining,0.112,0.108,13.7,1.17,1783,0,0,0,0
29.82,19,1,entertainment,0.11,0.136,0.5,0.58,1467,0,0,1,0
1058.35,3,7,clothing,0.504,0.53,215.6,7.67,303,1,0,1,1
22.2,7,3,grocery,0.244,0.337,9.3,1.09,3478,0,0,0,0
179.1,21,1,grocery,0.063,0.204,1.9,0.56,2589,0,0,1,0
47.38,7,2,utilities,0.285,0.109,19.4,1.46,2619,0,0,1,0
102.72,15,1,gas_transport,0.045,0.379,0.1,0.87,291,0,0,1,0
18.33,16,2,utilities,0.056,0.141,3.0,0.85,999,0,0,1,0
58.36,13,1,dining,0.037,0.219,2.0,1.62,835,0,0,0,0
58.61,9,2,utilities,0.141,0.043,1.0,1.03,238,0,1,1,0
17.37,15,1,dining,0.203,0.094,6.3,1.37,1274,0,0,0,0
7.24,17,3,gas_transport,0.031,0.061,21.5,1.34,2377,0,0,0,0
110.29,15,5,retail,0.236,0.154,4.4,1.98,2847,0,0,0,0
38.72,10,1,gas_transport,0.064,0.103,22.2,0.51,1459,0,0,0,0
68.36,21,1,dining,0.042,0.022,2.5,1.3,1735,0,0,0,0
84.18,8,5,electronics,0.092,0.094,11.4,1.48,2380,0,0,1,0
121.72,19,1,gas_transport,0.016,0.077,7.5,0.73,1205,0,0,1,0
20.02,9,1,dining,0.195,0.134,0.3,0.82,2733,0,0,1,0
29.98,12,2,health_beauty,0.213,0.154,2.2,0.38,1784,0,0,1,0
50.67,21,2,travel,0.244,0.023,1.3,1.0,2240,0,0,1,0
533.39,0,3,electronics,0.821,0.836,520.8,3.23,88,1,1,1,1
44.98,20,1,retail,0.01,0.29,7.4,1.17,600,0,0,1,0
101.98,13,2,clothing,0.021,0.496,19.4,0.81,488,0,0,0,0
85.87,18,1,electronics,0.166,0.132,38.3,0.7,2034,0,0,1,0
16.38,14,1,grocery,0.092,0.074,5.3,1.42,3013,0,0,0,0
97.78,15,3,gas_transport,0.225,0.467,16.6,1.08,800,0,0,0,0
20.4,17,2,dining,0.144,0.196,0.9,1.07,3557,0,0,0,0
33.17,12,1,health_beauty,0.099,0.08,5.9,0.31,2233,0,0,0,0
53.85,16,1,grocery,0.026,0.17,30.1,0.73,835,0,0,0,0
30.56,16,5,grocery,0.064,0.236,8.5,0.23,2127,1,0,1,0
41.8,9,1,dining,0.045,0.068,17.8,0.98,627,0,0,0,0
24.96,10,1,travel,0.071,0.044,18.4,0.85,2535,0,0,0,0
15.28,12,1,dining,0.01,0.233,5.1,1.21,2311,0,0,1,0
255.4,6,1,gas_transport,0.261,0.214,11.7,0.79,3066,0,0,0,0
31.22,20,1,clothing,0.365,0.262,14.6,0.85,3368,0,0,1,0
27.42,18,3,travel,0.28,0.333,4.4,1.15,2354,0,0,0,0
36.36,13,2,dining,0.017,0.089,33.4,0.88,3391,0,0,0,0
43.87,17,2,dining,0.057,0.276,3.0,0.87,1112,0,0,0,0
22.46,19,3,travel,0.238,0.353,11.8,0.96,1991,1,0,0,0
252.26,4,7,travel,0.541,0.88,2307.5,4.4,138,1,0,1,1
19.0,22,1,dining,0.145,0.367,25.0,1.14,831,0,0,1,0
188.44,16,1,electronics,0.361,0.399,5.3,1.61,3000,0,0,1,0
40.15,8,1,grocery,0.171,0.025,14.2,0.86,2269,0,0,0,0
36.37,17,1,grocery,0.064,0.084,10.6,1.02,2553,0,0,1,0
32.17,15,3,dining,0.037,0.144,6.3,1.1,3232,0,0,1,0
27.07,7,1,gas_transport,0.039,0.065,4.3,0.94,244,0,0,1,0
28.04,11,1,clothing,0.086,0.27,6.3,1.41,733,0,0,0,0
120.0,4,9,electronics,0.896,0.782,358.5,6.04,366,1,1,1,1
5.0,11,2,travel,0.134,0.099,15.8,1.08,2685,0,0,1,0
24.41,18,3,clothing,0.381,0.123,10.7,0.94,2253,0,0,0,0
12.92,20,1,dining,0.062,0.127,7.8,0.51,413,0,0,1,0
4800.0,22,4,entertainment,0.522,0.653,898.1,6.24,154,4,1,1,1
114.9,13,1,dining,0.01,0.02,29.3,0.78,2239,0,0,0,0
70.52,13,1,clothing,0.125,0.114,4.4,0.91,3036,0,0,0,0
53.67,15,2,grocery,0.246,0.343,9.7,1.37,599,0,0,1,0
90.76,9,1,health_beauty,0.094,0.182,3.3,0.84,3387,0,0,1,0
31.18,16,1,health_beauty,0.255,0.223,5.1,0.85,2409,0,0,1,0
64.65,17,1,grocery,0.45,0.17,2.7,1.36,1792,1,1,0,0
39.56,12,1,electronics,0.06,0.036,0.7,0.65,1285,0,0,1,0
59.24,16,2,gas_transport,0.018,0.261,21.6,1.32,1345,0,0,0,0
51.75,9,1,gas_transport,0.267,0.201,6.3,0.93,644,0,0,1,0
220.08,10,1,grocery,0.16,0.023,40.1,1.11,3486,0,0,1,0
20.27,15,3,entertainment,0.342,0.105,1.8,0.97,3191,0,0,0,0
32.76,7,1,gas_transport,0.161,0.088,38.5,0.76,369,0,0,0,0
60.59,14,1,clothing,0.069,0.048,13.6,1.5,2670,0,0,1,0
127.99,6,3,electronics,0.014,0.264,10.3,0.87,613,0,0,1,0
17.21,8,1,travel,0.175,0.148,12.4,1.14,2450,0,0,0,0
122.04,13,2,clothing,0.359,0.13,1.2,1.55,2709,0,0,0,0
36.62,11,3,health_beauty,0.093,0.179,28.7,0.23,1451,1,0,1,0
128.1,12,3,dining,0.209,0.395,10.1,0.68,907,0,0,1,0
38.07,21,1,entertainment,0.124,0.112,3.6,1.03,2335,0,0,1,0
135.17,14,2,grocery,0.334,0.033,27.0,0.98,1303,0,0,0,0
142.89,20,3,grocery,0.054,0.144,11.9,0.99,2321,1,0,0,0
78.18,22,1,grocery,0.022,0.062,5.6,1.24,1187,0,0,1,0
78.95,9,2,gas_transport,0.202,0.5,2.4,0.99,1384,0,0,1,0
67.88,20,2,utilities,0.141,0.221,18.8,0.8,3582,0,0,1,0
37.24,10,1,electronics,0.112,0.277,16.9,0.68,1674,0,0,0,0
181.0,2,1,clothing,0.046,0.279,31.7,0.61,701,0,0,0,0
26.02,18,3,clothing,0.217,0.108,8.1,0.76,2807,0,1,1,0
211.57,1,7,electronics,0.825,0.649,1451.1,8.79,239,2,0,1,1
3063.83,3,9,entertainment,0.468,0.698,445.8,4.75,257,2,0,1,1
22.48,16,3,travel,0.158,0.262,1.5,1.27,3320,0,0,0,0
14.59,11,1,gas_transport,0.069,0.31,3.6,1.06,1929,0,0,0,0
124.56,6,6,utilities,0.193,0.085,36.2,0.43,2903,0,0,1,0
175.22,18,1,entertainment,0.234,0.05,1.1,1.01,1453,0,0,1,0
26.63,18,3,electronics,0.026,0.439,1.1,0.43,3032,0,0,1,0
1656.31,18,14,travel,0.76,0.951,669.0,4.57,258,3,1,1,1
119.91,10,1,entertainment,0.098,0.047,17.7,1.09,1343,0,0,1,0
12.9,18,1,electronics,0.269,0.151,2.3,0.54,306,0,0,1,0
26.82,8,3,grocery,0.143,0.091,22.0,0.48,794,0,0,1,0
57.78,11,3,grocery,0.013,0.012,5.1,0.41,1313,0,0,0,0
29.32,13,3,clothing,0.013,0.488,4.0,0.58,969,0,0,1,0
55.87,20,2,dining,0.043,0.424,4.7,0.94,3586,0,0,1,0
84.8,9,1,clothing,0.018,0.087,8.7,0.87,3541,0,0,0,0
22.85,16,2,gas_transport,0.385,0.133,9.8,1.03,1929,0,0,1,0
13.17,9,1,clothing,0.072,0.201,7.0,1.1,2471,0,0,0,0
46.18,12,1,grocery,0.076,0.023,10.6,0.8,1662,0,0,1,0
23.09,9,1,clothing,0.107,0.116,4.8,1.18,3310,0,0,0,0
56.01,14,1,grocery,0.123,0.338,10.9,0.69,1317,0,0,0,0
41.89,21,1,travel,0.283,0.03,0.2,1.36,2956,0,0,0,0
1074.84,5,7,electronics,0.824,0.827,724.8,4.22,124,1,0,1,1
49.01,13,2,dining,0.041,0.03,19.4,1.45,2168,0,0,1,0
36.14,5,5,retail,0.066,0.144,18.4,1.26,1981,0,0,1,0
23.12,12,1,grocery,0.014,0.34,1.5,1.47,1719,0,1,1,0
48.74,14,1,gas_transport,0.048,0.142,9.1,1.16,2505,1,0,1,0
24.17,20,2,electronics,0.271,0.01,5.3,0.66,2780,0,0,1,0
1423.39,3,6,travel,0.803,0.756,167.4,7.09,52,4,0,1,1
35.33,9,2,grocery,0.072,0.241,1.7,1.23,711,0,0,1,0
95.39,16,1,utilities,0.128,0.5,1.1,0.89,3495,1,0,0,0
20.3,17,1,gas_transport,0.024,0.111,0.6,1.26,1753,0,0,0,0
29.71,8,1,health_beauty,0.13,0.071,2.9,1.04,3530,0,0,1,0
120.0,16,9,travel,0.74,0.575,354.7,7.26,367,2,0,1,1
106.06,11,1,grocery,0.124,0.033,14.2,0.72,3057,0,0,1,0
22.46,15,1,gas_transport,0.284,0.405,9.2,1.12,1427,0,0,0,0
100.74,9,3,grocery,0.207,0.01,4.6,0.41,1578,0,0,1,0
160.44,8,4,retail,0.049,0.189,23.2,0.48,1055,0,0,0,0
103.08,14,2,grocery,0.098,0.109,14.8,0.77,2228,0,0,1,0
84.63,5,1,utilities,0.1,0.266,6.8,0.66,2833,0,0,0,0
17.36,4,2,gas_transport,0.139,0.381,8.4,0.39,1541,0,0,0,0
42.57,7,2,gas_transport,0.204,0.5,34.2,0.82,1331,0,0,0,0
33.9,16,2,travel,0.072,0.454,32.8,1.21,2535,0,0,1,0
21.37,12,3,electronics,0.021,0.098,26.3,0.97,1502,0,0,1,0
127.9,13,4,electronics,0.299,0.201,1.6,0.74,2828,0,0,1,0
29.89,13,2,dining,0.031,0.08,1.8,1.22,1928,1,0,1,0
33.75,13,4,gas_transport,0.45,0.247,43.0,1.26,2889,0,0,1,0
121.93,16,3,health_beauty,0.024,0.336,43.7,1.61,518,0,0,0,0
50.22,5,2,grocery,0.017,0.322,18.5,1.01,1802,1,0,1,0
28.43,14,1,grocery,0.093,0.047,23.4,0.89,2412,0,0,0,0
14.31,10,3,grocery,0.107,0.097,44.4,1.1,3040,0,0,0,0
99.53,17,1,dining,0.155,0.253,5.4,0.75,1652,0,0,0,0
120.0,2,2,travel,0.757,0.541,1662.6,9.74,300,0,1,1,1
8.42,22,3,clothing,0.135,0.172,6.5,0.84,345,0,0,1,0
6.11,21,3,clothing,0.061,0.261,6.9,1.02,2139,0,0,1,0
30.57,15,1,grocery,0.182,0.369,0.1,1.39,3390,0,0,0,0
62.97,14,4,entertainment,0.168,0.165,34.4,0.9,2346,0,0,1,0
52.79,20,1,retail,0.107,0.37,6.6,0.86,2277,0,0,1,0
97.73,19,2,gas_transport,0.04,0.113,48.6,1.05,3578,0,0,1,0
179.44,18,8,travel,0.807,0.839,321.0,3.99,18,3,1,1,1
44.72,9,5,entertainment,0.27,0.09,6.4,1.16,3178,0,0,0,0
39.33,11,2,gas_transport,0.016,0.049,15.8,0.87,2995,0,0,1,0
52.97,19,3,entertainment,0.035,0.278,8.5,1.58,2157,0,0,0,0
61.58,12,2,utilities,0.103,0.088,2.7,0.77,1041,0,0,1,0
18.3,9,1,clothing,0.037,0.055,18.5,1.0,1564,0,1,0,0
25.62,23,3,clothing,0.066,0.106,3.7,0.71,808,0,0,0,0
64.08,8,1,gas_transport,0.13,0.148,18.9,1.34,3217,0,0,1,0
152.56,16,2,health_beauty,0.838,0.836,1526.9,7.74,325,2,0,1,1
47.7,17,2,clothing,0.062,0.167,2.0,0.71,410,2,0,0,0
34.67,12,3,dining,0.122,0.163,0.6,0.89,3013,0,0,0,0
43.59,6,1,health_beauty,0.126,0.093,41.4,0.68,2394,0,0,1,0
10.46,11,1,dining,0.16,0.122,8.1,1.05,722,0,0,0,0
120.29,15,3,gas_transport,0.124,0.455,22.8,0.71,1223,1,0,1,0
2305.77,1,10,travel,0.446,0.557,444.3,6.57,61,4,1,1,1
20.24,15,2,health_beauty,0.181,0.094,3.2,1.12,717,0,0,1,0
231.15,11,1,entertainment,0.143,0.103,3.5,1.01,1782,0,0,0,0
95.58,12,3,grocery,0.066,0.143,17.8,0.29,3057,0,0,1,0
18.75,6,1,dining,0.029,0.215,3.2,0.98,2345,0,0,1,0
30.02,18,3,retail,0.204,0.025,4.2,1.21,2085,0,1,1,0
5.36,12,1,electronics,0.102,0.102,6.2,0.93,1695,0,1,0,0
197.58,20,1,gas_transport,0.09,0.152,1.3,0.86,1926,0,0,0,0
173.1,17,2,health_beauty,0.08,0.054,11.0,1.57,484,0,0,1,0
29.42,17,2,gas_transport,0.023,0.18,8.6,0.55,357,0,0,0,0
23.3,17,1,clothing,0.305,0.209,32.1,1.0,2256,0,0,1,0
48.97,9,4,gas_transport,0.101,0.07,0.4,1.17,881,0,0,1,0
44.57,11,1,electronics,0.04,0.216,11.5,1.5,567,0,0,1,0
39.28,15,1,grocery,0.03,0.028,9.3,0.9,1579,0,0,1,0
185.27,8,1,electronics,0.356,0.041,5.2,1.07,1923,0,0,1,0
359.78,11,1,gas_transport,0.091,0.174,5.1,0.22,2456,0,0,1,0
292.74,12,6,dining,0.227,0.297,0.6,1.01,3532,0,0,1,0
129.12,16,9,electronics,0.829,0.823,531.3,3.15,84,2,1,1,1
77.62,16,6,clothing,0.054,0.24,4.3,1.05,2890,0,0,0,0
95.05,9,2,dining,0.284,0.336,16.7,1.04,1861,0,0,1,0
51.8,19,1,travel,0.079,0.246,18.9,1.15,2039,0,0,1,0
53.82,12,1,gas_transport,0.241,0.092,5.2,1.19,3399,0,0,0,0
102.05,8,3,utilities,0.342,0.312,9.2,0.2,2895,0,0,1,0
110.91,12,1,grocery,0.251,0.067,31.7,1.08,1868,0,0,0,0
16.7,15,2,grocery,0.179,0.16,4.2,1.37,763,0,0,0,0
23.51,1,2,grocery,0.139,0.147,7.6,0.64,1928,0,0,0,0
58.41,17,3,dining,0.014,0.5,46.8,0.63,1888,0,0,0,0
472.78,1,8,travel,0.839,0.793,269.8,3.07,1,3,0,1,1
83.77,15,3,grocery,0.449,0.393,42.8,1.58,3212,0,0,0,0
23.98,14,5,grocery,0.083,0.105,3.6,0.38,2330,0,0,1,0
78.13,8,2,utilities,0.018,0.2,4.2,1.31,2268,0,0,0,0
37.23,23,3,grocery,0.116,0.2,8.1,1.01,2501,1,0,1,0
54.4,5,1,clothing,0.2,0.117,27.2,1.73,897,0,0,1,0
16.1,9,2,grocery,0.047,0.138,9.7,1.24,2237,0,0,1,0
1281.56,15,8,travel,0.883,0.533,1472.8,8.89,84,2,1,0,1
43.25,14,1,health_beauty,0.282,0.211,8.9,0.57,2747,0,0,0,0
19.95,15,3,grocery,0.131,0.202,0.9,1.26,3064,0,0,0,0
32.67,7,2,grocery,0.01,0.054,4.7,0.67,2871,0,0,0,0
67.76,5,2,travel,0.178,0.034,11.7,0.78,2723,0,0,1,0
48.56,12,1,grocery,0.034,0.067,13.2,0.93,1294,0,0,1,0
8.13,17,3,dining,0.048,0.24,1.0,0.86,2339,0,0,1,0
28.83,15,1,grocery,0.15,0.053,0.9,0.73,1841,0,0,1,0
51.8,15,3,travel,0.084,0.238,14.7,0.78,2075,0,0,0,0
638.38,21,3,clothing,0.6,0.744,519.0,1.8,13,0,1,1,1
83.39,7,1,travel,0.078,0.233,38.4,1.26,1548,2,0,1,0
26.73,18,4,grocery,0.286,0.079,0.3,1.22,2854,0,0,1,0
13.47,17,2,clothing,0.062,0.201,6.9,0.96,1836,0,0,0,0
488.32,15,11,travel,0.801,0.584,1433.3,4.34,77,3,1,1,1
48.85,8,4,dining,0.035,0.096,17.8,1.08,3286,0,0,1,0
114.73,18,3,gas_transport,0.184,0.31,8.1,1.42,2070,0,0,0,0
9.28,13,3,grocery,0.035,0.135,11.2,0.95,1247,0,0,0,0
88.9,16,2,dining,0.051,0.065,13.9,1.17,1817,0,0,0,0
43.75,11,1,dining,0.16,0.315,1.2,1.28,1832,0,0,0,0
76.93,10,1,entertainment,0.018,0.238,0.6,1.09,2878,0,0,1,0
11.82,11,1,travel,0.268,0.059,57.2,0.71,1075,0,0,1,0
141.68,4,3,entertainment,0.025,0.138,14.9,1.21,2895,0,0,1,0
63.24,10,2,dining,0.098,0.142,1.3,1.42,225,0,0,0,0
23.86,10,4,dining,0.056,0.08,1.0,1.25,3411,0,0,0,0
12.79,12,2,electronics,0.105,0.061,1.4,1.61,1327,0,0,1,0
42.34,8,1,grocery,0.344,0.13,3.9,0.94,768,0,0,1,0
66.72,12,2,grocery,0.045,0.103,34.8,0.89,3206,0,0,1,0
36.86,12,4,grocery,0.032,0.019,9.5,0.83,2514,0,0,1,0
28.71,8,2,grocery,0.01,0.069,17.0,1.34,2696,0,0,1,0
108.25,20,1,entertainment,0.087,0.164,0.2,0.95,1643,0,0,1,0
31.06,12,1,grocery,0.45,0.323,10.0,0.9,363,0,0,0,0
20.8,5,2,travel,0.051,0.196,16.5,0.66,357,0,0,1,0
47.18,11,1,dining,0.084,0.369,19.6,1.28,1355,0,0,0,0
49.72,12,2,entertainment,0.142,0.407,50.3,1.06,1516,0,0,0,0
23.57,6,6,gas_transport,0.061,0.143,21.6,1.11,1068,0,0,0,0
84.68,6,2,grocery,0.013,0.178,15.5,1.07,621,0,0,1,0
47.91,7,1,clothing,0.45,0.309,1.3,0.74,1170,0,0,1,0
37.93,15,2,grocery,0.081,0.207,3.4,1.22,2363,0,0,1,0
11.05,8,1,dining,0.128,0.084,0.4,1.53,3592,0,0,1,0
45.44,14,2,gas_transport,0.154,0.147,21.8,0.31,2219,0,0,1,0
30.35,20,2,dining,0.103,0.043,16.3,1.46,2483,0,0,0,0
77.73,10,1,entertainment,0.067,0.16,11.3,1.65,2773,0,0,0,0
40.53,11,1,dining,0.087,0.276,120.0,1.33,2011,0,0,0,0
49.3,13,1,clothing,0.168,0.263,7.4,1.41,673,0,0,1,0
44.55,11,2,dining,0.45,0.023,4.8,1.0,771,0,0,1,0
34.64,11,3,entertainment,0.057,0.031,14.9,1.57,1797,1,0,1,0
16.4,10,5,entertainment,0.065,0.143,23.2,0.92,3036,0,0,0,0
71.87,9,4,gas_transport,0.212,0.133,2.0,0.81,3189,0,0,1,0
25.07,10,2,dining,0.07,0.071,24.6,1.08,2223,0,0,0,0
29.54,18,5,dining,0.21,0.061,20.5,0.9,2980,0,0,0,0
20.6,9,3,utilities,0.119,0.104,0.1,0.87,3048,0,0,0,0
55.25,16,2,entertainment,0.085,0.025,2.2,1.07,2279,0,0,1,0
28.86,13,2,dining,0.081,0.324,1.6,0.68,2345,0,0,1,0
22.08,9,1,dining,0.023,0.336,21.5,1.05,624,0,0,0,0
5.0,22,1,electronics,0.013,0.044,1.5,0.6,1525,0,0,0,0
429.28,13,5,electronics,0.689,0.696,994.4,6.96,6,2,0,1,1
53.07,10,2,grocery,0.031,0.04,16.3,1.48,3218,0,0,0,0
53.89,12,2,grocery,0.189,0.179,20.1,1.23,1831,0,0,1,0
225.75,18,2,grocery,0.193,0.257,4.0,0.82,1701,1,0,1,0
66.68,6,1,grocery,0.04,0.295,21.2,0.93,2678,0,0,0,0
38.98,20,2,gas_transport,0.112,0.026,5.3,1.24,3394,0,0,0,0
12.45,1,2,electronics,0.093,0.095,0.3,1.05,2560,0,0,1,0
75.33,12,1,grocery,0.158,0.175,12.3,0.6,1784,0,0,1,0
102.22,18,4,dining,0.113,0.219,6.1,1.45,3575,0,0,1,0
159.54,18,2,grocery,0.135,0.303,10.5,1.32,1884,0,0,1,0
78.71,6,2,electronics,0.053,0.168,5.3,0.81,1939,0,0,0,0
39.31,16,1,travel,0.049,0.041,9.8,1.1,3553,1,0,1,0
22.99,11,1,gas_transport,0.085,0.5,2.5,1.1,1580,0,0,0,0
96.37,12,8,clothing,0.139,0.198,0.6,1.2,199,0,0,0,0
76.98,15,2,electronics,0.072,0.178,17.4,1.06,1219,0,0,1,0
67.16,19,1,retail,0.074,0.26,22.3,0.94,1484,0,0,0,0
6.6,9,1,utilities,0.115,0.223,0.8,0.87,1653,1,0,0,0
63.23,13,1,gas_transport,0.063,0.136,17.9,0.69,3116,0,0,1,0
16.93,12,1,dining,0.129,0.299,4.4,1.04,3228,1,0,0,0
27.65,12,1,retail,0.072,0.063,0.1,1.29,752,0,0,1,0
48.5,8,1,electronics,0.056,0.26,0.6,1.46,3109,0,0,0,0
18.25,12,1,health_beauty,0.058,0.255,5.2,0.99,809,0,0,0,0
81.91,11,2,travel,0.024,0.375,20.4,1.17,743,0,0,1,0
62.54,8,1,entertainment,0.063,0.162,11.0,0.77,558,0,0,1,0
53.09,17,2,entertainment,0.156,0.086,8.9,0.97,2607,0,0,1,0
43.61,9,2,gas_transport,0.132,0.235,8.1,1.32,3536,0,0,1,0
35.19,14,2,dining,0.45,0.023,7.7,0.91,878,0,0,0,0
45.13,17,2,dining,0.077,0.07,0.6,0.93,1761,0,1,0,0
35.52,19,2,grocery,0.072,0.034,1.2,0.83,420,0,0,0,0
39.38,21,2,utilities,0.069,0.312,10.7,1.6,3460,0,0,1,0
40.58,11,6,clothing,0.061,0.275,23.3,1.17,2694,0,0,0,0
587.19,22,7,electronics,0.683,0.856,1299.1,5.54,21,1,0,1,1
58.28,20,3,grocery,0.093,0.061,4.1,0.86,1507,0,0,1,0
140.8,13,2,travel,0.131,0.135,9.5,0.95,245,0,0,1,0
64.4,2,1,grocery,0.039,0.114,17.9,0.66,2973,0,0,1,0
41.33,15,2,retail,0.037,0.06,29.8,0.89,1963,0,0,1,0
148.18,13,1,gas_transport,0.012,0.298,0.1,0.76,2517,0,0,1,0
34.42,8,3,health_beauty,0.109,0.022,13.3,1.03,2908,0,0,1,0
45.62,14,2,electronics,0.373,0.095,18.9,1.17,3266,0,0,1,0
1208.55,1,8,travel,0.75,0.858,605.8,4.98,71,3,0,0,1
39.04,11,1,entertainment,0.158,0.32,16.6,0.98,2112,0,0,1,0
23.52,9,3,dining,0.069,0.089,7.1,0.79,2452,0,0,0,0
74.86,21,1,grocery,0.174,0.257,10.5,1.01,3146,0,0,1,0
19.86,12,1,dining,0.047,0.223,18.7,0.76,1069,0,0,0,0
120.0,22,5,electronics,0.919,0.898,484.3,4.54,381,1,0,1,1
84.15,12,3,dining,0.022,0.198,5.4,1.29,1906,0,0,0,0
105.34,13,3,clothing,0.095,0.202,3.1,0.64,1995,0,0,1,0
32.14,12,2,health_beauty,0.353,0.316,20.3,0.98,513,0,0,1,0
148.11,7,2,gas_transport,0.061,0.115,3.3,0.84,1696,2,0,0,0
68.17,9,5,electronics,0.105,0.146,5.7,0.79,1113,0,0,1,0
17.2,16,2,gas_transport,0.06,0.253,28.7,1.37,1021,0,0,0,0
43.69,8,1,travel,0.089,0.257,19.4,1.14,3271,1,0,1,0
431.64,3,4,clothing,0.761,0.655,1453.1,7.43,134,1,1,0,1
74.23,17,4,grocery,0.367,0.134,1.0,0.69,834,0,0,1,0
49.49,15,1,utilities,0.197,0.083,0.5,0.83,3185,0,0,1,0
30.38,7,1,grocery,0.096,0.057,7.2,0.57,1044,0,0,1,0
54.08,18,1,dining,0.131,0.105,18.2,1.3,1091,1,0,1,0
208.26,23,1,dining,0.136,0.327,1.2,0.8,1342,1,0,0,0
64.19,6,2,grocery,0.357,0.065,25.6,0.9,2245,0,0,1,0
34.41,9,1,dining,0.025,0.083,16.7,0.93,1482,0,0,1,0
152.65,3,6,travel,0.86,0.672,200.3,11.31,23,2,0,1,1
42.13,17,5,entertainment,0.352,0.076,15.4,1.09,1733,0,0,0,0
59.21,14,1,gas_transport,0.45,0.063,5.9,1.01,326,0,0,0,0
42.87,9,2,grocery,0.13,0.216,35.3,0.93,1798,0,0,0,0
1224.04,4,11,electronics,0.919,0.704,134.0,7.16,89,1,0,1,1
30.46,14,5,dining,0.03,0.5,9.0,1.28,2185,0,1,0,0
63.41,18,3,grocery,0.026,0.319,3.7,0.94,1808,2,0,0,0
54.07,6,4,dining,0.318,0.214,13.7,1.54,1899,0,0,1,0
112.03,4,1,gas_transport,0.053,0.125,18.3,0.7,3549,0,0,1,0
352.21,17,2,grocery,0.073,0.289,2.4,0.63,449,0,0,1,0
133.05,19,2,gas_transport,0.222,0.482,24.5,0.64,267,0,0,1,0
88.3,18,1,dining,0.154,0.119,3.4,0.65,2263,0,0,1,0
610.66,1,7,electronics,0.803,0.707,161.7,8.14,439,2,1,1,1
36.69,12,1,health_beauty,0.066,0.29,1.8,1.0,2028,0,0,1,0
43.65,16,1,dining,0.012,0.301,2.5,0.65,2057,0,0,0,0
86.16,14,2,gas_transport,0.01,0.36,55.6,0.95,2246,0,1,1,0
21.29,7,2,electronics,0.45,0.357,27.8,0.74,3381,0,1,0,0
164.87,21,8,electronics,0.854,0.369,154.3,4.25,273,1,1,1,1
17.15,7,4,entertainment,0.029,0.297,13.0,0.53,575,0,0,0,0
17.83,16,1,grocery,0.065,0.01,5.3,0.68,750,0,0,1,0
124.59,8,1,gas_transport,0.142,0.01,31.2,0.87,1170,0,0,0,0
20.16,16,1,gas_transport,0.155,0.126,14.2,0.65,448,0,0,0,0
188.75,15,3,travel,0.358,0.352,1.1,1.79,2541,0,0,0,0
43.91,16,1,health_beauty,0.181,0.059,13.1,1.39,2213,0,0,1,0
12.8,8,2,utilities,0.032,0.053,10.1,0.95,848,0,0,1,0
27.2,9,1,entertainment,0.234,0.185,2.5,0.26,2460,1,0,0,0
41.31,0,3,dining,0.246,0.094,11.9,1.0,1407,0,0,0,0
35.11,9,2,entertainment,0.105,0.072,0.1,1.51,1935,0,0,1,0
84.45,19,4,grocery,0.362,0.266,11.2,1.06,3403,0,0,0,0
61.17,6,4,grocery,0.391,0.241,28.4,1.09,229,0,0,0,0
6.11,8,3,grocery,0.012,0.041,11.2,0.6,2059,0,0,1,0
380.25,0,6,retail,0.885,0.951,1371.8,6.23,71,2,0,1,1
190.83,14,1,gas_transport,0.21,0.261,28.6,1.19,2590,0,0,0,0
101.0,10,1,entertainment,0.185,0.071,7.0,1.41,234,0,0,1,0
22.52,12,3,grocery,0.172,0.33,4.0,1.04,1542,0,0,1,0
122.83,23,1,gas_transport,0.095,0.066,3.5,1.08,3523,0,0,0,0
30.64,18,2,retail,0.2,0.131,3.0,0.51,2820,0,0,0,0
63.23,11,1,grocery,0.113,0.319,7.6,1.53,2441,0,0,0,0
27.72,12,1,gas_transport,0.207,0.422,15.4,1.36,1472,0,0,1,0
89.78,12,4,electronics,0.125,0.044,14.7,0.83,2225,0,0,0,0
26.23,12,1,electronics,0.088,0.169,12.2,1.17,2225,0,0,1,0
26.29,8,2,health_beauty,0.056,0.051,13.9,1.41,3309,0,0,0,0
594.07,1,5,electronics,0.799,0.659,856.6,8.27,52,4,1,1,1
6.67,10,2,electronics,0.361,0.28,1.6,0.45,2867,1,0,1,0
176.53,2,7,travel,0.698,0.867,1270.2,1.8,58,1,1,1,1
26.14,15,2,grocery,0.175,0.161,15.6,0.2,1023,0,0,1,0
56.34,11,2,grocery,0.077,0.111,25.7,0.92,2624,0,0,1,0
72.57,13,5,health_beauty,0.019,0.06,5.7,0.81,2479,0,0,1,0
19.37,11,5,grocery,0.065,0.218,1.7,0.84,2447,0,0,0,0
127.51,11,1,gas_transport,0.197,0.01,38.4,1.35,996,1,0,0,0
9.93,5,1,travel,0.327,0.221,28.2,1.05,3200,0,0,1,0
62.22,13,1,clothing,0.357,0.126,1.1,0.71,2484,0,0,1,0
17.55,11,1,travel,0.186,0.01,11.9,0.67,1588,0,0,1,0
15.18,11,1,clothing,0.074,0.071,6.2,0.81,1063,0,0,1,0
88.31,16,2,dining,0.082,0.221,13.1,0.68,3083,0,0,0,0
99.34,9,3,entertainment,0.224,0.057,66.6,1.09,233,0,0,0,0
67.8,10,2,health_beauty,0.057,0.202,4.4,0.49,803,0,0,1,0
49.45,7,1,dining,0.062,0.125,7.6,1.05,2574,0,0,1,0
85.36,13,3,grocery,0.256,0.139,4.5,0.37,1809,0,0,0,0
37.07,5,1,grocery,0.124,0.075,10.7,0.93,3534,0,0,0,0
11.46,16,3,gas_transport,0.239,0.5,9.5,0.78,745,0,0,1,0
68.86,10,1,clothing,0.01,0.351,4.2,1.16,1619,0,0,0,0
41.9,6,1,grocery,0.09,0.476,17.4,0.58,1610,0,0,0,0
24.29,10,5,travel,0.037,0.271,12.4,0.97,2909,0,0,1,0
11.11,18,1,retail,0.017,0.099,26.5,0.84,194,0,0,0,0
120.3,16,1,dining,0.128,0.164,10.4,0.65,1423,0,0,1,0
35.5,9,1,health_beauty,0.061,0.097,50.5,0.62,2914,0,0,0,0
116.44,21,1,dining,0.01,0.169,10.9,1.04,3527,0,0,1,0
19.97,9,3,grocery,0.372,0.47,18.3,1.29,1234,2,0,1,0
10.68,17,3,clothing,0.098,0.12,4.3,0.66,2479,0,0,0,0
40.54,15,2,dining,0.357,0.147,11.3,0.66,220,0,0,0,0
33.25,10,1,electronics,0.112,0.089,13.4,0.95,3393,0,0,1,0
62.77,13,2,entertainment,0.059,0.097,28.0,1.24,2684,0,0,1,0
14.56,19,4,dining,0.064,0.146,4.3,0.68,3034,0,0,0,0
21.46,17,1,gas_transport,0.043,0.183,16.1,1.38,2351,0,0,0,0
44.58,10,2,grocery,0.177,0.25,6.3,0.75,934,0,0,1,0
56.02,14,4,health_beauty,0.064,0.099,14.2,0.37,3284,0,0,1,0
21.07,7,2,clothing,0.029,0.345,36.8,0.51,2890,0,0,1,0
20.85,9,3,gas_transport,0.036,0.112,4.7,1.05,2309,0,0,0,0
35.07,23,3,utilities,0.18,0.146,13.4,1.21,639,0,0,0,0
18.13,10,2,dining,0.27,0.035,0.4,0.84,3153,0,0,0,0
29.17,9,1,grocery,0.027,0.375,15.8,0.84,3444,0,0,1,0
1316.83,2,7,electronics,0.65,0.697,15.0,9.42,80,2,0,1,1
196.06,18,1,grocery,0.057,0.344,1.8,1.24,1550,0,0,1,0
59.96,8,1,entertainment,0.229,0.06,13.1,1.09,982,0,0,1,0
22.53,12,1,electronics,0.01,0.198,9.0,1.22,535,0,0,1,0
120.0,22,8,dining,0.906,0.582,665.3,6.45,53,0,1,1,1
100.25,11,2,electronics,0.218,0.223,0.2,1.05,1421,0,0,0,0
49.07,6,1,health_beauty,0.01,0.076,9.8,0.89,2788,0,0,1,0
24.36,10,3,grocery,0.06,0.125,8.2,1.07,965,0,0,1,0
80.94,14,1,entertainment,0.07,0.5,3.9,1.58,3404,0,0,1,0
32.53,15,2,retail,0.057,0.048,0.2,1.64,1130,0,0,0,0
88.52,6,2,dining,0.197,0.035,6.9,0.74,3159,0,0,1,0
4800.0,6,7,clothing,0.803,0.759,326.0,2.32,40,0,1,1,1
23.84,13,1,gas_transport,0.254,0.221,6.5,0.79,771,0,0,1,0
467.93,15,2,grocery,0.02,0.092,3.8,0.85,1287,0,1,1,0
752.38,15,3,entertainment,0.011,0.467,11.5,0.89,1662,0,0,0,0
45.33,19,5,dining,0.131,0.055,7.8,0.97,906,0,0,1,0
63.81,3,3,retail,0.38,0.3,18.5,0.71,2230,0,0,1,0
51.02,14,1,grocery,0.06,0.21,2.2,0.91,2500,0,0,1,0
98.84,19,5,grocery,0.046,0.091,1.4,0.64,3427,0,0,1,0
66.37,8,1,health_beauty,0.046,0.298,9.0,1.11,989,0,0,0,0
38.46,8,2,gas_transport,0.05,0.15,17.9,1.32,2660,0,0,1,0
50.04,15,1,entertainment,0.06,0.039,16.2,1.11,1715,0,0,1,0
138.52,6,2,gas_transport,0.07,0.255,6.6,1.38,2940,0,0,1,0
83.51,3,3,electronics,0.037,0.187,5.5,1.28,3342,0,0,1,0
46.36,19,1,health_beauty,0.01,0.042,1.4,0.9,1030,0,0,1,0
34.52,7,3,grocery,0.121,0.47,19.3,1.03,2234,0,1,0,0
18.12,14,1,grocery,0.173,0.19,6.7,1.22,1665,0,0,0,0
121.03,12,1,grocery,0.058,0.092,35.5,0.95,2530,0,0,0,0
39.27,9,2,utilities,0.037,0.189,33.9,1.45,2700,0,0,0,0
139.65,19,1,retail,0.276,0.034,5.5,1.18,1904,0,0,0,0
20.52,10,4,gas_transport,0.2,0.251,9.8,0.9,1344,0,0,0,0
142.46,15,2,utilities,0.22,0.015,26.9,1.19,1766,0,0,0,0
60.89,17,1,grocery,0.272,0.031,9.2,0.75,690,0,0,1,0
257.85,10,1,electronics,0.129,0.158,26.5,1.02,1452,0,0,0,0
48.02,7,1,gas_transport,0.05,0.5,42.1,1.17,2987,0,0,0,0
26.97,9,2,grocery,0.089,0.055,3.4,0.69,718,0,0,0,0
26.71,10,1,travel,0.073,0.347,2.5,1.17,2089,0,0,1,0
93.25,18,1,entertainment,0.01,0.027,5.6,1.1,913,0,0,1,0
109.87,18,1,clothing,0.099,0.372,3.5,1.04,3443,0,0,1,0
1180.89,1,5,retail,0.564,0.755,506.8,4.55,236,0,1,1,1
526.49,0,5,travel,0.632,0.35,109.8,1.8,396,4,0,1,1
40.46,1,1,clothing,0.154,0.185,11.6,0.81,3180,0,0,0,0
78.34,7,1,retail,0.029,0.136,2.1,1.12,2196,0,0,0,0
43.11,11,1,entertainment,0.07,0.196,5.8,0.8,2134,0,0,1,0
29.86,6,2,electronics,0.24,0.32,14.7,0.67,1243,0,0,0,0
225.05,4,8,electronics,0.544,0.603,137.1,4.33,103,3,1,1,1
42.72,20,1,clothing,0.296,0.076,8.0,1.04,2786,0,1,1,0
4800.0,0,10,travel,0.861,0.437,627.5,3.18,8,4,0,1,1
24.95,17,1,dining,0.088,0.202,1.0,1.79,503,0,0,0,0
567.36,1,7,clothing,0.519,0.845,191.1,6.3,58,1,1,1,1
35.45,15,3,dining,0.042,0.062,1.6,1.36,2244,0,0,1,0
164.48,15,1,grocery,0.037,0.168,29.3,0.82,3541,0,0,0,0
55.15,10,2,clothing,0.177,0.5,4.8,0.51,2734,0,0,0,0
323.48,4,8,travel,0.633,0.485,407.1,1.8,417,2,0,0,1
26.88,17,1,dining,0.249,0.491,15.3,1.03,2167,0,0,1,0
123.33,8,3,gas_transport,0.045,0.258,20.4,0.8,2482,1,0,1,0
10.71,18,1,clothing,0.108,0.146,3.0,0.95,2983,0,0,0,0
31.28,18,1,travel,0.083,0.11,3.0,0.83,1400,0,0,1,0
38.49,10,1,entertainment,0.043,0.112,32.7,0.97,2729,0,0,1,0
36.38,12,1,retail,0.15,0.2,3.9,0.78,2294,0,0,1,0
35.91,12,2,health_beauty,0.023,0.133,1.4,0.79,2474,0,0,1,0
20.61,15,4,grocery,0.274,0.164,8.3,1.03,922,0,0,1,0
80.71,18,2,dining,0.04,0.132,6.3,1.11,3111,0,0,1,0
177.86,8,2,dining,0.037,0.135,20.0,0.74,3544,0,0,0,0
15.74,12,1,dining,0.078,0.262,23.8,0.91,3083,0,0,0,0
77.64,14,2,retail,0.028,0.087,8.8,0.67,2465,0,0,0,0
16.76,22,2,grocery,0.062,0.063,1.0,0.39,1546,0,0,1,0
69.25,11,1,clothing,0.102,0.112,8.2,1.51,586,0,0,0,0
64.96,4,1,entertainment,0.306,0.193,5.6,1.12,288,0,0,1,0
81.66,9,4,grocery,0.45,0.212,4.1,0.81,390,0,0,0,0
132.87,14,2,health_beauty,0.366,0.182,28.1,1.23,2301,0,0,0,0
50.26,12,3,electronics,0.321,0.144,35.4,0.9,2520,0,0,0,0
208.74,16,1,grocery,0.09,0.051,10.3,0.65,1900,0,0,1,0
94.16,23,1,grocery,0.069,0.47,6.9,1.02,2001,0,0,1,0
15.93,15,3,grocery,0.088,0.131,15.0,1.12,897,0,1,1,0
81.27,19,2,entertainment,0.088,0.066,6.8,0.67,2864,0,0,1,0
59.13,17,5,grocery,0.079,0.19,4.3,0.63,1884,0,0,0,0
141.68,9,1,gas_transport,0.351,0.29,4.7,1.86,2560,0,1,1,0
285.85,18,2,clothing,0.088,0.297,11.4,0.8,696,0,0,1,0
180.03,20,3,health_beauty,0.043,0.411,9.7,0.93,1392,0,0,1,0
74.08,15,1,clothing,0.014,0.015,8.4,0.86,2259,0,1,1,0
27.56,10,1,grocery,0.049,0.139,3.1,1.47,1963,0,0,0,0
27.66,11,3,utilities,0.312,0.054,11.2,1.23,1875,0,0,1,0
53.59,7,2,dining,0.074,0.182,23.3,0.98,3342,0,0,0,0
23.36,11,2,health_beauty,0.2,0.1,15.0,0.9,305,0,0,0,0
57.36,16,1,electronics,0.01,0.093,4.5,1.08,2713,0,0,1,0
56.47,20,1,entertainment,0.01,0.298,20.1,0.62,2816,0,0,0,0
25.62,11,1,entertainment,0.01,0.5,20.7,1.36,1197,0,0,1,0
76.01,10,1,grocery,0.153,0.127,0.5,1.47,1806,0,0,1,0
7.37,12,1,health_beauty,0.028,0.15,14.9,0.89,2282,0,0,0,0
204.49,13,1,health_beauty,0.064,0.07,4.9,0.91,3415,0,0,1,0
115.48,14,2,entertainment,0.054,0.07,23.9,1.11,1941,0,0,0,0
41.2,10,1,entertainment,0.369,0.063,21.1,0.82,1864,0,0,0,0
522.55,21,5,clothing,0.638,0.826,427.8,5.5,486,1,0,1,1
20.32,19,2,entertainment,0.093,0.039,4.3,1.17,3243,0,0,0,0
30.94,9,2,clothing,0.103,0.248,3.4,0.78,1765,0,0,1,0
77.52,21,1,electronics,0.058,0.142,2.6,1.0,732,0,0,0,0
10.74,15,8,gas_transport,0.232,0.394,21.5,1.2,1696,0,0,0,0
26.99,9,1,clothing,0.132,0.248,22.1,0.88,2821,0,0,0,0
13.54,12,1,dining,0.01,0.147,8.7,1.3,443,0,0,1,0
46.83,12,2,grocery,0.22,0.073,5.5,0.4,1059,0,0,1,0
18.09,22,1,gas_transport,0.122,0.216,14.2,0.86,2921,0,0,0,0
26.58,16,1,electronics,0.379,0.212,16.6,1.0,3245,0,0,0,0
70.56,23,4,gas_transport,0.06,0.097,9.0,0.98,711,0,0,0,0
59.51,17,2,gas_transport,0.124,0.027,1.0,1.67,1406,0,0,1,0
127.43,15,4,grocery,0.199,0.105,2.1,1.27,3122,0,0,1,0
95.32,13,1,clothing,0.159,0.086,54.1,1.04,1625,0,0,1,0
21.81,6,2,grocery,0.015,0.02,26.2,0.69,1999,2,0,0,0
28.65,12,2,grocery,0.067,0.037,16.5,0.89,2541,0,0,1,0
306.83,23,8,electronics,0.67,0.729,1996.4,9.02,142,3,1,1,1
31.67,7,2,dining,0.235,0.235,3.2,0.94,3175,0,0,1,0
25.05,16,1,dining,0.049,0.01,3.2,1.1,2297,0,0,1,0
411.67,1,9,travel,0.8,0.78,587.6,4.29,209,2,1,0,1
43.25,21,3,grocery,0.01,0.052,6.7,0.79,3256,0,0,1,0
18.75,12,3,grocery,0.194,0.213,14.0,0.61,471,1,0,1,0
39.54,16,2,utilities,0.135,0.055,9.2,0.73,1333,0,0,1,0
57.93,12,1,travel,0.268,0.5,30.5,0.66,543,0,0,0,0
26.43,8,2,dining,0.062,0.5,0.1,0.96,916,0,0,0,0
39.06,16,3,grocery,0.029,0.107,21.9,1.44,1591,0,0,0,0
8.51,16,1,clothing,0.059,0.021,4.6,0.92,706,0,0,1,0
32.03,6,4,entertainment,0.061,0.193,2.5,1.01,2382,0,0,1,0
36.45,10,1,electronics,0.103,0.221,26.4,1.15,3096,0,0,1,0
22.14,12,2,grocery,0.197,0.01,9.4,0.72,3318,0,0,0,0
62.76,13,2,electronics,0.048,0.039,14.6,1.17,2787,0,0,0,0
24.69,13,2,grocery,0.054,0.103,38.4,0.54,1783,0,0,1,0
26.4,17,2,grocery,0.158,0.076,0.7,1.22,1156,0,1,1,0
96.96,11,4,travel,0.163,0.249,9.0,0.74,247,0,0,1,0
38.62,15,1,grocery,0.279,0.094,39.9,1.56,3126,0,0,0,0
31.03,9,1,entertainment,0.242,0.194,7.6,0.63,2391,0,0,1,0
33.85,12,1,dining,0.095,0.5,27.7,0.86,2582,0,0,1,0
69.02,18,2,dining,0.282,0.165,6.8,1.09,3082,0,0,0,0
31.82,19,1,gas_transport,0.124,0.062,5.7,1.07,2481,0,0,1,0
120.0,4,8,electronics,0.555,0.604,597.1,7.29,83,1,1,1,1
81.15,14,1,travel,0.01,0.068,10.1,1.37,2783,0,1,0,0
24.42,11,2,grocery,0.45,0.116,27.5,0.84,3503,0,0,0,0
21.49,13,1,gas_transport,0.102,0.027,3.6,1.09,274,0,0,1,0
38.29,7,2,grocery,0.024,0.098,4.4,1.5,2561,0,0,0,0
28.2,7,2,travel,0.137,0.139,7.3,0.53,1047,0,0,1,0
32.82,10,1,entertainment,0.337,0.234,6.5,0.34,1796,1,0,1,0
12.72,23,2,retail,0.01,0.185,7.1,0.5,374,0,0,1,0
39.44,13,6,retail,0.097,0.046,30.6,0.83,3146,0,0,0,0
29.46,16,1,travel,0.076,0.432,1.9,1.01,2773,0,0,1,0
22.04,11,1,utilities,0.17,0.056,13.5,1.39,1347,0,0,1,0
32.52,7,2,dining,0.305,0.036,2.1,1.39,1349,0,0,1,0
66.37,5,3,dining,0.154,0.062,0.7,1.2,698,1,0,0,0
31.85,15,3,gas_transport,0.028,0.349,10.2,1.3,2498,0,0,1,0
20.11,13,3,electronics,0.011,0.069,0.5,1.04,2726,0,0,1,0
56.28,14,1,grocery,0.029,0.44,11.2,0.96,434,0,0,1,0
93.06,8,1,health_beauty,0.19,0.23,0.2,0.81,1300,0,0,1,0
31.62,14,2,retail,0.046,0.024,6.6,1.07,1618,0,0,1,0
11.83,9,1,health_beauty,0.159,0.062,12.4,1.39,2192,0,0,1,0
44.73,16,1,grocery,0.059,0.229,6.3,0.84,1827,0,0,0,0
19.05,10,2,gas_transport,0.45,0.158,13.4,1.08,2699,0,0,1,0
156.07,14,3,travel,0.299,0.373,14.6,0.66,2275,0,0,1,0
14.5,17,2,grocery,0.01,0.161,0.4,1.02,2551,0,0,0,0
46.61,18,1,dining,0.072,0.219,13.2,0.76,1860,1,0,0,0
73.35,20,3,grocery,0.118,0.27,22.3,1.03,756,0,0,1,0
34.55,12,1,dining,0.086,0.488,28.4,0.76,3591,0,0,0,0
13.23,18,4,grocery,0.222,0.28,1.4,0.67,1448,0,0,0,0
28.34,12,2,gas_transport,0.01,0.254,0.3,1.02,1877,1,0,1,0
38.4,8,2,gas_transport,0.09,0.171,4.2,0.78,576,0,1,1,0
54.69,10,2,grocery,0.19,0.105,9.5,1.27,334,0,0,0,0
153.58,10,2,health_beauty,0.01,0.222,27.8,1.08,2017,0,0,1,0
29.93,18,1,retail,0.058,0.086,4.0,0.88,1667,0,0,0,0
115.04,12,2,clothing,0.093,0.091,4.8,0.9,819,0,0,0,0
16.84,6,1,dining,0.091,0.113,28.3,0.85,248,0,0,0,0
67.73,16,4,health_beauty,0.399,0.089,0.2,0.85,950,0,0,1,0
604.58,16,5,electronics,0.806,0.659,474.4,2.84,27,2,0,0,1
20.13,12,2,grocery,0.261,0.06,6.2,1.32,2812,1,0,0,0
35.54,9,1,gas_transport,0.371,0.334,6.2,1.67,666,0,0,0,0
78.46,16,7,clothing,0.024,0.172,15.2,0.93,3532,0,1,1,0
118.51,7,1,dining,0.121,0.122,9.6,1.35,2294,0,0,1,0
25.77,14,3,clothing,0.335,0.196,6.0,1.36,1318,0,0,0,0
32.34,16,3,travel,0.097,0.06,6.3,0.72,2120,0,0,0,0
13.71,9,1,retail,0.083,0.136,0.1,0.9,2435,1,0,1,0
79.19,14,2,gas_transport,0.346,0.16,6.8,0.92,2110,0,0,0,0
59.66,10,1,dining,0.133,0.114,6.5,0.97,1324,0,0,0,0
96.72,8,1,gas_transport,0.426,0.129,4.6,0.92,2600,0,0,0,0
24.72,10,1,utilities,0.149,0.484,16.6,1.24,818,0,0,1,0
21.09,11,1,grocery,0.078,0.295,7.7,0.98,1506,0,0,1,0
218.32,15,1,grocery,0.115,0.089,8.5,0.46,1196,0,0,0,0
825.34,12,7,electronics,0.76,0.689,1780.9,3.44,67,2,1,1,1
43.15,13,1,grocery,0.283,0.367,1.3,0.94,2544,0,0,0,0
158.2,8,2,dining,0.319,0.221,33.3,0.71,2454,0,1,1,0
26.55,6,2,utilities,0.142,0.312,6.6,1.4,3021,0,0,1,0
51.13,21,1,dining,0.189,0.051,1.0,1.38,2562,0,0,1,0
26.5,8,1,electronics,0.1,0.136,22.8,0.94,520,0,0,1,0
19.22,7,2,grocery,0.073,0.302,6.0,0.8,1892,0,0,0,0
28.96,15,1,clothing,0.208,0.186,20.5,0.73,3595,0,0,1,0
82.7,18,2,utilities,0.343,0.052,19.8,1.09,2729,0,0,1,0
9.07,12,3,grocery,0.218,0.184,2.1,1.23,2860,0,0,0,0
125.16,7,2,dining,0.01,0.5,2.7,0.9,2672,0,0,0,0
11.63,11,1,grocery,0.199,0.175,6.6,1.29,2691,1,0,1,0
193.65,15,3,gas_transport,0.01,0.401,0.6,1.1,417,0,0,1,0
48.88,9,1,gas_transport,0.342,0.194,4.2,0.98,3385,1,0,1,0
47.75,7,2,dining,0.043,0.169,0.2,0.84,3313,0,0,0,0
49.34,11,3,utilities,0.214,0.439,1.7,2.05,2027,0,0,1,0
49.63,7,4,clothing,0.093,0.064,0.8,0.71,399,0,0,1,0
18.17,18,1,dining,0.047,0.047,40.1,1.36,1317,0,0,1,0
45.04,21,1,electronics,0.175,0.421,29.7,1.2,567,0,0,1,0
51.38,14,2,dining,0.041,0.073,4.7,1.16,815,0,0,1,0
21.66,19,4,gas_transport,0.054,0.073,10.4,0.79,237,0,0,1,0
31.74,18,2,clothing,0.119,0.141,16.5,0.71,829,0,0,1,0
42.0,9,5,grocery,0.15,0.205,8.3,0.83,3262,0,0,0,0
116.32,4,1,grocery,0.096,0.017,2.8,0.69,2562,0,0,1,0
78.27,11,3,travel,0.357,0.097,16.9,0.5,1733,0,0,1,0
78.74,16,1,clothing,0.057,0.013,6.2,0.56,1280,0,0,0,0
9.09,15,4,dining,0.268,0.059,26.9,0.79,3592,0,0,1,0
99.11,13,1,gas_transport,0.371,0.161,4.0,1.3,1140,0,0,1,0
123.66,14,3,grocery,0.112,0.43,5.7,0.87,1717,0,0,0,0
61.81,12,2,gas_transport,0.109,0.116,3.0,0.72,1931,0,0,1,0
94.3,8,2,grocery,0.01,0.271,8.8,1.09,2490,0,0,0,0
20.13,18,5,entertainment,0.237,0.269,11.5,0.95,3123,0,0,0,0
29.2,14,1,gas_transport,0.118,0.077,25.5,1.02,3463,0,0,0,0
94.8,11,2,grocery,0.13,0.018,45.3,1.07,2595,0,0,0,0
46.21,10,1,travel,0.038,0.182,3.3,0.8,2801,0,0,0,0
1120.43,2,8,utilities,0.76,0.938,2530.6,7.92,26,3,1,1,1
134.66,21,1,clothing,0.182,0.19,17.3,1.8,3271,0,0,1,0
60.11,15,2,health_beauty,0.049,0.18,16.7,0.91,226,0,0,1,0
77.64,15,1,entertainment,0.166,0.091,19.2,0.83,3198,0,0,0,0
35.6,5,4,travel,0.164,0.154,3.2,0.82,1927,0,0,1,0
48.98,5,4,grocery,0.021,0.073,4.1,0.94,2540,0,0,1,0
137.13,2,7,clothing,0.865,0.651,194.0,6.35,128,2,0,1,1
66.11,13,4,dining,0.439,0.035,8.9,0.92,1814,0,0,1,0
34.39,12,1,grocery,0.025,0.048,33.1,1.02,2100,0,0,1,0
16.88,9,2,gas_transport,0.026,0.387,0.8,0.88,1845,0,0,0,0
15.93,10,1,grocery,0.147,0.112,5.1,1.18,571,0,0,1,0
27.03,7,1,dining,0.132,0.157,9.2,1.05,475,0,0,1,0
22.48,17,1,grocery,0.317,0.182,14.6,1.16,3304,0,0,1,0
190.7,20,2,dining,0.07,0.017,2.6,1.26,343,0,0,0,0
31.96,15,2,gas_transport,0.344,0.015,12.0,1.2,243,0,0,1,0
43.45,11,2,gas_transport,0.044,0.068,8.9,1.39,241,0,0,1,0
167.8,19,5,gas_transport,0.813,0.664,846.6,3.9,55,1,1,1,1
5.0,20,1,grocery,0.123,0.284,0.1,1.22,796,0,0,1,0
50.73,16,4,electronics,0.312,0.224,11.1,1.35,1827,0,1,0,0
40.01,13,1,grocery,0.294,0.23,7.5,1.11,2840,0,0,1,0
32.62,6,1,travel,0.194,0.165,4.1,1.38,888,0,0,0,0
72.55,9,3,electronics,0.152,0.156,8.2,1.07,1533,0,1,1,0
24.43,7,2,dining,0.11,0.415,2.4,0.98,2722,0,0,1,0
26.05,12,5,electronics,0.123,0.014,16.5,0.58,3271,0,0,1,0
47.53,7,1,grocery,0.058,0.358,9.8,1.72,1620,0,0,1,0
10.98,19,1,clothing,0.053,0.134,3.4,1.29,285,0,0,0,0
109.61,10,4,grocery,0.075,0.174,13.9,0.98,845,0,0,1,0
31.19,20,2,retail,0.126,0.203,6.9,0.89,1835,0,0,1,0
24.35,20,1,dining,0.176,0.113,21.9,1.04,3156,0,0,0,0
453.51,5,8,clothing,0.75,0.88,956.8,3.64,80,0,1,1,1
340.05,10,7,electronics,0.736,0.694,1573.0,10.68,23,0,1,1,1
73.25,12,1,health_beauty,0.123,0.083,44.6,1.29,2877,0,0,0,0
101.9,4,1,grocery,0.045,0.245,2.0,1.08,844,0,0,0,0
1979.89,3,5,electronics,0.817,0.586,663.4,6.41,241,4,1,1,1
40.05,7,2,entertainment,0.154,0.097,4.0,0.54,1791,0,0,1,0
405.12,14,1,retail,0.048,0.042,15.5,1.01,1793,0,1,0,0
170.13,2,9,dining,0.903,0.547,641.1,5.15,135,3,0,1,1
19.05,1,2,health_beauty,0.01,0.5,3.0,1.02,3157,0,0,0,0
34.15,16,1,dining,0.144,0.052,7.2,1.2,3473,0,0,1,0
185.88,7,1,travel,0.111,0.12,8.5,1.28,1885,0,1,0,0
26.58,18,1,gas_transport,0.306,0.236,24.4,1.15,1245,0,0,1,0
36.47,18,1,travel,0.118,0.022,16.5,0.94,3126,0,0,0,0
45.92,18,3,dining,0.091,0.045,17.8,0.74,1998,0,0,0,0
84.12,17,1,grocery,0.082,0.151,4.7,1.13,1661,0,0,0,0
56.61,1,2,dining,0.098,0.391,8.5,0.91,344,0,0,1,0
15.02,9,2,gas_transport,0.012,0.203,2.4,0.94,1109,0,0,0,0
23.63,9,1,dining,0.143,0.245,28.4,0.91,279,0,0,1,0
42.77,7,1,utilities,0.076,0.062,35.8,0.88,2864,0,0,1,0
18.94,1,2,health_beauty,0.434,0.458,9.4,1.12,881,0,0,1,0
52.37,11,1,dining,0.115,0.411,23.2,0.79,2740,0,0,1,0
77.58,16,1,electronics,0.253,0.02,4.9,0.59,1032,0,1,1,0
21.68,11,1,clothing,0.189,0.084,8.1,0.98,462,0,0,0,0
43.99,23,2,electronics,0.241,0.131,4.7,1.02,976,0,0,1,0
114.89,13,2,grocery,0.056,0.5,14.5,1.17,1289,0,0,0,0
31.31,19,1,gas_transport,0.268,0.065,1.5,1.28,657,0,0,0,0
64.5,9,1,travel,0.016,0.166,13.3,0.68,3408,0,0,1,0
69.0,14,2,grocery,0.049,0.094,6.6,0.94,2749,0,0,0,0
17.21,13,1,grocery,0.232,0.076,18.6,0.9,3386,0,0,1,0
43.53,1,1,retail,0.259,0.185,11.4,0.67,2248,0,0,0,0
36.23,12,2,grocery,0.269,0.412,9.0,1.46,1891,0,0,1,0
30.34,18,3,dining,0.121,0.036,8.2,0.9,2863,0,0,0,0
57.3,12,2,gas_transport,0.194,0.119,0.6,0.67,1248,0,0,1,0
61.46,12,2,grocery,0.146,0.344,5.0,1.75,1670,0,0,0,0
66.34,21,2,travel,0.146,0.12,16.1,1.22,880,0,0,0,0
108.1,0,1,retail,0.148,0.166,8.1,1.31,1585,0,0,0,0
126.38,13,1,health_beauty,0.309,0.043,5.6,0.86,1630,0,0,1,0
112.05,7,1,grocery,0.41,0.172,26.6,0.59,1893,0,0,1,0
16.09,16,1,dining,0.019,0.097,11.1,0.98,2159,1,0,1,0
116.28,20,2,dining,0.079,0.151,3.5,1.21,1613,0,0,1,0
65.6,10,3,utilities,0.331,0.243,5.1,0.91,2769,0,0,0,0
28.6,12,4,entertainment,0.101,0.269,3.9,1.01,3137,0,0,0,0
104.37,8,4,gas_transport,0.033,0.054,13.8,1.1,1784,0,0,1,0
199.31,17,1,gas_transport,0.155,0.053,13.2,1.0,2119,0,1,0,0
63.76,22,2,retail,0.235,0.025,5.7,1.12,1113,0,0,0,0
53.44,10,2,grocery,0.088,0.088,3.6,0.79,972,0,0,0,0
53.47,12,2,utilities,0.079,0.081,11.2,1.25,682,0,0,0,0
48.53,11,2,entertainment,0.028,0.399,19.7,1.49,1772,0,0,0,0
260.24,0,1,gas_transport,0.399,0.206,30.0,0.98,952,0,1,0,0
65.19,18,3,dining,0.119,0.097,10.5,1.1,2505,0,0,1,0
48.15,14,2,grocery,0.108,0.438,13.4,1.04,1344,0,0,0,0
33.36,8,1,electronics,0.104,0.038,9.9,1.48,2010,0,0,1,0
26.46,11,4,dining,0.06,0.093,8.4,0.88,1045,0,0,0,0
38.64,10,1,entertainment,0.047,0.225,9.0,0.9,3367,0,0,0,0
28.18,16,1,grocery,0.112,0.37,3.2,0.71,2245,0,1,0,0
34.83,5,2,clothing,0.083,0.122,23.0,0.9,1157,0,0,1,0
35.26,16,1,gas_transport,0.017,0.292,22.8,0.88,3366,0,0,1,0
41.06,16,1,retail,0.019,0.152,36.9,1.2,2037,1,0,0,0
752.88,5,8,travel,0.567,0.942,425.8,5.85,62,1,1,1,1
28.94,13,3,dining,0.06,0.115,0.1,0.78,345,0,0,0,0
52.47,22,6,dining,0.071,0.187,14.3,0.53,1098,0,0,1,0
37.72,6,1,dining,0.01,0.182,3.2,0.91,1570,1,0,1,0
22.53,1,2,retail,0.104,0.129,3.9,1.06,1935,0,0,1,0
48.71,19,1,grocery,0.055,0.181,9.4,0.64,1190,0,0,0,0
148.89,11,2,entertainment,0.173,0.017,32.8,1.61,2519,0,0,1,0
14.59,9,4,gas_transport,0.22,0.5,8.0,1.39,390,0,1,1,0
41.88,17,3,retail,0.078,0.211,9.6,1.01,1734,0,0,0,0
34.84,6,1,clothing,0.252,0.142,9.4,1.46,1044,0,0,0,0
15.29,11,1,clothing,0.01,0.01,16.1,1.24,1433,0,0,1,0
93.5,11,1,clothing,0.16,0.25,5.4,0.62,475,0,0,1,0
54.52,0,2,utilities,0.125,0.095,33.9,0.91,2138,0,0,0,0
82.05,20,1,gas_transport,0.087,0.098,21.5,1.17,1333,0,1,0,0
45.35,19,1,grocery,0.064,0.485,1.3,1.19,190,0,0,1,0
104.48,12,2,dining,0.16,0.273,27.4,1.07,3531,0,0,0,0
1345.62,5,7,entertainment,0.933,0.883,1317.4,5.37,119,2,1,0,1
84.53,21,1,grocery,0.067,0.304,5.1,1.36,2476,2,0,1,0
101.39,14,2,clothing,0.125,0.117,21.1,0.98,1987,0,0,0,0
92.85,12,2,gas_transport,0.081,0.338,26.7,0.94,2041,0,0,1,0
30.23,15,1,gas_transport,0.057,0.078,43.2,1.06,1226,0,0,1,0
49.32,13,2,grocery,0.073,0.208,1.2,0.68,207,0,0,1,0
8.61,14,5,dining,0.036,0.157,6.0,0.6,3399,0,0,1,0
47.32,5,1,grocery,0.014,0.053,38.2,0.75,205,0,0,1,0
2237.62,4,7,entertainment,0.572,0.812,49.0,4.29,48,3,1,1,1
22.66,15,4,dining,0.14,0.344,11.8,1.11,1897,0,0,1,0
11.09,8,2,utilities,0.29,0.205,48.8,0.76,3580,0,1,0,0
35.74,8,2,entertainment,0.118,0.172,7.8,0.26,1112,0,0,0,0
170.38,3,2,dining,0.064,0.104,25.0,0.43,2399,0,0,0,0
106.31,18,1,gas_transport,0.031,0.215,15.3,0.87,1013,0,0,0,0
67.42,12,2,grocery,0.073,0.157,8.8,0.82,1545,0,0,0,0
120.0,2,4,gas_transport,0.748,0.813,106.6,2.24,432,2,0,1,1
443.62,2,9,gas_transport,0.785,0.581,418.0,4.99,299,0,0,1,1
20.54,18,1,entertainment,0.066,0.065,10.2,1.07,2529,0,0,0,0
550.48,2,6,clothing,0.973,0.669,717.6,5.55,85,0,1,1,1
9.03,5,1,clothing,0.02,0.425,62.1,1.16,1438,0,0,0,0
81.79,9,1,dining,0.45,0.051,11.6,1.08,545,0,0,1,0
78.29,9,2,gas_transport,0.294,0.107,2.3,1.25,602,0,0,1,0
114.08,10,3,entertainment,0.036,0.132,20.0,1.28,3460,0,0,1,0
91.8,19,2,grocery,0.183,0.031,5.7,1.31,3388,0,0,1,0
66.23,16,1,gas_transport,0.09,0.247,0.2,0.85,2410,0,0,0,0
32.7,10,4,gas_transport,0.029,0.179,1.9,1.27,3223,0,0,1,0
29.53,21,2,grocery,0.202,0.01,7.5,1.2,3017,0,0,1,0
17.2,18,2,utilities,0.107,0.135,1.4,0.73,1161,0,0,0,0
287.08,10,1,grocery,0.044,0.082,3.9,0.87,2685,0,0,0,0
37.24,13,1,grocery,0.132,0.051,6.9,0.8,2522,0,0,1,0
394.7,23,9,travel,0.928,0.666,15.0,7.25,53,3,0,1,1
166.36,6,3,health_beauty,0.255,0.476,1.1,1.24,3456,0,0,1,0
65.29,14,4,entertainment,0.111,0.117,42.1,0.96,1155,0,0,1,0
32.17,15,2,grocery,0.123,0.125,23.9,0.68,2438,0,0,1,0
45.22,16,2,clothing,0.056,0.245,3.4,0.79,1600,0,0,1,0
156.4,8,2,electronics,0.231,0.132,1.9,1.04,3124,0,0,0,0
33.44,18,2,dining,0.012,0.246,24.5,0.93,2256,0,0,1,0
7.99,13,1,electronics,0.075,0.059,6.3,1.3,1315,0,0,0,0
311.36,17,3,retail,0.05,0.084,9.9,0.59,373,0,0,1,0
10.86,7,5,electronics,0.19,0.079,10.8,1.35,2142,0,0,0,0
35.31,10,1,dining,0.014,0.255,4.1,1.31,2842,0,0,0,0
26.56,1,1,grocery,0.107,0.067,1.2,1.23,768,0,0,0,0
32.32,5,1,gas_transport,0.056,0.083,3.6,1.06,1920,0,0,1,0
53.89,8,1,gas_transport,0.1,0.059,1.9,1.33,3124,1,0,1,0
71.03,9,5,grocery,0.042,0.088,36.1,0.94,1515,0,0,0,0
52.56,7,1,dining,0.084,0.323,8.1,0.83,2528,0,0,1,0
45.94,17,2,gas_transport,0.169,0.181,6.8,1.05,1531,0,1,1,0
12.33,10,2,dining,0.324,0.122,10.8,0.99,3019,0,0,1,0
227.79,22,1,grocery,0.057,0.16,13.3,1.28,221,0,0,1,0
180.48,6,1,clothing,0.31,0.317,20.8,0.83,3044,0,0,0,0
37.47,12,2,electronics,0.053,0.037,6.5,0.43,1524,0,0,1,0
37.33,13,1,gas_transport,0.087,0.165,5.2,1.02,1148,0,0,1,0
624.72,3,14,electronics,0.761,0.35,148.9,6.98,11,2,0,1,1
102.16,12,1,grocery,0.235,0.187,0.1,0.97,1363,0,0,1,0
46.13,16,2,dining,0.08,0.316,16.6,1.15,2981,0,0,0,0
514.57,1,9,retail,0.767,0.412,447.1,4.6,151,3,0,1,1
65.59,8,1,dining,0.134,0.18,1.2,1.1,3114,1,0,1,0
22.32,18,1,entertainment,0.014,0.218,5.5,0.7,1014,1,0,0,0
18.23,17,6,entertainment,0.25,0.062,10.5,1.14,3262,0,0,0,0
71.41,8,2,health_beauty,0.123,0.125,0.9,1.45,3486,0,0,1,0
17.16,10,4,gas_transport,0.365,0.197,6.7,1.36,478,0,0,0,0
128.81,18,1,grocery,0.031,0.493,8.0,0.72,1374,0,0,1,0
120.0,6,13,health_beauty,0.859,0.613,1636.3,6.63,15,2,0,1,1
24.23,16,3,grocery,0.09,0.34,33.6,1.18,534,0,0,0,0
292.73,10,2,grocery,0.074,0.244,5.1,1.1,1945,0,0,0,0
49.24,9,3,grocery,0.098,0.178,27.8,0.91,207,0,0,0,0
34.81,19,3,dining,0.088,0.041,38.8,0.97,625,0,0,0,0
42.46,16,4,clothing,0.048,0.014,13.4,0.4,1885,0,0,1,0
22.11,8,1,clothing,0.197,0.161,16.2,1.1,2043,1,0,0,0
30.37,10,1,grocery,0.068,0.127,22.9,1.03,306,0,0,1,0
152.04,10,1,clothing,0.122,0.135,57.1,1.31,1295,0,0,1,0
36.66,9,4,electronics,0.174,0.268,7.4,1.03,1454,0,0,0,0
8.15,20,1,utilities,0.093,0.187,2.8,1.27,2964,0,0,0,0
187.85,7,2,dining,0.027,0.065,5.8,0.74,3591,0,0,1,0
81.44,11,2,grocery,0.219,0.119,3.6,0.43,3382,0,0,0,0
47.07,9,1,travel,0.17,0.165,18.7,0.94,1999,0,0,0,0
66.4,14,3,dining,0.049,0.136,7.6,1.37,2393,0,0,0,0
19.16,15,1,grocery,0.135,0.087,14.0,1.04,1123,0,0,1,0
14.09,14,2,gas_transport,0.097,0.042,19.2,1.65,978,0,0,1,0
34.61,11,1,grocery,0.024,0.215,14.4,1.13,1328,0,0,0,0
52.53,16,1,clothing,0.088,0.435,0.4,1.97,2698,1,1,1,0
310.66,17,7,entertainment,0.915,0.403,487.8,11.15,214,1,1,1,1
64.46,20,2,electronics,0.049,0.205,2.2,1.11,2070,0,0,1,0
144.48,16,1,electronics,0.326,0.01,6.8,1.27,3239,0,1,1,0
1158.51,4,5,electronics,0.896,0.717,580.8,4.89,212,3,1,1,1
15.61,12,5,clothing,0.324,0.151,16.3,0.9,1054,0,0,1,0
61.0,7,2,dining,0.126,0.192,4.9,1.09,3372,0,0,0,0
170.02,7,1,entertainment,0.063,0.045,13.8,0.94,1799,0,0,1,0
41.87,9,1,grocery,0.112,0.059,19.0,0.99,2196,0,0,1,0
32.94,11,2,clothing,0.21,0.11,13.8,0.91,362,0,0,1,0
43.73,7,1,grocery,0.212,0.171,11.3,0.89,1427,0,0,0,0
132.24,16,1,utilities,0.397,0.161,6.0,0.83,3008,0,0,0,0
35.11,18,1,dining,0.171,0.119,4.2,1.28,2405,0,0,1,0
1079.8,21,9,clothing,0.705,0.493,3120.9,5.9,357,2,1,1,1
19.43,10,1,gas_transport,0.161,0.298,23.2,1.15,2981,0,1,1,0
67.85,14,1,grocery,0.144,0.156,26.7,1.54,2629,0,0,1,0
72.69,11,1,entertainment,0.01,0.036,36.1,1.05,2030,0,0,0,0
15.38,17,3,grocery,0.038,0.091,6.4,0.93,2215,0,0,0,0
1736.75,0,6,travel,0.769,0.915,695.6,3.67,296,1,1,1,1
21.44,7,2,grocery,0.172,0.142,2.9,1.03,1366,0,0,1,0
168.85,20,2,utilities,0.352,0.404,7.6,1.52,798,0,0,1,0
126.26,6,4,dining,0.03,0.163,17.9,0.94,616,0,0,0,0
34.89,13,1,dining,0.01,0.043,35.7,0.92,3283,0,0,0,0
36.01,9,2,grocery,0.067,0.144,4.1,0.59,1010,0,0,0,0
46.71,2,2,gas_transport,0.171,0.26,3.2,0.73,2192,0,0,1,0
141.88,8,2,grocery,0.25,0.132,9.9,0.89,3334,0,0,0,0
31.35,8,2,clothing,0.107,0.113,30.8,1.01,1789,0,0,0,0
22.04,20,1,retail,0.069,0.355,14.2,0.97,3244,0,0,0,0
7.83,22,1,grocery,0.132,0.139,6.7,0.98,1671,0,0,0,0
21.64,11,2,retail,0.102,0.093,6.2,1.15,310,0,0,1,0
35.5,17,1,gas_transport,0.043,0.091,3.5,0.61,2509,0,0,1,0
77.1,23,2,entertainment,0.276,0.498,11.8,1.18,2043,0,0,1,0
18.27,23,1,dining,0.45,0.172,11.2,1.25,2384,0,0,0,0
24.11,14,1,grocery,0.185,0.14,1.2,1.27,1286,0,0,1,0
470.8,12,6,clothing,0.254,0.066,1.2,0.49,3070,0,0,1,0
72.78,8,2,retail,0.202,0.033,0.9,1.43,1100,0,0,1,0
45.4,16,1,gas_transport,0.059,0.168,6.8,1.41,3215,0,0,1,0
6.64,4,3,utilities,0.127,0.032,38.7,1.19,1742,0,0,0,0
5.26,21,1,grocery,0.076,0.491,9.6,1.31,1164,0,0,1,0
75.86,18,1,utilities,0.091,0.029,20.3,1.14,2261,0,0,0,0
106.24,10,1,clothing,0.169,0.311,4.8,1.22,3156,0,0,0,0
8.5,11,2,electronics,0.059,0.34,7.3,1.17,1808,0,0,1,0
231.22,9,4,dining,0.059,0.022,7.5,1.22,2372,0,0,1,0
33.11,15,5,dining,0.094,0.257,2.2,0.63,3049,0,0,0,0
112.06,18,2,clothing,0.04,0.456,41.9,1.01,2293,0,0,0,0
26.79,9,1,grocery,0.046,0.092,18.8,1.23,761,0,0,0,0
70.18,14,2,gas_transport,0.024,0.131,11.2,1.39,1469,0,0,0,0
45.95,11,3,grocery,0.01,0.303,3.8,0.78,3139,1,0,0,0
34.08,17,1,utilities,0.16,0.248,9.6,0.93,1111,0,0,1,0
32.87,18,1,electronics,0.085,0.183,11.1,1.03,1294,0,0,0,0
115.46,12,2,dining,0.153,0.086,19.2,0.54,1995,0,0,1,0
12.67,11,2,travel,0.085,0.037,9.4,0.8,1163,0,0,1,0
41.87,10,1,grocery,0.22,0.261,5.7,0.99,2766,0,0,0,0
20.78,7,2,grocery,0.058,0.031,12.8,1.44,1084,0,0,1,0
89.94,16,4,grocery,0.45,0.113,3.7,1.24,2493,0,0,0,0
67.09,11,1,health_beauty,0.135,0.1,5.6,0.57,3423,0,0,1,0
17.14,10,1,entertainment,0.01,0.03,0.1,0.92,1720,1,0,1,0
60.98,1,1,electronics,0.084,0.38,6.3,1.27,2923,1,0,1,0
4800.0,2,11,electronics,0.707,0.779,1737.2,12.38,124,1,1,1,1
18.8,15,1,grocery,0.052,0.095,7.7,0.79,845,1,0,1,0
24.73,5,4,dining,0.229,0.03,9.3,1.29,3355,0,1,1,0
17.07,11,1,dining,0.181,0.061,2.4,0.7,250,0,0,0,0
50.41,10,1,clothing,0.061,0.071,10.2,1.3,1967,0,0,0,0
88.33,19,1,grocery,0.166,0.102,20.0,1.03,708,0,0,1,0
34.29,13,5,dining,0.082,0.368,0.3,0.89,3476,0,0,1,0
57.16,6,1,clothing,0.272,0.219,0.7,1.01,1862,0,0,1,0
39.31,16,1,clothing,0.066,0.01,0.8,1.31,1293,0,0,0,0
29.28,14,4,utilities,0.164,0.207,12.5,1.19,3524,0,0,1,0
1336.35,3,6,electronics,0.823,0.802,228.6,5.63,94,0,1,0,1
30.71,15,1,grocery,0.145,0.36,22.5,1.17,1181,0,0,0,0
661.98,19,13,electronics,0.56,0.88,742.7,9.9,11,3,1,1,1
8.57,9,1,dining,0.022,0.213,25.9,0.2,686,0,0,1,0
2329.43,4,8,electronics,0.715,0.778,991.3,2.73,110,4,0,1,1
27.9,8,2,gas_transport,0.044,0.239,7.3,1.15,1663,0,0,0,0
39.38,12,2,dining,0.019,0.078,1.7,0.83,2287,0,0,1,0
196.08,1,6,retail,0.555,0.72,497.5,7.44,55,1,1,1,1
1487.49,5,9,clothing,0.925,0.463,622.5,9.45,15,1,1,1,1
35.19,11,4,grocery,0.189,0.16,7.5,0.62,3025,0,0,0,0
33.71,16,1,dining,0.212,0.154,0.7,1.02,1018,0,0,1,0
79.53,8,4,dining,0.102,0.244,8.0,0.87,1936,0,0,1,0
9.99,9,3,dining,0.05,0.265,3.3,0.99,1087,0,0,1,0
35.32,9,1,dining,0.153,0.115,1.9,1.48,2158,0,0,1,0
77.36,20,1,grocery,0.139,0.207,0.6,0.95,3532,0,0,0,0
12.83,11,4,clothing,0.123,0.34,5.6,0.98,2794,0,0,1,0
82.14,7,2,health_beauty,0.023,0.088,7.2,1.21,357,0,0,0,0
20.49,9,1,dining,0.238,0.085,6.5,1.26,791,0,0,1,0
50.22,5,1,clothing,0.353,0.212,11.5,1.3,2957,0,0,1,0
85.45,10,4,clothing,0.031,0.388,2.6,1.43,2674,1,0,0,0
95.56,18,3,electronics,0.207,0.091,1.9,0.92,2946,0,0,0,0
37.16,10,1,utilities,0.089,0.189,22.0,1.09,2927,2,0,0,0
21.58,10,1,electronics,0.196,0.063,16.2,1.2,3480,0,0,1,0
175.94,20,2,clothing,0.043,0.158,1.6,0.85,2035,0,0,0,0
54.33,7,3,health_beauty,0.261,0.143,30.3,0.72,1002,0,0,0,0
61.57,12,1,retail,0.077,0.088,14.1,0.69,1828,0,0,0,0
12.88,13,2,travel,0.1,0.028,8.2,1.24,1262,0,0,1,0
16.39,19,1,gas_transport,0.062,0.298,10.2,1.22,3005,0,0,1,0
35.01,8,1,grocery,0.01,0.034,20.3,1.05,2463,0,0,0,0
74.51,19,1,dining,0.126,0.238,9.7,1.46,208,0,0,1,0
24.14,17,1,entertainment,0.055,0.163,19.8,1.6,1305,0,0,0,0
28.32,14,3,clothing,0.45,0.019,14.4,0.8,3518,0,0,0,0
18.76,6,5,electronics,0.05,0.2,6.9,1.0,2146,0,0,1,0
63.3,10,1,grocery,0.165,0.033,9.7,1.09,3245,0,0,0,0
107.13,22,3,grocery,0.126,0.093,10.5,0.48,1652,0,0,1,0
22.69,8,1,retail,0.088,0.194,3.1,0.72,2624,0,0,1,0
17.42,13,1,dining,0.01,0.188,6.8,0.45,1661,0,0,1,0
24.68,8,3,utilities,0.136,0.249,0.3,1.18,3199,0,0,1,0
26.76,10,1,entertainment,0.151,0.108,54.0,0.84,987,1,0,1,0
29.03,14,1,grocery,0.08,0.384,88.8,1.17,2598,0,0,1,0
86.0,10,3,dining,0.077,0.086,12.7,1.38,1419,0,0,0,0
131.54,15,5,clothing,0.08,0.1,4.7,1.11,3584,2,0,1,0
13.1,6,3,grocery,0.421,0.43,27.2,0.83,2658,0,0,1,0
666.62,13,1,dining,0.22,0.409,6.1,1.02,2734,0,0,1,0
15.24,16,1,dining,0.028,0.243,3.0,0.77,2618,0,0,1,0
59.94,11,2,grocery,0.2,0.122,11.7,1.15,1903,0,0,0,0
44.56,16,6,dining,0.123,0.201,47.3,1.48,3553,0,0,1,0
142.98,8,1,gas_transport,0.195,0.268,8.3,1.06,667,0,0,1,0
33.04,8,2,health_beauty,0.24,0.179,48.1,1.05,1591,0,0,0,0
59.41,16,1,dining,0.124,0.282,22.5,1.32,1515,0,0,1,0
66.01,13,1,travel,0.01,0.014,20.9,0.85,362,0,0,0,0
14.31,10,1,gas_transport,0.039,0.279,0.4,1.2,288,0,0,1,0
49.04,20,1,dining,0.021,0.257,8.2,0.78,573,0,0,0,0
28.25,7,2,utilities,0.098,0.227,17.0,0.2,3533,0,0,1,0
44.77,20,1,gas_transport,0.072,0.5,26.1,1.01,2868,0,0,0,0
29.82,16,1,health_beauty,0.01,0.295,5.5,1.11,1616,0,0,1,0
56.67,14,7,dining,0.071,0.159,3.1,1.34,1479,0,1,0,0
10.38,17,2,entertainment,0.191,0.089,58.5,0.33,2098,0,0,0,0
5.0,9,4,entertainment,0.174,0.148,0.7,0.64,2070,2,0,1,0
120.0,2,4,clothing,0.492,0.664,656.7,2.32,112,0,1,1,1
14.08,12,3,gas_transport,0.141,0.328,6.0,1.24,642,0,0,0,0
39.74,4,2,grocery,0.117,0.385,23.2,0.91,2808,0,1,1,0
32.14,14,2,utilities,0.024,0.108,25.8,1.02,3282,0,0,1,0
78.58,20,1,dining,0.125,0.149,9.9,0.91,251,0,0,1,0
189.76,12,1,entertainment,0.146,0.049,8.9,1.12,1447,0,0,1,0
7.64,12,3,travel,0.047,0.186,17.4,0.6,2522,0,0,1,0
132.33,19,1,gas_transport,0.154,0.128,4.4,0.87,3110,0,0,1,0
23.7,14,4,grocery,0.01,0.125,0.3,0.87,2770,0,0,0,0
50.69,12,1,dining,0.044,0.162,33.7,1.27,3158,0,0,1,0
45.15,0,1,gas_transport,0.039,0.255,12.5,0.74,2831,0,0,0,0
15.87,10,1,dining,0.03,0.286,1.2,0.97,812,0,0,1,0
22.74,16,3,entertainment,0.174,0.34,3.8,0.87,383,0,0,0,0
52.5,10,1,clothing,0.095,0.069,0.5,1.14,1515,0,0,0,0
19.21,11,3,gas_transport,0.195,0.064,2.5,1.37,3367,0,0,0,0
38.94,12,2,grocery,0.446,0.206,9.6,1.14,2867,0,0,1,0
13.33,14,2,dining,0.45,0.014,1.3,0.89,1680,0,0,0,0
101.32,11,2,entertainment,0.01,0.037,57.1,1.46,1579,0,0,0,0
28.29,14,2,entertainment,0.212,0.149,5.2,1.2,2064,0,0,1,0
154.98,9,1,dining,0.077,0.051,20.4,0.39,1001,0,0,1,0
58.75,18,3,grocery,0.011,0.101,2.2,0.96,627,0,0,1,0
22.4,16,3,grocery,0.038,0.183,13.9,0.85,2312,0,0,1,0
14.36,11,2,entertainment,0.01,0.048,0.2,0.54,1304,0,0,1,0
42.53,17,2,dining,0.066,0.169,2.7,0.64,2080,0,0,0,0
26.77,5,1,clothing,0.384,0.091,22.4,0.86,3053,0,0,0,0
48.78,11,2,grocery,0.01,0.256,7.2,1.27,896,0,0,1,0
12.35,17,1,gas_transport,0.075,0.078,1.3,1.47,2963,0,0,1,0
52.51,11,3,dining,0.188,0.198,31.5,0.86,2849,0,0,0,0
28.66,13,2,dining,0.301,0.188,48.5,1.55,2189,0,0,1,0
16.77,13,1,clothing,0.1,0.07,25.6,1.01,405,0,0,0,0
110.18,11,4,dining,0.111,0.235,18.0,0.75,2996,0,0,1,0
220.01,8,1,utilities,0.146,0.1,4.5,0.49,2850,0,0,0,0
33.28,7,1,gas_transport,0.04,0.041,1.8,1.4,758,0,0,0,0
23.24,9,2,retail,0.262,0.296,4.0,0.92,1540,0,0,0,0
52.96,9,3,grocery,0.096,0.069,12.8,1.49,1959,0,0,0,0
39.36,16,1,utilities,0.089,0.128,26.3,1.47,3134,0,0,1,0
20.4,10,1,grocery,0.052,0.095,14.8,0.57,2673,0,0,1,0
8.88,10,2,electronics,0.051,0.076,3.4,0.93,3590,0,0,0,0
58.14,23,1,travel,0.134,0.404,0.3,0.71,701,0,0,1,0
10.23,7,1,dining,0.132,0.053,4.9,0.71,3484,0,0,0,0
42.75,9,3,grocery,0.054,0.144,2.5,0.84,1174,0,0,0,0
30.96,3,3,travel,0.112,0.232,4.7,0.53,1996,0,0,0,0
9.62,9,2,grocery,0.031,0.168,15.1,0.66,306,0,0,1,0
49.76,0,1,gas_transport,0.102,0.131,10.5,0.75,1701,0,0,1,0
56.26,7,2,clothing,0.301,0.271,4.5,1.01,639,0,0,1,0
124.74,13,1,entertainment,0.016,0.235,22.8,0.68,216,0,0,1,0
62.92,11,1,retail,0.315,0.214,4.8,0.62,3570,0,0,0,0
29.04,4,2,gas_transport,0.09,0.326,0.2,1.42,2435,0,0,1,0
489.9,18,7,travel,0.886,0.929,113.7,5.53,166,2,0,1,1
21.34,14,2,grocery,0.1,0.062,0.2,0.89,233,0,0,0,0
136.18,14,2,grocery,0.044,0.173,28.5,0.74,493,0,0,1,0
71.73,7,2,grocery,0.443,0.034,0.9,0.8,1747,0,0,1,0
112.14,7,2,electronics,0.073,0.203,20.8,0.85,3529,0,0,1,0
126.53,16,1,clothing,0.094,0.344,28.6,0.57,1703,0,0,1,0
44.33,9,1,entertainment,0.188,0.014,2.4,1.05,2259,0,0,0,0
21.92,11,3,grocery,0.01,0.024,4.2,0.72,776,0,0,1,0
27.64,7,1,travel,0.06,0.105,3.6,1.09,3581,0,0,0,0
61.3,14,2,gas_transport,0.104,0.253,1.8,0.86,1974,0,0,0,0
78.45,9,2,dining,0.137,0.239,39.3,0.52,638,0,0,1,0
77.82,9,2,entertainment,0.346,0.102,5.8,1.24,3051,0,0,1,0
296.58,16,3,entertainment,0.077,0.061,1.1,1.13,3554,0,0,0,0
367.2,19,3,gas_transport,0.111,0.022,36.5,1.02,332,0,0,1,0
32.22,6,2,entertainment,0.01,0.259,10.7,0.6,575,0,0,1,0
13.3,13,2,health_beauty,0.219,0.067,110.8,0.83,2523,0,0,1,0
312.37,1,10,travel,0.844,0.601,658.4,4.8,356,2,1,1,1
41.15,13,4,clothing,0.118,0.075,1.8,1.36,228,0,0,0,0
23.61,12,2,grocery,0.074,0.034,13.6,0.44,2676,0,0,1,0
120.0,4,10,travel,0.714,0.934,217.3,7.15,96,0,1,1,1
46.56,14,3,dining,0.051,0.279,4.8,0.76,2768,0,1,0,0
70.34,14,1,grocery,0.01,0.13,3.9,1.58,1095,0,0,0,0
40.42,5,1,clothing,0.074,0.154,8.6,1.17,1204,0,0,1,0
21.45,10,1,gas_transport,0.036,0.115,5.5,0.97,2090,0,0,0,0
4457.16,4,5,travel,0.824,0.712,273.2,4.14,189,3,1,1,1
24.28,17,3,gas_transport,0.037,0.08,0.1,1.14,1796,0,0,0,0
142.81,13,2,clothing,0.179,0.202,18.7,0.68,1626,0,0,0,0
5.91,17,1,dining,0.231,0.244,11.8,1.59,1869,0,0,0,0
96.88,9,1,health_beauty,0.092,0.156,1.5,1.3,3386,0,0,1,0
32.49,10,1,dining,0.108,0.043,2.3,0.77,922,0,0,0,0
57.88,12,4,dining,0.127,0.227,18.0,0.69,2104,0,0,1,0
31.65,11,1,grocery,0.334,0.5,2.5,1.48,3069,1,0,1,0
42.69,15,4,utilities,0.239,0.051,7.4,0.69,1780,0,0,1,0
25.29,11,1,grocery,0.116,0.142,4.8,1.22,2177,0,0,1,0
35.93,12,2,entertainment,0.022,0.046,49.5,1.24,1384,0,0,1,0
36.82,8,3,electronics,0.121,0.048,18.5,0.64,2661,0,0,1,0
78.73,4,4,clothing,0.01,0.125,5.0,1.2,399,0,0,1,0
58.6,14,2,grocery,0.098,0.228,9.5,1.41,721,0,0,0,0
33.92,14,2,gas_transport,0.22,0.261,40.9,0.78,332,0,0,1,0
27.89,15,1,gas_transport,0.01,0.121,8.4,0.96,644,0,0,0,0
70.64,18,3,dining,0.128,0.341,21.5,1.12,2438,0,0,1,0
63.1,11,3,grocery,0.231,0.249,0.6,1.14,1321,0,0,0,0
119.58,13,1,gas_transport,0.136,0.122,5.9,1.35,3577,0,0,1,0
31.64,3,2,grocery,0.07,0.056,7.8,0.92,804,0,0,0,0
24.1,7,1,utilities,0.214,0.097,2.3,0.79,838,0,0,1,0
57.69,11,2,clothing,0.025,0.01,2.5,1.41,3131,0,0,1,0
17.91,6,2,entertainment,0.13,0.5,11.1,1.35,2856,0,0,1,0
31.92,7,3,clothing,0.095,0.025,17.4,0.77,3553,0,0,1,0
116.99,17,3,clothing,0.129,0.106,25.1,0.92,487,0,1,1,0
28.67,14,1,dining,0.123,0.166,30.8,0.96,3066,0,0,0,0
19.96,18,1,dining,0.187,0.186,6.7,1.1,2663,0,0,1,0
18.06,10,1,travel,0.1,0.184,0.9,1.07,2687,0,0,0,0
36.92,14,2,health_beauty,0.325,0.221,2.7,1.11,370,0,0,1,0
61.82,13,2,grocery,0.106,0.043,3.1,1.3,2729,0,0,1,0
33.8,12,1,gas_transport,0.029,0.276,25.5,1.15,1200,0,0,1,0
126.17,7,2,dining,0.118,0.184,6.2,1.59,3144,0,0,1,0
18.23,17,1,grocery,0.016,0.036,1.9,1.16,364,0,0,0,0
66.51,15,1,retail,0.055,0.5,13.3,1.05,918,0,0,1,0
2950.42,1,10,gas_transport,0.564,0.656,31.7,9.35,20,1,0,0,1
20.22,17,2,travel,0.147,0.01,1.5,0.75,543,0,0,0,0
263.76,7,1,travel,0.031,0.483,1.7,1.14,1138,1,0,1,0
13.52,10,1,retail,0.01,0.344,14.4,0.87,1521,0,0,1,0
26.76,16,2,grocery,0.233,0.103,25.4,1.45,752,0,0,0,0
45.51,9,2,gas_transport,0.171,0.206,16.6,0.2,3303,0,0,1,0
1256.3,2,4,travel,0.804,0.714,576.9,3.29,22,1,0,1,1
1035.84,2,8,clothing,0.809,0.542,949.7,1.85,21,4,1,0,1
10.15,8,2,dining,0.099,0.349,13.2,0.88,428,0,0,1,0
7.54,20,1,grocery,0.012,0.5,6.9,1.19,2373,0,0,0,0
1478.29,11,8,retail,0.814,0.695,167.0,4.58,159,3,0,1,1
15.25,15,1,gas_transport,0.278,0.011,14.8,1.04,3422,0,0,1,0
387.09,17,4,electronics,0.094,0.072,10.9,0.55,1675,2,0,1,0
37.01,17,1,grocery,0.112,0.151,11.4,0.72,1696,0,0,1,0
285.87,23,8,electronics,0.508,0.797,2344.1,8.02,85,3,1,1,1
282.68,1,4,entertainment,0.929,0.931,99.6,1.8,171,1,0,1,1
620.94,5,8,electronics,0.749,0.696,688.7,7.07,9,2,0,1,1
11.89,14,1,electronics,0.235,0.5,0.1,1.2,3511,1,0,1,0
17.72,19,1,grocery,0.393,0.409,2.4,1.23,3145,0,0,1,0
44.99,10,2,grocery,0.176,0.16,9.1,1.23,878,0,0,1,0
119.65,13,1,dining,0.199,0.163,0.1,0.61,3019,0,0,0,0
33.73,17,2,grocery,0.186,0.078,12.4,1.07,1497,0,0,1,0
39.44,22,3,gas_transport,0.095,0.072,17.2,0.96,388,0,0,0,0
28.14,13,1,grocery,0.197,0.179,14.3,1.57,2376,0,0,0,0
60.65,18,3,retail,0.128,0.241,21.3,1.05,2869,0,0,1,0
18.14,8,1,grocery,0.198,0.011,1.6,1.02,2328,1,0,1,0
58.39,7,2,health_beauty,0.037,0.317,6.9,1.18,2143,0,0,0,0
29.54,10,1,dining,0.278,0.2,4.6,1.25,1624,0,0,0,0
29.44,7,1,dining,0.058,0.059,17.6,1.09,938,0,0,1,0
36.3,15,2,utilities,0.211,0.071,9.0,1.27,715,0,0,1,0
37.34,9,4,travel,0.201,0.26,10.9,1.05,2624,0,0,1,0
37.07,19,1,grocery,0.128,0.098,10.7,1.33,895,0,0,1,0
25.34,16,2,grocery,0.113,0.112,0.2,1.1,2531,0,0,1,0
11.05,12,2,utilities,0.092,0.421,32.9,1.56,660,0,0,1,0
39.98,19,1,dining,0.037,0.044,4.2,1.6,1515,0,0,1,0
37.95,2,2,dining,0.052,0.056,24.8,0.92,1121,0,0,0,0
25.74,11,3,grocery,0.136,0.332,2.7,0.54,3177,0,0,1,0
105.0,0,5,gas_transport,0.051,0.294,23.4,1.03,1985,0,0,1,0
33.37,13,3,gas_transport,0.016,0.224,3.0,1.24,1690,0,0,1,0
6.19,17,3,travel,0.143,0.067,5.8,1.37,3088,0,0,1,0
116.98,13,3,dining,0.024,0.18,2.0,1.56,1979,1,0,1,0
286.6,11,2,clothing,0.065,0.161,5.0,1.5,3189,0,0,1,0
29.99,19,1,utilities,0.131,0.077,11.4,1.2,550,0,0,1,0
99.16,16,1,retail,0.113,0.095,15.1,1.07,924,0,0,0,0
63.37,9,3,electronics,0.105,0.082,13.6,0.78,2397,0,0,0,0
160.07,14,1,dining,0.142,0.034,1.8,0.87,2177,0,0,0,0
19.57,9,1,grocery,0.01,0.121,10.9,0.8,1878,0,0,1,0
86.79,18,2,dining,0.031,0.18,6.4,0.8,2898,0,0,1,0
28.72,9,1,gas_transport,0.238,0.342,2.8,0.78,327,0,0,1,0
27.41,9,1,dining,0.018,0.037,13.3,0.61,3458,0,0,1,0
60.99,9,5,grocery,0.019,0.079,6.0,1.57,833,0,0,1,0
115.72,12,1,grocery,0.359,0.103,18.6,0.9,1511,0,0,1,0
26.34,11,1,clothing,0.026,0.232,3.3,1.13,2225,0,0,0,0
74.31,12,3,health_beauty,0.013,0.028,7.2,1.11,2511,0,0,0,0
18.56,17,3,dining,0.084,0.288,2.3,1.09,2943,0,0,1,0
19.28,7,3,grocery,0.13,0.109,0.1,1.07,2294,0,0,0,0
24.11,16,1,grocery,0.067,0.284,7.8,1.35,822,0,0,1,0
32.59,17,2,grocery,0.149,0.164,23.9,1.37,2467,0,0,1,0
82.6,5,2,clothing,0.031,0.323,9.5,0.79,2402,0,0,1,0
21.04,16,4,dining,0.031,0.358,14.0,0.63,1049,0,0,0,0
105.05,12,1,grocery,0.081,0.322,0.2,1.34,697,0,1,1,0
68.01,10,1,entertainment,0.038,0.141,19.5,1.43,2562,0,0,0,0
171.04,14,3,gas_transport,0.05,0.156,5.6,1.0,3134,0,0,1,0
23.87,7,2,electronics,0.067,0.29,24.2,0.93,282,0,0,1,0
191.22,9,3,health_beauty,0.267,0.21,4.2,0.94,3589,0,0,0,0
18.98,13,1,utilities,0.09,0.196,33.4,0.82,903,0,0,1,0
18.3,0,1,utilities,0.301,0.226,30.4,0.77,2386,0,0,1,0
102.86,17,2,gas_transport,0.325,0.5,1.0,1.0,421,0,0,1,0
55.88,11,1,travel,0.071,0.173,15.9,1.11,2126,0,0,0,0
32.11,8,2,entertainment,0.01,0.305,0.2,1.39,1013,0,0,0,0
165.86,9,1,grocery,0.026,0.043,23.2,0.86,2998,0,0,1,0
117.31,8,1,clothing,0.108,0.176,6.5,1.31,2155,0,0,1,0
41.35,18,4,health_beauty,0.072,0.077,19.5,0.61,1230,0,0,0,0
42.9,15,1,grocery,0.019,0.072,6.6,0.91,3443,0,0,1,0
74.85,14,4,grocery,0.087,0.028,14.7,0.83,1511,0,0,1,0
58.45,8,1,grocery,0.041,0.156,4.1,1.11,314,0,0,0,0
50.08,20,2,travel,0.012,0.209,1.4,1.31,2880,0,0,1,0
9.92,9,1,grocery,0.032,0.406,2.0,1.54,3332,0,0,1,0
23.63,11,1,grocery,0.079,0.19,23.6,0.92,881,0,0,1,0
32.86,18,1,dining,0.018,0.184,7.3,0.79,2704,0,0,1,0
41.91,10,1,grocery,0.094,0.168,4.9,0.88,277,0,0,1,0
36.94,11,1,health_beauty,0.178,0.283,3.4,0.77,1255,0,0,0,0
62.03,13,1,dining,0.1,0.219,9.3,1.01,365,0,0,0,0
55.98,15,2,entertainment,0.057,0.118,7.4,0.63,242,0,0,0,0
21.59,13,1,utilities,0.044,0.139,9.3,1.17,1405,0,0,1,0
106.75,11,3,electronics,0.152,0.365,11.2,0.7,572,1,1,0,0
13.12,10,4,retail,0.088,0.071,0.3,1.56,833,0,0,0,0
112.48,14,1,clothing,0.017,0.124,4.2,0.91,1684,0,0,0,0
176.75,15,2,entertainment,0.056,0.167,40.4,0.88,436,0,0,1,0
69.95,14,1,electronics,0.236,0.01,13.1,1.17,752,0,1,0,0
36.13,12,4,utilities,0.042,0.194,1.5,0.84,2988,0,0,0,0
36.57,13,3,entertainment,0.2,0.256,4.2,1.42,3136,0,0,1,0
18.42,12,1,travel,0.037,0.162,5.6,1.62,1249,0,0,1,0
56.51,10,1,clothing,0.228,0.071,8.6,1.14,3407,0,0,0,0
62.95,8,1,grocery,0.206,0.388,7.2,0.54,1282,0,0,0,0
30.66,3,1,dining,0.276,0.139,25.9,1.08,2296,0,0,1,0
30.82,8,2,gas_transport,0.072,0.107,3.8,0.9,325,0,0,0,0
50.94,9,3,retail,0.057,0.107,0.7,1.38,2186,0,0,1,0
41.96,17,1,grocery,0.044,0.066,0.7,0.29,2555,0,1,0,0
19.3,21,3,gas_transport,0.089,0.358,0.6,1.11,1150,0,0,0,0
434.45,15,1,utilities,0.079,0.236,4.5,0.77,3222,0,0,0,0
37.62,15,1,grocery,0.046,0.425,4.5,0.53,3309,0,0,0,0
22.11,18,2,clothing,0.038,0.174,2.3,0.79,2795,0,0,0,0
33.25,13,1,entertainment,0.301,0.04,5.9,1.23,1590,0,0,0,0
22.64,15,1,grocery,0.106,0.05,16.2,0.82,2128,0,0,0,0
33.74,11,3,grocery,0.16,0.272,0.2,1.31,637,0,0,1,0
35.43,13,2,grocery,0.236,0.152,13.8,0.55,1394,0,0,1,0
14.8,19,4,gas_transport,0.076,0.109,42.9,1.25,470,0,0,1,0
7.99,16,2,utilities,0.251,0.085,1.9,0.26,1378,0,0,1,0
36.24,8,2,clothing,0.228,0.168,22.1,0.99,3374,0,0,1,0
30.13,7,1,dining,0.049,0.115,17.5,1.05,1375,0,0,1,0
216.6,16,2,entertainment,0.128,0.264,9.2,1.35,1307,0,0,1,0
27.9,15,1,travel,0.023,0.406,9.2,0.99,2368,2,0,1,0
316.79,4,15,electronics,0.904,0.733,64.5,9.22,77,4,1,1,1
18.05,13,2,gas_transport,0.136,0.255,5.9,0.74,2161,1,0,1,0
48.65,6,1,gas_transport,0.071,0.075,4.2,1.12,622,0,0,1,0
83.82,11,2,gas_transport,0.045,0.323,42.4,0.96,539,0,0,1,0
18.72,14,1,clothing,0.058,0.243,1.9,0.58,913,0,0,0,0
31.27,14,2,grocery,0.246,0.211,5.4,1.03,2907,0,0,0,0
34.89,16,1,grocery,0.302,0.243,33.0,1.39,1509,0,0,1,0
47.83,10,1,utilities,0.138,0.257,6.5,1.32,3527,0,0,0,0
38.55,16,4,retail,0.015,0.085,12.3,1.82,912,0,0,1,0
1298.86,4,3,electronics,0.76,0.878,861.4,1.8,151,2,1,0,1
24.07,13,3,grocery,0.067,0.017,8.0,1.34,737,0,0,1,0
151.56,2,1,dining,0.207,0.083,32.0,0.96,1741,0,0,0,0
28.56,9,1,retail,0.281,0.032,17.0,1.32,692,0,0,1,0
27.5,11,1,dining,0.159,0.242,2.0,1.17,2146,0,0,0,0
158.35,23,3,travel,0.822,0.745,613.9,3.91,220,3,1,1,1
82.88,18,2,clothing,0.194,0.382,4.6,0.2,559,0,0,0,0
635.47,23,10,clothing,0.847,0.696,1101.8,8.65,66,1,0,1,1
433.35,1,9,travel,0.785,0.653,803.3,6.04,17,1,0,1,1
40.55,22,3,retail,0.082,0.2,7.8,1.42,2444,0,0,0,0
77.97,14,1,electronics,0.146,0.084,1.8,1.39,1344,0,0,0,0
58.98,14,1,grocery,0.151,0.479,0.4,1.02,2483,0,0,0,0
46.38,9,1,dining,0.064,0.172,16.3,1.33,3093,0,0,0,0
65.23,11,1,dining,0.019,0.08,55.8,1.21,1008,0,1,0,0
14.35,10,1,dining,0.256,0.169,3.9,0.55,1736,0,0,0,0
117.75,5,2,dining,0.069,0.347,6.6,1.53,437,0,0,1,0
18.87,15,2,health_beauty,0.444,0.236,21.9,1.36,2006,0,0,1,0
22.18,9,4,gas_transport,0.044,0.138,8.8,0.81,442,0,0,0,0
22.67,11,3,grocery,0.011,0.375,15.5,1.42,1061,0,0,0,0
68.74,21,3,utilities,0.237,0.062,11.8,0.76,1306,0,0,0,0
37.32,17,2,health_beauty,0.316,0.26,44.3,0.71,2491,0,0,0,0
153.52,9,5,retail,0.189,0.048,4.2,0.75,672,0,0,1,0
86.18,19,1,gas_transport,0.124,0.148,8.8,1.18,870,0,0,1,0
97.91,15,2,grocery,0.104,0.331,4.9,1.05,411,0,0,1,0
58.07,8,1,gas_transport,0.285,0.03,43.4,0.7,294,0,0,1,0
19.09,11,1,dining,0.259,0.075,21.0,0.92,2531,0,0,0,0
12.94,18,5,grocery,0.021,0.028,7.5,0.98,2887,0,0,1,0
38.45,17,2,grocery,0.141,0.261,3.6,1.19,1583,0,0,0,0
53.83,12,1,utilities,0.094,0.282,6.7,1.29,1376,1,0,1,0
28.63,10,3,electronics,0.066,0.025,18.2,0.79,1153,0,1,1,0
40.48,11,4,travel,0.283,0.057,15.7,0.71,1187,0,0,1,0
106.82,13,1,gas_transport,0.169,0.02,12.7,0.87,1290,0,0,1,0
990.32,17,5,electronics,0.859,0.35,17.5,4.94,171,4,1,1,1
27.8,10,1,grocery,0.019,0.124,5.6,1.22,1975,0,0,0,0
100.02,19,1,gas_transport,0.083,0.149,3.3,0.27,2295,0,0,0,0
51.54,7,3,grocery,0.026,0.125,2.1,1.22,1640,0,0,1,0
26.45,5,2,dining,0.024,0.04,1.5,1.22,2932,0,0,0,0
70.74,19,1,entertainment,0.02,0.276,2.5,1.14,1421,0,0,0,0
573.77,16,8,clothing,0.681,0.596,2208.6,7.32,65,3,1,1,1
337.46,23,7,entertainment,0.95,0.578,1099.3,4.96,14,4,1,1,1
15.23,9,3,health_beauty,0.014,0.05,19.2,0.65,2143,0,0,0,0
64.06,18,1,dining,0.076,0.381,6.1,0.46,1049,0,0,1,0
90.64,10,4,dining,0.017,0.023,19.8,1.02,3563,0,0,0,0
40.89,2,1,travel,0.06,0.293,27.5,0.56,620,0,0,0,0
23.11,18,7,grocery,0.082,0.225,1.1,0.52,1952,0,0,0,0
18.83,12,1,grocery,0.135,0.4,2.6,0.45,1695,0,0,1,0
36.66,20,1,entertainment,0.059,0.104,26.3,1.02,3544,0,0,0,0
1899.76,3,6,clothing,0.86,0.833,233.0,6.66,43,1,1,1,1
29.89,12,3,grocery,0.147,0.068,46.8,1.51,3494,0,0,1,0
23.5,11,1,dining,0.048,0.03,1.3,0.44,2752,0,0,1,0
96.18,14,1,utilities,0.364,0.1,10.2,0.52,3125,0,0,1,0
23.47,9,3,retail,0.114,0.182,58.8,0.6,1068,0,0,0,0
22.91,10,1,grocery,0.128,0.184,1.4,0.97,291,0,0,1,0
78.33,10,2,health_beauty,0.034,0.21,5.0,0.88,2006,0,0,1,0
24.51,1,1,utilities,0.261,0.126,23.5,0.52,1167,0,0,1,0
22.44,16,2,dining,0.301,0.041,8.1,0.91,873,0,0,1,0
27.37,7,1,retail,0.206,0.275,5.7,1.19,1228,0,0,0,0
28.83,12,1,clothing,0.052,0.038,6.0,0.93,2828,0,1,1,0
129.05,14,5,health_beauty,0.015,0.08,1.1,0.71,583,0,0,1,0
31.62,2,1,health_beauty,0.053,0.067,15.1,0.92,1816,0,1,0,0
30.97,11,2,retail,0.01,0.084,22.4,0.98,3563,0,0,0,0
10.64,8,3,grocery,0.139,0.13,10.3,1.29,2164,0,0,0,0
72.98,2,1,dining,0.072,0.082,0.3,0.54,2832,0,0,0,0
62.99,18,2,gas_transport,0.445,0.193,10.4,1.14,1264,0,0,1,0
79.08,8,1,health_beauty,0.295,0.491,7.8,0.96,2712,0,1,0,0
377.37,18,5,clothing,0.787,0.542,504.5,5.24,253,2,1,1,1
58.8,15,2,electronics,0.05,0.198,1.1,0.99,289,0,0,1,0
35.14,17,1,gas_transport,0.093,0.222,25.6,1.48,2215,0,0,1,0
5.0,11,4,clothing,0.059,0.282,43.7,0.63,1316,0,0,1,0
119.48,17,3,gas_transport,0.225,0.373,23.8,0.78,2868,0,0,0,0
5.12,18,3,grocery,0.099,0.182,22.0,1.21,2819,0,0,0,0
28.52,17,2,travel,0.324,0.097,29.4,1.31,440,0,0,1,0
8.43,17,1,utilities,0.329,0.307,3.3,1.1,2909,0,0,1,0
140.28,5,11,electronics,0.741,0.412,441.0,7.93,220,1,0,1,1
27.47,19,1,entertainment,0.032,0.439,18.4,0.92,1180,0,0,0,0
351.23,20,9,electronics,0.877,0.59,291.8,5.4,559,1,0,1,1
189.33,17,1,retail,0.082,0.124,3.8,1.03,1615,0,0,0,0
44.88,14,1,grocery,0.133,0.245,31.9,0.77,3003,0,0,1,0
1021.27,23,8,clothing,0.751,0.883,1170.0,4.08,134,4,1,1,1
44.82,18,2,clothing,0.278,0.173,1.3,1.02,3127,0,0,0,0
11.65,10,1,gas_transport,0.392,0.115,13.1,0.61,2641,0,0,0,0
22.63,14,1,travel,0.124,0.202,9.2,1.61,1365,0,0,1,0
79.48,6,1,grocery,0.223,0.294,2.8,1.08,3144,0,0,0,0
70.59,21,1,entertainment,0.102,0.039,3.9,0.68,2170,0,0,1,0
148.04,12,4,clothing,0.248,0.412,7.4,0.93,3419,0,0,1,0
95.77,15,3,dining,0.225,0.12,13.7,0.99,3579,0,1,1,0
115.57,9,1,dining,0.104,0.406,24.4,0.85,2321,0,0,0,0
16.14,1,4,utilities,0.037,0.105,2.1,1.07,245,0,0,0,0
59.29,7,2,dining,0.087,0.057,9.9,1.2,1724,0,0,1,0
14.65,19,2,entertainment,0.071,0.097,7.6,0.58,1250,2,0,1,0
54.86,6,1,utilities,0.01,0.086,13.8,0.92,2889,0,0,0,0
14.34,14,2,dining,0.09,0.127,12.4,1.52,1967,0,0,0,0
30.53,9,2,health_beauty,0.145,0.191,24.8,1.06,1028,0,0,0,0
76.94,16,4,grocery,0.119,0.208,35.9,1.28,2126,0,0,0,0
17.2,11,1,dining,0.23,0.148,1.0,1.04,1968,0,0,0,0
166.27,12,1,travel,0.02,0.346,0.8,1.11,664,0,0,1,0
59.79,12,7,clothing,0.063,0.269,23.9,0.65,431,0,0,1,0
57.69,5,2,clothing,0.18,0.208,56.0,0.86,602,0,0,0,0
20.98,9,1,utilities,0.116,0.074,3.1,0.55,3459,0,1,0,0
27.0,21,2,grocery,0.017,0.09,3.7,1.54,2244,0,0,1,0
84.71,10,1,clothing,0.171,0.39,1.6,0.98,2884,1,1,0,0
22.57,15,6,utilities,0.437,0.289,4.3,1.14,3184,0,1,0,0
75.56,7,1,retail,0.15,0.212,38.1,0.51,3085,0,0,1,0
651.89,4,8,travel,0.803,0.653,107.1,3.85,231,2,1,1,1
64.1,11,3,electronics,0.027,0.159,37.0,1.12,374,0,0,1,0
62.08,13,1,health_beauty,0.152,0.064,17.6,0.73,2281,0,0,0,0
55.02,22,2,utilities,0.118,0.335,8.4,1.4,3561,0,0,0,0
387.12,2,6,clothing,0.736,0.665,623.0,5.01,134,2,1,1,1
41.56,10,2,health_beauty,0.079,0.362,1.6,1.03,1091,0,0,1,0
50.61,16,2,grocery,0.237,0.221,41.6,0.46,1677,0,0,1,0
28.01,11,2,grocery,0.106,0.103,1.0,1.17,3336,0,1,1,0
45.4,23,1,utilities,0.029,0.135,0.7,0.7,1071,0,1,1,0
54.48,6,1,grocery,0.324,0.181,30.2,1.2,672,0,0,0,0
47.11,9,2,dining,0.067,0.166,1.3,0.94,2403,0,0,1,0
1473.89,5,7,electronics,0.675,0.938,1126.2,2.89,104,4,1,1,1
1202.75,20,7,retail,0.942,0.478,658.4,1.8,33,0,0,1,1
5.0,16,2,entertainment,0.09,0.089,6.1,0.93,2111,0,0,1,0
144.13,2,5,entertainment,0.885,0.834,93.2,10.33,466,1,1,1,1
17.92,5,1,gas_transport,0.21,0.205,3.9,1.59,2209,0,0,1,0
55.89,15,3,entertainment,0.068,0.04,2.3,0.63,734,0,0,0,0
39.32,9,5,health_beauty,0.021,0.405,6.3,0.87,1646,0,0,1,0
310.01,1,6,dining,0.893,0.782,1260.3,1.8,418,0,1,1,1
356.39,17,5,travel,0.913,0.747,1037.0,6.23,2,2,1,1,1
106.87,11,1,electronics,0.124,0.192,19.8,1.13,953,0,0,1,0
111.3,16,1,dining,0.126,0.101,6.4,0.87,3373,0,0,1,0
32.83,14,2,grocery,0.083,0.247,25.6,0.71,1694,0,0,1,0
25.36,16,2,electronics,0.083,0.158,9.3,1.31,790,0,0,0,0
23.74,10,2,utilities,0.437,0.295,9.5,1.16,230,0,0,1,0
4445.29,3,10,travel,0.479,0.45,1149.3,4.65,245,4,0,1,1
24.37,11,3,grocery,0.288,0.075,3.1,0.97,1680,0,0,1,0
67.8,12,1,entertainment,0.162,0.159,4.8,0.69,1245,0,0,0,0
88.46,12,2,utilities,0.19,0.204,6.3,1.32,1373,0,0,1,0
53.44,13,1,electronics,0.021,0.084,3.0,0.92,2000,0,0,0,0
122.85,22,5,grocery,0.167,0.018,0.6,0.99,1037,0,0,0,0
18.19,11,1,dining,0.19,0.125,23.8,1.59,807,0,0,1,0
48.15,18,5,grocery,0.077,0.224,13.6,0.35,233,0,0,0,0
84.77,16,2,grocery,0.115,0.168,8.6,0.74,3136,0,0,1,0
59.55,14,1,health_beauty,0.078,0.146,20.5,0.7,3250,0,0,0,0
8.84,15,2,grocery,0.029,0.145,22.0,1.19,1206,0,0,0,0
50.35,9,1,dining,0.052,0.046,0.9,1.26,2948,0,0,0,0
941.1,23,6,travel,0.783,0.794,19.8,5.18,29,0,1,1,1
79.84,10,3,entertainment,0.373,0.361,10.0,0.89,2355,0,0,0,0
23.51,19,1,clothing,0.057,0.183,16.4,0.51,2129,0,0,0,0
12.63,5,2,electronics,0.115,0.12,16.8,0.98,2674,0,0,0,0
4800.0,17,11,dining,0.513,0.894,196.5,6.41,142,2,1,1,1
22.15,10,2,retail,0.147,0.178,13.5,0.99,1932,0,0,0,0
26.88,6,1,travel,0.15,0.096,47.0,1.39,2001,0,0,1,0
39.83,10,2,gas_transport,0.033,0.13,20.4,0.81,208,0,0,0,0
33.21,0,3,grocery,0.01,0.136,4.8,1.17,3296,0,0,0,0
69.26,8,3,grocery,0.218,0.024,1.9,1.0,2463,0,0,1,0
20.61,11,3,retail,0.051,0.01,4.8,1.38,2612,0,0,1,0
113.01,10,3,grocery,0.021,0.131,17.0,0.98,1274,2,0,0,0
45.47,7,1,retail,0.168,0.163,22.8,0.97,677,0,0,1,0
620.3,12,2,gas_transport,0.059,0.023,3.6,0.96,2782,0,0,0,0
23.27,9,1,grocery,0.097,0.129,6.7,1.6,1020,0,0,1,0
78.18,9,3,dining,0.15,0.133,0.5,1.35,1801,0,0,0,0
126.77,9,2,dining,0.232,0.082,7.9,0.91,2566,0,0,1,0
16.72,8,3,entertainment,0.233,0.194,19.2,0.85,1600,0,0,1,0
9.51,14,2,entertainment,0.05,0.5,2.6,1.08,3257,0,0,1,0
50.55,21,2,gas_transport,0.264,0.31,22.7,0.78,451,0,0,0,0
19.78,4,1,utilities,0.358,0.056,6.5,0.54,2911,0,0,0,0
31.05,10,1,gas_transport,0.203,0.079,6.2,1.23,2006,0,0,0,0
124.25,18,1,grocery,0.091,0.023,45.1,1.06,731,1,0,1,0
32.8,10,2,clothing,0.147,0.072,0.5,1.3,196,0,0,1,0
71.4,17,2,grocery,0.209,0.101,3.6,0.91,636,0,0,0,0
95.81,14,6,grocery,0.017,0.238,20.8,0.79,982,0,0,1,0
114.19,8,3,grocery,0.285,0.01,13.7,1.23,2651,0,0,1,0
57.95,19,2,electronics,0.023,0.278,13.8,1.13,2084,0,0,1,0
86.53,13,3,travel,0.026,0.01,24.7,0.75,1057,0,0,0,0
106.32,9,1,entertainment,0.231,0.316,0.3,0.67,3554,0,1,0,0
118.71,12,2,clothing,0.057,0.075,14.0,0.83,1238,0,1,1,0
7.74,12,1,entertainment,0.012,0.023,58.2,1.04,2444,0,0,0,0
120.0,22,5,retail,0.64,0.474,187.2,7.48,369,0,0,1,1
330.54,9,2,gas_transport,0.214,0.104,15.2,0.68,2085,0,0,1,0
29.47,13,2,dining,0.019,0.092,1.9,0.98,2241,2,0,1,0
6.02,13,1,grocery,0.342,0.137,13.4,1.18,2611,0,1,1,0
65.35,4,2,health_beauty,0.273,0.303,1.4,1.34,2671,0,1,1,0
204.36,22,1,utilities,0.035,0.223,13.7,1.55,821,0,0,0,0
32.08,22,3,grocery,0.206,0.285,27.0,0.95,2382,0,0,1,0
62.75,8,1,electronics,0.106,0.13,4.4,1.82,1565,0,0,1,0
597.58,12,4,electronics,0.783,0.774,1449.0,6.84,73,0,1,1,1
87.73,2,3,grocery,0.015,0.115,6.4,0.51,1722,0,0,0,0
45.41,8,1,clothing,0.051,0.025,42.0,1.16,781,0,0,1,0
120.0,4,6,entertainment,0.885,0.898,411.3,5.12,74,1,1,1,1
10.61,16,1,dining,0.088,0.062,0.7,0.67,1443,0,1,1,0
10.86,6,3,electronics,0.15,0.02,12.1,1.04,856,0,0,0,0
139.27,17,1,dining,0.094,0.04,7.3,0.8,256,0,0,0,0
480.14,4,6,electronics,0.645,0.479,763.4,6.34,412,3,1,1,1
623.96,11,6,electronics,0.689,0.695,15.0,9.72,33,0,1,1,1
45.93,16,3,dining,0.14,0.101,11.6,0.73,3580,0,0,1,0
27.38,16,2,gas_transport,0.01,0.2,5.3,1.07,1397,0,0,0,0
40.16,17,2,dining,0.118,0.205,22.9,1.13,964,0,0,1,0
93.62,6,1,grocery,0.131,0.472,11.6,0.85,2571,0,0,0,0
48.89,8,4,clothing,0.22,0.036,15.1,0.79,1256,0,0,0,0
35.73,8,3,grocery,0.199,0.325,12.4,0.78,582,0,0,0,0
28.29,10,1,travel,0.149,0.092,23.1,1.1,2570,0,0,0,0
20.82,17,8,entertainment,0.02,0.382,9.4,1.48,3518,2,0,1,0
24.05,10,5,grocery,0.051,0.273,0.2,1.42,2750,0,0,1,0
88.6,13,1,electronics,0.229,0.023,11.4,0.67,2817,0,0,0,0
98.37,8,3,clothing,0.314,0.366,4.6,0.91,2927,0,0,1,0
129.68,14,3,gas_transport,0.148,0.129,6.2,1.19,1355,0,1,1,0
328.45,17,1,travel,0.066,0.176,47.6,1.19,2978,0,0,1,0
182.16,13,1,grocery,0.01,0.296,11.7,0.87,463,0,0,0,0
48.56,6,2,dining,0.355,0.068,2.2,0.64,1381,0,0,0,0
2990.95,21,9,electronics,0.826,0.616,493.5,4.5,561,3,1,0,1
93.25,14,1,utilities,0.029,0.184,34.1,0.61,1188,0,0,0,0
19.21,14,4,grocery,0.027,0.026,11.0,0.87,1244,0,0,0,0
86.37,0,2,grocery,0.312,0.121,10.7,1.21,3079,0,1,0,0
107.84,14,2,grocery,0.112,0.209,3.6,1.36,3438,1,0,1,0
222.49,11,1,clothing,0.213,0.244,22.9,1.66,726,0,0,1,0
176.33,23,6,entertainment,0.871,0.547,36.3,3.87,6,2,1,1,1
55.09,13,5,health_beauty,0.263,0.072,3.3,1.32,879,2,0,0,0
36.55,20,3,travel,0.19,0.07,18.4,1.2,2168,0,1,1,0
25.38,6,4,retail,0.13,0.119,13.5,0.82,1320,0,0,1,0
39.23,21,1,gas_transport,0.202,0.313,22.0,0.79,641,2,0,0,0
28.94,19,2,entertainment,0.222,0.049,0.2,0.89,2849,0,0,1,0
87.0,16,1,gas_transport,0.05,0.082,49.6,1.04,520,0,0,1,0
109.87,14,3,health_beauty,0.221,0.047,2.7,0.65,1522,0,0,1,0
140.2,15,3,dining,0.284,0.021,15.0,1.1,1034,0,0,0,0
6.06,8,2,clothing,0.01,0.188,14.6,0.85,272,0,0,1,0
96.76,17,1,entertainment,0.186,0.122,4.8,1.18,309,0,0,1,0
125.67,8,1,electronics,0.307,0.445,5.2,0.6,1044,0,0,1,0
9.34,14,2,electronics,0.152,0.106,2.6,0.94,1100,0,0,1,0
53.06,7,1,clothing,0.038,0.161,28.3,0.51,1306,0,0,0,0
100.76,5,2,gas_transport,0.051,0.075,28.9,1.38,1099,0,0,1,0
8.15,7,2,electronics,0.111,0.432,5.4,1.11,671,0,1,0,0
28.41,11,2,clothing,0.01,0.279,20.3,1.28,1026,0,0,0,0
72.97,18,1,travel,0.059,0.204,6.7,1.23,1811,0,0,1,0
23.67,8,1,dining,0.032,0.045,28.1,1.1,797,0,0,1,0
89.81,19,1,grocery,0.275,0.158,2.0,0.74,808,0,0,1,0
38.94,7,3,gas_transport,0.441,0.094,9.5,1.12,2649,0,0,1,0
45.72,7,1,travel,0.089,0.066,20.8,0.46,1883,0,0,0,0
26.17,12,1,dining,0.171,0.01,25.3,1.4,807,0,0,0,0
79.26,16,2,clothing,0.034,0.255,2.7,1.06,2083,0,0,1,0
15.7,15,1,retail,0.168,0.198,6.7,0.92,2594,0,0,1,0
16.44,15,1,gas_transport,0.253,0.148,13.8,0.89,2795,0,0,0,0
122.74,8,2,entertainment,0.026,0.037,14.6,1.44,1923,0,0,0,0
24.46,14,2,gas_transport,0.385,0.234,2.7,1.19,778,0,0,0,0
96.0,7,2,grocery,0.054,0.204,0.9,1.22,1629,0,0,1,0
54.06,16,2,grocery,0.143,0.246,8.1,0.86,3368,0,0,1,0
27.49,15,2,retail,0.065,0.074,8.0,1.38,268,0,0,1,0
31.39,7,1,grocery,0.088,0.032,13.5,0.84,3250,1,0,0,0
1337.39,3,5,electronics,0.768,0.668,759.2,6.72,100,0,0,1,1
473.25,2,8,electronics,0.679,0.899,968.5,8.97,50,3,0,1,1
82.37,7,2,gas_transport,0.317,0.022,11.8,0.45,1988,0,0,0,0
292.9,17,10,travel,0.835,0.568,2304.4,1.8,287,0,0,1,1
30.25,20,1,dining,0.45,0.18,1.0,0.44,2317,0,0,1,0
24.58,15,7,grocery,0.126,0.173,12.6,1.11,2890,0,0,0,0
40.14,15,2,dining,0.019,0.142,9.6,0.67,3449,0,0,1,0
22.48,10,4,gas_transport,0.139,0.298,11.5,0.77,717,0,0,0,0
27.64,11,3,gas_transport,0.078,0.396,11.6,0.45,1181,0,0,1,0
15.04,17,1,clothing,0.287,0.016,6.0,1.38,1263,0,0,1,0
52.54,18,3,gas_transport,0.113,0.267,1.1,0.64,1910,0,0,1,0
21.87,17,2,dining,0.289,0.155,9.3,1.25,900,0,0,1,0
48.79,17,5,retail,0.164,0.124,4.8,1.22,2392,0,0,1,0
107.72,15,1,grocery,0.061,0.131,62.5,1.0,3310,0,0,1,0
75.45,13,3,electronics,0.088,0.127,5.5,1.25,2472,0,0,1,0
8.85,17,2,utilities,0.282,0.217,1.9,1.43,3087,0,0,0,0
60.86,13,4,grocery,0.058,0.026,20.1,0.84,2708,0,1,1,0
33.23,11,1,grocery,0.011,0.346,0.3,1.04,1558,0,0,0,0
67.94,16,3,electronics,0.056,0.11,12.5,0.6,2229,0,0,0,0
11.76,20,1,electronics,0.036,0.296,1.0,0.74,2583,0,0,0,0
99.35,2,1,dining,0.158,0.121,0.2,1.2,3058,0,0,0,0
16.52,9,1,grocery,0.321,0.079,0.1,0.33,960,0,0,1,0
38.96,14,1,dining,0.111,0.221,20.4,0.91,1940,0,0,1,0
24.83,16,1,clothing,0.215,0.154,2.9,0.45,1758,0,0,0,0
95.8,23,2,clothing,0.039,0.242,7.5,0.71,1066,0,0,1,0
96.65,15,1,grocery,0.262,0.131,12.3,0.73,1579,0,0,1,0
33.49,7,1,gas_transport,0.45,0.047,0.2,1.43,1619,0,0,0,0
170.49,13,1,retail,0.123,0.129,10.0,0.9,2626,0,0,0,0
123.4,16,3,dining,0.103,0.27,15.4,0.89,362,0,0,0,0
9.97,13,3,utilities,0.198,0.5,13.0,0.74,579,0,0,1,0
71.95,17,1,grocery,0.079,0.167,3.2,1.13,1767,0,0,1,0
188.05,18,1,dining,0.046,0.138,36.7,1.12,1364,0,0,0,0
5.0,15,3,clothing,0.176,0.172,27.1,1.4,2453,1,1,1,0
53.5,15,6,gas_transport,0.236,0.172,6.0,0.41,3521,0,0,0,0
119.0,19,1,dining,0.048,0.342,2.4,0.93,809,0,0,1,0
141.25,14,2,health_beauty,0.101,0.085,1.1,0.46,447,0,0,1,0
73.59,6,3,grocery,0.3,0.051,12.3,0.25,1892,0,0,0,0
12.61,9,1,electronics,0.01,0.137,8.2,1.29,1723,0,0,1,0
67.49,6,3,gas_transport,0.145,0.5,10.3,0.29,2996,2,0,0,0
90.46,8,1,utilities,0.167,0.101,4.9,1.27,2232,0,0,0,0
31.7,8,1,entertainment,0.012,0.237,6.5,0.92,1141,0,0,1,0
61.59,17,1,grocery,0.324,0.076,13.4,1.4,1307,0,0,1,0
159.1,10,1,electronics,0.257,0.147,19.1,0.69,2483,0,0,1,0
8.27,7,2,gas_transport,0.304,0.146,7.7,1.01,2518,0,0,1,0
14.6,10,2,clothing,0.174,0.085,4.5,1.15,1833,0,0,0,0
57.47,10,3,health_beauty,0.03,0.012,22.9,0.96,2819,0,0,0,0
73.03,15,1,health_beauty,0.039,0.134,21.6,1.26,1605,0,0,0,0
27.35,12,3,gas_transport,0.061,0.164,9.7,1.38,2553,0,0,0,0
30.41,9,1,clothing,0.013,0.287,3.2,0.98,2763,0,0,0,0
70.16,15,1,clothing,0.312,0.137,15.4,0.71,1191,0,0,0,0
20.68,9,1,gas_transport,0.26,0.223,1.3,0.97,514,0,1,0,0
78.84,17,2,dining,0.012,0.022,10.3,0.8,1466,0,0,0,0
52.38,4,2,grocery,0.2,0.313,55.4,0.44,1257,0,0,0,0
93.79,11,4,dining,0.203,0.102,1.1,0.89,2498,1,0,0,0
39.01,8,1,grocery,0.085,0.25,0.4,1.1,2958,0,0,1,0
154.46,22,7,travel,0.897,0.78,303.8,3.85,13,3,1,1,1
172.09,21,2,entertainment,0.401,0.173,6.3,0.98,1509,0,0,1,0
184.35,6,4,electronics,0.774,0.517,685.7,5.44,34,3,0,1,1
113.72,14,1,entertainment,0.043,0.041,26.2,0.39,2188,0,0,0,0
182.35,0,3,electronics,0.904,0.667,105.3,6.14,7,4,0,1,1
58.84,10,1,gas_transport,0.166,0.042,27.7,0.68,2084,0,0,1,0
77.14,22,1,gas_transport,0.199,0.102,1.4,0.91,860,0,0,0,0
64.02,9,1,entertainment,0.134,0.235,11.5,0.96,985,0,0,1,0
70.18,16,2,travel,0.033,0.183,22.1,1.08,2501,1,0,1,0
24.94,12,1,clothing,0.028,0.115,25.3,1.08,799,0,0,1,0
68.37,12,1,entertainment,0.226,0.232,0.8,2.0,613,0,0,0,0
467.58,12,8,clothing,0.835,0.934,351.6,7.46,76,2,0,1,1
157.48,14,3,grocery,0.293,0.05,9.3,0.85,2946,0,0,0,0
16.99,18,2,gas_transport,0.076,0.113,0.4,0.75,349,0,0,1,0
71.09,11,1,travel,0.044,0.058,8.3,0.94,2471,0,0,1,0
42.57,15,2,entertainment,0.042,0.2,5.5,1.25,621,0,0,0,0
67.98,11,1,grocery,0.146,0.064,10.3,1.49,2890,0,0,1,0
24.4,2,1,entertainment,0.059,0.07,12.4,0.85,2160,0,1,1,0
14.6,18,1,gas_transport,0.124,0.052,3.9,0.92,927,0,0,0,0
49.87,17,1,health_beauty,0.149,0.405,40.0,1.14,3027,0,0,1,0
120.0,22,3,clothing,0.978,0.715,224.8,5.62,619,1,0,1,1
27.19,14,5,grocery,0.198,0.1,10.0,1.43,2787,0,0,1,0
120.0,3,9,travel,0.917,0.787,381.7,2.46,235,1,1,1,1
66.26,11,1,clothing,0.028,0.23,9.1,1.35,295,0,0,1,0
85.57,12,1,gas_transport,0.061,0.263,10.3,0.65,3162,0,0,0,0
61.09,17,2,retail,0.177,0.064,7.9,0.82,1236,0,0,1,0
12.16,18,2,electronics,0.134,0.245,5.2,1.23,865,0,0,1,0
13.21,15,1,electronics,0.057,0.107,24.3,0.69,2365,0,0,1,0
140.48,21,3,clothing,0.072,0.08,9.4,1.44,2713,0,0,1,0
120.44,15,4,dining,0.149,0.101,12.9,0.98,453,0,0,0,0
123.76,15,1,grocery,0.034,0.05,12.9,1.05,2842,0,0,0,0
24.57,13,1,health_beauty,0.153,0.399,0.2,0.69,301,0,0,1,0
88.83,9,2,dining,0.172,0.036,11.7,1.1,3407,0,0,0,0
48.49,6,1,gas_transport,0.01,0.342,5.1,1.18,1235,0,0,1,0
85.63,11,1,electronics,0.018,0.068,2.4,1.04,1779,0,0,0,0
44.31,19,2,dining,0.191,0.308,25.7,0.81,2431,0,0,0,0
61.09,14,4,retail,0.154,0.194,0.1,0.74,2923,0,0,1,0
13.79,20,1,clothing,0.21,0.212,8.8,1.57,461,0,0,0,0
16.18,15,2,utilities,0.391,0.176,7.4,0.69,1345,0,1,1,0
89.77,8,1,clothing,0.011,0.02,1.2,0.9,982,0,0,0,0
62.12,10,2,grocery,0.052,0.08,3.9,1.0,1537,0,0,1,0
15.08,17,3,grocery,0.23,0.029,1.7,1.1,2351,0,0,1,0
39.92,11,1,dining,0.169,0.405,24.9,1.25,2266,0,0,1,0
4765.61,22,11,retail,0.846,0.737,388.5,8.46,227,1,0,1,1
208.05,17,1,dining,0.043,0.107,4.5,1.09,435,0,0,0,0
162.0,17,2,utilities,0.24,0.088,2.1,1.05,2870,0,0,1,0
186.75,14,1,health_beauty,0.045,0.099,54.0,1.1,1527,0,0,1,0
44.12,20,1,dining,0.04,0.081,0.7,1.45,183,0,0,1,0
31.29,19,1,grocery,0.45,0.127,38.5,1.27,774,0,0,0,0
35.88,15,2,gas_transport,0.17,0.139,36.0,1.34,3526,0,0,1,0
54.89,6,1,grocery,0.377,0.126,3.9,1.03,2286,0,0,1,0
17.2,4,1,retail,0.024,0.064,5.2,1.2,1510,0,0,0,0
68.19,9,1,grocery,0.144,0.01,9.9,0.71,767,0,0,1,0
79.84,13,1,travel,0.095,0.117,7.0,1.18,1084,0,0,1,0
26.55,14,2,health_beauty,0.192,0.101,1.6,0.83,185,0,0,0,0
10.1,17,1,retail,0.156,0.214,13.5,0.46,3386,0,0,1,0
29.43,9,2,grocery,0.213,0.374,16.2,0.9,2837,0,0,1,0
61.31,10,4,electronics,0.175,0.183,8.9,1.05,2054,1,0,1,0
35.7,13,1,clothing,0.24,0.079,2.2,1.08,2057,0,0,1,0
97.23,9,1,travel,0.176,0.135,1.0,1.39,1687,0,0,1,0
14.28,9,3,clothing,0.056,0.145,17.9,0.85,1590,0,0,0,0
515.72,1,10,clothing,0.7,0.829,624.6,4.2,27,2,1,1,1
35.7,16,1,clothing,0.09,0.308,13.3,1.04,784,0,0,0,0
59.45,15,1,dining,0.165,0.317,2.3,0.64,2634,0,0,0,0
49.45,13,1,gas_transport,0.035,0.152,18.4,1.24,1131,0,0,1,0
83.9,23,1,dining,0.201,0.3,10.4,0.83,2633,0,0,1,0
45.43,15,1,gas_transport,0.1,0.216,36.0,1.03,1376,0,0,0,0
31.06,16,2,retail,0.257,0.01,1.1,1.0,597,0,0,0,0
2425.94,18,3,electronics,0.829,0.734,459.8,9.28,102,2,1,1,1
36.82,8,1,electronics,0.134,0.087,25.7,0.86,1519,0,0,0,0
338.42,23,2,clothing,0.27,0.141,1.9,0.34,2438,0,0,1,0
71.13,18,1,dining,0.01,0.152,0.8,0.76,1614,0,0,0,0
14.92,9,2,dining,0.078,0.034,1.0,1.07,1096,0,0,1,0
19.2,16,1,travel,0.208,0.47,13.0,0.65,2773,0,0,0,0
26.35,16,2,gas_transport,0.317,0.033,8.3,0.64,2908,0,0,1,0
171.2,15,2,grocery,0.044,0.171,27.5,0.93,2523,0,0,0,0
28.25,11,2,dining,0.135,0.153,2.4,1.14,1290,0,0,0,0
164.92,5,2,entertainment,0.098,0.209,3.5,1.6,424,0,0,1,0
55.23,1,1,clothing,0.088,0.416,3.5,0.82,449,0,0,1,0
6.6,18,2,grocery,0.325,0.149,14.0,0.84,2958,0,0,0,0
77.83,12,1,dining,0.01,0.201,6.6,0.98,897,0,0,0,0
39.64,16,1,grocery,0.035,0.077,36.4,0.6,2289,0,0,1,0
5.0,10,3,entertainment,0.209,0.097,28.6,1.24,2351,0,0,0,0
801.92,2,8,electronics,0.739,0.802,189.3,3.26,54,4,1,1,1
31.62,11,1,gas_transport,0.21,0.496,2.2,1.14,276,0,0,1,0
87.04,9,3,gas_transport,0.066,0.14,5.2,1.05,241,0,0,0,0
12.73,20,2,clothing,0.218,0.177,2.7,1.07,1945,0,0,0,0
9.82,21,1,electronics,0.107,0.196,8.4,1.49,784,0,0,1,0
51.92,21,1,gas_transport,0.023,0.082,17.8,0.98,2690,0,0,1,0
14.5,5,4,electronics,0.203,0.107,71.7,0.89,1938,0,0,1,0
49.77,15,3,dining,0.048,0.177,8.8,0.73,3521,0,0,1,0
97.08,18,1,gas_transport,0.113,0.106,18.7,0.87,532,0,0,1,0
222.91,15,4,grocery,0.016,0.286,2.7,1.31,3073,0,0,1,0
32.1,21,2,grocery,0.125,0.089,22.6,0.96,3571,0,0,0,0
38.05,19,1,dining,0.04,0.306,1.6,0.43,1387,0,0,0,0
30.82,6,2,dining,0.084,0.04,18.3,1.06,3086,0,0,1,0
38.88,9,1,health_beauty,0.051,0.5,3.6,0.59,887,1,0,0,0
18.48,14,2,entertainment,0.147,0.135,8.1,1.58,2786,0,0,0,0
80.87,19,1,retail,0.045,0.5,7.5,1.19,241,0,0,1,0
24.17,13,3,grocery,0.109,0.364,20.4,1.04,525,0,0,1,0
13.31,15,3,grocery,0.041,0.156,12.7,1.43,1910,0,0,1,0
47.02,20,2,gas_transport,0.012,0.111,3.1,1.1,707,0,0,0,0
25.25,11,1,grocery,0.069,0.124,5.1,0.35,3548,0,0,1,0
50.37,15,1,gas_transport,0.037,0.123,5.0,0.82,1305,0,0,1,0
165.18,1,5,health_beauty,0.569,0.713,1907.7,2.46,40,2,1,1,1
91.03,14,3,grocery,0.047,0.023,7.4,0.98,2545,0,0,0,0
289.89,0,6,travel,0.762,0.35,295.4,3.28,243,1,0,1,1
139.23,10,1,clothing,0.025,0.25,29.2,0.75,568,0,1,1,0
77.81,14,1,clothing,0.097,0.412,5.0,0.69,3359,0,0,1,0
74.62,18,1,dining,0.154,0.048,9.6,0.87,2759,0,0,1,0
22.93,18,2,entertainment,0.184,0.081,28.8,1.0,942,0,0,1,0
30.23,0,2,clothing,0.015,0.5,2.7,1.1,687,0,0,0,0
21.69,8,1,gas_transport,0.176,0.04,2.3,0.2,2177,0,0,0,0
49.12,10,1,grocery,0.174,0.038,24.7,1.38,1246,0,0,1,0
35.29,12,3,grocery,0.046,0.022,3.6,0.84,768,0,0,0,0
54.43,9,1,utilities,0.051,0.298,7.5,1.28,550,2,0,1,0
15.36,14,1,travel,0.12,0.229,16.6,1.22,944,0,0,1,0
219.13,14,1,gas_transport,0.045,0.016,12.5,1.22,2186,0,0,1,0
13.3,6,3,grocery,0.037,0.071,1.2,0.9,1110,0,0,1,0
66.46,13,2,utilities,0.085,0.175,7.5,1.16,1230,0,0,1,0
20.1,8,2,travel,0.024,0.227,27.0,0.71,600,0,0,0,0
17.8,1,2,gas_transport,0.236,0.111,3.1,0.79,249,0,0,0,0
44.37,12,2,electronics,0.062,0.013,5.3,0.73,2643,0,0,0,0
34.42,15,2,travel,0.034,0.5,13.3,1.01,857,0,0,1,0
58.11,10,3,grocery,0.029,0.343,13.6,1.18,2970,0,0,1,0
26.55,18,1,gas_transport,0.14,0.097,3.2,0.48,2095,0,0,0,0
20.38,8,2,entertainment,0.045,0.227,3.6,1.28,1074,0,0,0,0
15.71,13,1,grocery,0.029,0.452,22.0,1.15,490,0,0,0,0
88.54,13,2,dining,0.057,0.061,1.0,0.23,2401,0,0,0,0
49.08,8,4,dining,0.073,0.01,25.1,0.96,2199,0,0,0,0
203.88,8,2,utilities,0.23,0.16,0.7,1.22,2280,0,0,0,0
28.47,14,1,gas_transport,0.113,0.064,2.5,1.07,1203,0,0,1,0
35.15,11,1,entertainment,0.104,0.132,20.9,0.43,2392,0,0,1,0
20.25,12,1,grocery,0.038,0.5,12.8,0.76,1673,0,0,1,0
18.0,13,1,grocery,0.054,0.225,4.2,1.28,3096,0,0,1,0
59.2,1,2,dining,0.125,0.114,0.9,1.1,2179,0,0,0,0
119.94,9,1,grocery,0.17,0.198,14.2,0.2,301,0,0,1,0
38.88,10,2,grocery,0.033,0.139,0.4,1.25,824,0,0,1,0
78.42,14,6,utilities,0.051,0.231,15.3,1.16,2128,0,0,1,0
356.05,18,10,electronics,0.769,0.833,801.5,2.35,115,0,0,1,1
7.58,17,2,grocery,0.208,0.156,35.2,1.56,339,0,0,0,0
190.56,10,1,gas_transport,0.099,0.118,9.9,0.49,2349,0,0,0,0
115.6,12,4,gas_transport,0.01,0.023,0.1,0.77,3057,1,0,1,0
189.83,15,3,electronics,0.176,0.224,3.2,1.13,3184,0,0,1,0
96.82,17,1,dining,0.043,0.377,3.6,1.11,1151,0,1,0,0
48.33,10,1,dining,0.221,0.114,2.2,0.74,3080,0,0,1,0
42.97,11,3,clothing,0.239,0.272,2.3,0.65,1363,0,0,0,0
1792.43,15,10,travel,0.97,0.877,15.0,10.16,201,2,0,1,1
15.2,13,2,entertainment,0.035,0.169,40.9,0.54,2974,0,0,1,0
59.16,15,1,dining,0.178,0.105,1.3,0.64,1759,0,0,0,0
14.82,10,2,dining,0.434,0.5,5.5,0.74,3241,0,0,0,0
73.06,18,1,gas_transport,0.147,0.163,15.4,1.2,1635,0,1,1,0
49.98,12,1,grocery,0.098,0.268,19.6,0.55,277,0,0,1,0
28.24,6,1,dining,0.198,0.153,6.2,1.21,1446,0,0,1,0
26.68,9,3,clothing,0.049,0.081,17.1,0.45,1443,0,0,0,0
23.1,9,3,gas_transport,0.129,0.221,7.1,0.92,621,0,0,1,0
43.25,16,3,electronics,0.015,0.265,11.4,1.35,2968,0,0,0,0
50.96,8,2,electronics,0.01,0.257,0.4,0.86,842,0,0,0,0
25.55,16,1,gas_transport,0.101,0.033,9.3,0.64,2929,0,0,0,0
52.58,20,1,gas_transport,0.159,0.024,5.8,0.85,1503,1,0,0,0
11.31,6,1,entertainment,0.108,0.454,1.0,1.42,1888,0,0,0,0
